dom_i_ogrod,Wyposa¿enie,Dywany i dywaniki,DYWAN 160x220 CANVAS BCF MIÊKKI W£OS PLUSZOWY,https://allegro.pl/oferta/dywan-160x220-canvas-bcf-miekki-wlos-pluszowy-7531967910,98,530,8.0
dom_i_ogrod,Wyposa¿enie,Dywany i dywaniki,Miêciutki Wysoki Dywan Pluszowy 140x200 PLUSZ,https://allegro.pl/oferta/mieciutki-wysoki-dywan-pluszowy-140x200-plusz-8654297089,89,218,3.0
dom_i_ogrod,Wyposa¿enie,Dywany i dywaniki,DYWAN 180x250 CANVAS BCF MIÊKKI W£OS PLUSZOWY,https://allegro.pl/oferta/dywan-180x250-canvas-bcf-miekki-wlos-pluszowy-6865732433,129,388,6.0
dom_i_ogrod,Wyposa¿enie,Dywany i dywaniki,DYWAN 120x170 CANVAS BCF MIÊKKI W£OS PLUSZOWY,https://allegro.pl/oferta/dywan-120x170-canvas-bcf-miekki-wlos-pluszowy-7531966257,69,634,10.0
dom_i_ogrod,Wyposa¿enie,Dywany i dywaniki,Sztuczna trawa RAPID 3cm taras balkon ogród 1.33m,https://allegro.pl/oferta/sztuczna-trawa-rapid-3cm-taras-balkon-ogrod-1-33m-9129226792,8,36,0.0
dom_i_ogrod,Wyposa¿enie,Poœciele i koce,DWUSTRONNA NARZUTA NA £Ó¯KO PIKOWANA 160x200 KOC,https://allegro.pl/oferta/dwustronna-narzuta-na-lozko-pikowana-160x200-koc-8209429898,40,773,1.0
dom_i_ogrod,Wyposa¿enie,Poœciele i koce,POŒCIEL BAWE£NA 160X200 2 POSZEWKI + PRZEŒCIERAD£O,https://allegro.pl/oferta/posciel-bawelna-160x200-2-poszewki-przescieradlo-9045115858,54,817,1.0
dom_i_ogrod,Wyposa¿enie,Poœciele i koce,PRZEŒCIERAD£O JERSEY Z GUMK¥ 160x200 cm GRUBE,https://allegro.pl/oferta/przescieradlo-jersey-z-gumka-160x200-cm-grube-5961740019,21,2397,10.0
dom_i_ogrod,Wyposa¿enie,Poœciele i koce,KOMPLET POŒCIELI 160x200 + 2 POSZEWKI poœciel,https://allegro.pl/oferta/komplet-poscieli-160x200-2-poszewki-posciel-6893811625,34,678,0.0
dom_i_ogrod,Wyposa¿enie,Poœciele i koce,POŒCIEL 200x220 + 2 POSZEWKI + PRZEŒCIERAD£O,https://allegro.pl/oferta/posciel-200x220-2-poszewki-przescieradlo-6877855083,44,629,0.0
dom_i_ogrod,Wyposa¿enie,Zas³ony,MATOWE ZAS£ONY GOTOWE na przelotkach 145x250 KÓ£KA,https://allegro.pl/oferta/matowe-zaslony-gotowe-na-przelotkach-145x250-kolka-7146753058,29,1229,9.0
dom_i_ogrod,Wyposa¿enie,Zas³ony,GOTOWE ZAS£ONY ZACIEMNIAJ¥CE GRUBE KÓ£KA PRZELOTKI,https://allegro.pl/oferta/gotowe-zaslony-zaciemniajace-grube-kolka-przelotki-9104306822,54,183,1.0
dom_i_ogrod,Wyposa¿enie,Zas³ony,GOTOWE ZAS£ONY ZACIEMNIAJ¥CE GRUBE NA ¯ABKI TAŒMIE,https://allegro.pl/oferta/gotowe-zaslony-zaciemniajace-grube-na-zabki-tasmie-9106547891,59,116,0.0
dom_i_ogrod,Wyposa¿enie,Zas³ony,MATOWE ZAS£ONY GOTOWE NA ¯ABKI 145x250 NA TAŒMIE,https://allegro.pl/oferta/matowe-zaslony-gotowe-na-zabki-145x250-na-tasmie-7830599372,29,1127,8.0
dom_i_ogrod,Wyposa¿enie,Zas³ony,GOTOWE ZAS£ONY NA ¯ABKI 140x250 ZAS£ONA NA TAŒMIE,https://allegro.pl/oferta/gotowe-zaslony-na-zabki-140x250-zaslona-na-tasmie-7825913759,32,1382,10.0
dom_i_ogrod,Wyposa¿enie,Rêczniki,4szt KOMPLET RÊCZNIKÓW PIRUU 2x 70x140 + 2x 50x100,https://allegro.pl/oferta/4szt-komplet-recznikow-piruu-2x-70x140-2x-50x100-7464231851,45,438,10.0
dom_i_ogrod,Wyposa¿enie,Rêczniki,4 x KOMPLET RÊCZNIKÓW 2x 70x140 2x 50x100 RÊCZNIKI,https://allegro.pl/oferta/4-x-komplet-recznikow-2x-70x140-2x-50x100-reczniki-7981986715,48,80,0.0
dom_i_ogrod,Wyposa¿enie,Rêczniki,KOMPLET RÊCZNIKÓW 4szt 2x 70x140 2x 50x90 RÊCZNIKI,https://allegro.pl/oferta/komplet-recznikow-4szt-2x-70x140-2x-50x90-reczniki-7682240503,54,285,6.0
dom_i_ogrod,Wyposa¿enie,Rêczniki,KOMPLET RÊCZNIKÓW 2-70x140 2-50x90 RÊCZNIK 4 szt,https://allegro.pl/oferta/komplet-recznikow-2-70x140-2-50x90-recznik-4-szt-7443981943,54,274,5.0
dom_i_ogrod,Wyposa¿enie,Rêczniki,KOMPLET RÊCZNIKÓW FROTE 6x 50x100cm RÊCZNIKI GRUBE,https://allegro.pl/oferta/komplet-recznikow-frote-6x-50x100cm-reczniki-grube-8902443735,44,140,2.0
dom_i_ogrod,Wyposa¿enie,Garnki i patelnie,Komplet garnków Konighoffer Tasos 8 el. indukcja,https://allegro.pl/oferta/komplet-garnkow-konighoffer-tasos-8-el-indukcja-9122475792,159,148,0.0
dom_i_ogrod,Wyposa¿enie,Garnki i patelnie,Komplet garnków stal Tadar Kaja 8 el. indukcja,https://allegro.pl/oferta/komplet-garnkow-stal-tadar-kaja-8-el-indukcja-8343221862,84,214,2.0
dom_i_ogrod,Wyposa¿enie,Garnki i patelnie,Komplet 3 patelnie granitowe Konighoffer 20/24/28,https://allegro.pl/oferta/komplet-3-patelnie-granitowe-konighoffer-20-24-28-8039962208,114,492,10.0
dom_i_ogrod,Wyposa¿enie,Garnki i patelnie,GARNKI HOFFNER ZESTAW 12el INDUKCJA GAZ 5xDNO 4450,https://allegro.pl/oferta/garnki-hoffner-zestaw-12el-indukcja-gaz-5xdno-4450-8002308316,213,226,2.0
dom_i_ogrod,Wyposa¿enie,Garnki i patelnie,KOMPLET GARNKÓW 12e Zestaw GARNKI Patelnia TW 191,https://allegro.pl/oferta/komplet-garnkow-12e-zestaw-garnki-patelnia-tw-191-7698412708,104,241,3.0
dom_i_ogrod,Wyposa¿enie,Zastawa sto³owa,SZTUÆCE KOMPLET ZESTAW SZTUÆCÓW 48 el DLA 12 OSÓB,https://allegro.pl/oferta/sztucce-komplet-zestaw-sztuccow-48-el-dla-12-osob-7899666493,39,186,3.0
dom_i_ogrod,Wyposa¿enie,Zastawa sto³owa,SZKLANKI TERMICZNE 350ML DO KAWY LATTE ZESTAW 6SZT,https://allegro.pl/oferta/szklanki-termiczne-350ml-do-kawy-latte-zestaw-6szt-9105477398,75,504,10.0
dom_i_ogrod,Wyposa¿enie,Zastawa sto³owa,Zestaw Obiadowy Serwis EPIRI 18el Talerz KWADRAT,https://allegro.pl/oferta/zestaw-obiadowy-serwis-epiri-18el-talerz-kwadrat-7779187607,199,99,1.0
dom_i_ogrod,Wyposa¿enie,Zastawa sto³owa,Serwis komplet talerzy porcelana Delicate 18 el.,https://allegro.pl/oferta/serwis-komplet-talerzy-porcelana-delicate-18-el-8219013988,74,72,0.0
dom_i_ogrod,Wyposa¿enie,Zastawa sto³owa,Komplet 6 szklanek do kawy Caffe Latte 270 ml,https://allegro.pl/oferta/komplet-6-szklanek-do-kawy-caffe-latte-270-ml-8783887635,24,230,4.0
dom_i_ogrod,Wyposa¿enie,Przybory kuchenne,ORGANIZER NA POJEMNIKI PÓ£KA DO SZAFKI KUCHNI,https://allegro.pl/oferta/organizer-na-pojemniki-polka-do-szafki-kuchni-9047309070,31,54,0.0
dom_i_ogrod,Wyposa¿enie,Przybory kuchenne,Komplet garnków Konighoffer Tasos 8 el. indukcja,https://allegro.pl/oferta/komplet-garnkow-konighoffer-tasos-8-el-indukcja-9122475792,159,148,2.0
dom_i_ogrod,Wyposa¿enie,Przybory kuchenne,Naklejki na przyprawy 144szt etykiety na s³oiki cz,https://allegro.pl/oferta/naklejki-na-przyprawy-144szt-etykiety-na-sloiki-cz-8426504101,16,148,2.0
dom_i_ogrod,Wyposa¿enie,Przybory kuchenne,STOLNICA SILIKONOWA MATA PODK£ADKA KUCHENNA XXL,https://allegro.pl/oferta/stolnica-silikonowa-mata-podkladka-kuchenna-xxl-8896650862,25,488,10.0
dom_i_ogrod,Wyposa¿enie,Przybory kuchenne,HOFFEN KRAJALNICA SPIRALNA WARZYW 2w1 SZATKOWNICA,https://allegro.pl/oferta/hoffen-krajalnica-spiralna-warzyw-2w1-szatkownica-8842883922,34,176,3.0
dom_i_ogrod,Wyposa¿enie,Zabawne gad¿ety,PREZENT NA DZIEÑ MAMY DONICZKA NA KWIATY + GRATIS,https://allegro.pl/oferta/prezent-na-dzien-mamy-doniczka-na-kwiaty-gratis-9214081182,29,9,0.0
dom_i_ogrod,Wyposa¿enie,Zabawne gad¿ety,Zestaw prezent dzieñ mamy taty miód herbata ciastk,https://allegro.pl/oferta/zestaw-prezent-dzien-mamy-taty-miod-herbata-ciastk-9211175843,59,10,0.0
dom_i_ogrod,Wyposa¿enie,Zabawne gad¿ety,Drewniana DONICZKA prezent na Dzieñ Matki MAMY,https://allegro.pl/oferta/drewniana-doniczka-prezent-na-dzien-matki-mamy-9193810346,29,51,10.0
dom_i_ogrod,Wyposa¿enie,Zabawne gad¿ety,Dzieñ Mamy Matki prezent DYPLOM Tabliczka,https://allegro.pl/oferta/dzien-mamy-matki-prezent-dyplom-tabliczka-9175853591,29,11,0.0
dom_i_ogrod,Wyposa¿enie,Zabawne gad¿ety,DREWNIANE NOSID£O z GRAWEREM NA PREZENT DLA MAMY,https://allegro.pl/oferta/drewniane-nosidlo-z-grawerem-na-prezent-dla-mamy-9172045921,18,12,1.0
dom_i_ogrod,Wyposa¿enie,Akcesoria ³azienkowe,5 LAT GWARANCJI WAGA £AZIENKOWA BLUETOOTH FIT 18w1,https://allegro.pl/oferta/5-lat-gwarancji-waga-lazienkowa-bluetooth-fit-18w1-8818074239,58,511,8.0
dom_i_ogrod,Wyposa¿enie,Akcesoria ³azienkowe,MOBILNA SZAFKA REGA£ NA KÓ£KACH PÓ£KA £AZIENKOWA,https://allegro.pl/oferta/mobilna-szafka-regal-na-kolkach-polka-lazienkowa-7896493143,40,288,5.0
dom_i_ogrod,Wyposa¿enie,Akcesoria ³azienkowe,TWARDA DESKA WC SEDESOWA WOLNOOPADAJ¥CA WYPINANA !,https://allegro.pl/oferta/twarda-deska-wc-sedesowa-wolnoopadajaca-wypinana-6321765554,51,617,10.0
dom_i_ogrod,Wyposa¿enie,Akcesoria ³azienkowe,Zestaw ³azienkowy szczotka WC bia³y ceram Harmony,https://allegro.pl/oferta/zestaw-lazienkowy-szczotka-wc-bialy-ceram-harmony-8537634864,72,11,0.0
dom_i_ogrod,Wyposa¿enie,Akcesoria ³azienkowe,KOSZ NA PRANIE Z BAMBUSA NATURALNY POJEMNIK 100 L,https://allegro.pl/oferta/kosz-na-pranie-z-bambusa-naturalny-pojemnik-100-l-8455623231,63,230,4.0
dom_i_ogrod,Narzêdzia,Wkrêtarki,DU¯Y ZESTAW WKRÊTARKA WIERTARKA 2AKU18V NA PREZENT,https://allegro.pl/oferta/duzy-zestaw-wkretarka-wiertarka-2aku18v-na-prezent-8259988080,219,327,10.0
dom_i_ogrod,Narzêdzia,Wkrêtarki,WIERTARKO-WKRÊTARKA AKUMULATOROWA 18V 2xAK WALIZKA,https://allegro.pl/oferta/wiertarko-wkretarka-akumulatorowa-18v-2xak-walizka-7913048122,127,293,9.0
dom_i_ogrod,Narzêdzia,Wkrêtarki,Wiertarko-wkrêtarka 14 4V  1 5Ah  GRAPHITE 58G218,https://allegro.pl/oferta/wiertarko-wkretarka-14-4v-1-5ah-graphite-58g218-8359880218,179,221,6.0
dom_i_ogrod,Narzêdzia,Wkrêtarki,Wkrêtarka AKUMULATOROWA Wiertarka LI-I 2x2.8Ah 20V,https://allegro.pl/oferta/wkretarka-akumulatorowa-wiertarka-li-i-2x2-8ah-20v-9125326248,229,177,4.0
dom_i_ogrod,Narzêdzia,Wkrêtarki,Wkrêtarka STANLEY FMC625D2 2x2Ah Udar + ADAPTERY,https://allegro.pl/oferta/wkretarka-stanley-fmc625d2-2x2ah-udar-adaptery-8453787299,464,84,0.0
dom_i_ogrod,Narzêdzia,Pi³y i pilarki,PI£A SPALINOWA £AÑCUCHOWA 5 2KM +3 OLEJE,https://allegro.pl/oferta/pila-spalinowa-lancuchowa-5-2km-3-oleje-7240360854,389,233,6.0
dom_i_ogrod,Narzêdzia,Pi³y i pilarki,PI£A UKOSOWA UKOŒNICA PILARKA PARKSIDE 1500W 2107,https://allegro.pl/oferta/pila-ukosowa-ukosnica-pilarka-parkside-1500w-2107-8446449841,349,76,0.0
dom_i_ogrod,Narzêdzia,Pi³y i pilarki,Pilarka tarczowa rêczna Pi³a elektryczna 2 Tarcze,https://allegro.pl/oferta/pilarka-tarczowa-reczna-pila-elektryczna-2-tarcze-7894776400,175,322,10.0
dom_i_ogrod,Narzêdzia,Pi³y i pilarki,PILARKA TARCZOWA STO£OWA KRAJZEGA DO DREWNA,https://allegro.pl/oferta/pilarka-tarczowa-stolowa-krajzega-do-drewna-8980846850,225,89,1.0
dom_i_ogrod,Narzêdzia,Pi³y i pilarki,PILARKA PI£A STO£OWA HS100S SCHEPPACH Germany +Tar,https://allegro.pl/oferta/pilarka-pila-stolowa-hs100s-scheppach-germany-tar-9055674541,889,116,2.0
dom_i_ogrod,Narzêdzia,Szlifierki i polerki,Akumulatorowa Szlifierka K¹towa MAKITA DGA452Z 18V,https://allegro.pl/oferta/akumulatorowa-szlifierka-katowa-makita-dga452z-18v-8752852784,374,51,0.0
dom_i_ogrod,Narzêdzia,Szlifierki i polerki,SZLIFIERKA K¥TOWA 900W 125mm GWS 9-125 S BOSCH,https://allegro.pl/oferta/szlifierka-katowa-900w-125mm-gws-9-125-s-bosch-6992041420,285,347,10.0
dom_i_ogrod,Narzêdzia,Szlifierki i polerki,SZLIFIERKA MIMOŒRODOWA OSCYLACYJNA 125mm + PAPIER,https://allegro.pl/oferta/szlifierka-mimosrodowa-oscylacyjna-125mm-papier-8314361202,108,197,5.0
dom_i_ogrod,Narzêdzia,Szlifierki i polerki,SZLIFIERKA K¥TOWA 1150W 125mm REGULACJA OBROTÓW,https://allegro.pl/oferta/szlifierka-katowa-1150w-125mm-regulacja-obrotow-9068736756,89,153,3.0
dom_i_ogrod,Narzêdzia,Szlifierki i polerki,SZLIFIERKA TAŒMOWA CZYSZCZARKA DO DREWNA,https://allegro.pl/oferta/szlifierka-tasmowa-czyszczarka-do-drewna-8428744324,149,154,4.0
dom_i_ogrod,Narzêdzia,Spawarki,SPAWARKA INWERTOROWA WELD MASTER 330A TIG + ZESTAW,https://allegro.pl/oferta/spawarka-inwertorowa-weld-master-330a-tig-zestaw-7781157954,469,429,10.0
dom_i_ogrod,Narzêdzia,Spawarki,SPAWARKA MIGOMAT MAG TIG 230A 3w1 + ZESTAW PM BuP,https://allegro.pl/oferta/spawarka-migomat-mag-tig-230a-3w1-zestaw-pm-bup-7828564048,1599,52,1.0
dom_i_ogrod,Narzêdzia,Spawarki,SPAWARKA 2w1 MIGOMAT Magnum MIG MMA zestaw,https://allegro.pl/oferta/spawarka-2w1-migomat-magnum-mig-mma-zestaw-7287536986,1226,28,0.0
dom_i_ogrod,Narzêdzia,Spawarki,SPAWARKA INWERTOROWA Inwerterowa LCD 260 MMA IGBT,https://allegro.pl/oferta/spawarka-inwertorowa-inwerterowa-lcd-260-mma-igbt-8588052612,183,108,2.0
dom_i_ogrod,Narzêdzia,Spawarki,Spawarka inwertorowa migomat MIG MMA zestaw 200A,https://allegro.pl/oferta/spawarka-inwertorowa-migomat-mig-mma-zestaw-200a-8095413886,779,14,0.0
dom_i_ogrod,Narzêdzia,M³otowiertarki,M£OTOWIERTARKA WIERTARKA M£OT UDAROWY SDS+ MOCNA,https://allegro.pl/oferta/mlotowiertarka-wiertarka-mlot-udarowy-sds-mocna-7941027685,229,463,10.0
dom_i_ogrod,Narzêdzia,M³otowiertarki,M£OTOWIERTARKA PARKSIDE UDAROWA 1500W SDS M£OT,https://allegro.pl/oferta/mlotowiertarka-parkside-udarowa-1500w-sds-mlot-9142016883,379,111,1.0
dom_i_ogrod,Narzêdzia,M³otowiertarki,M£OTOWIERTARKA M£OT UDAROWY WIERTARKA 3800W SDS !!,https://allegro.pl/oferta/mlotowiertarka-mlot-udarowy-wiertarka-3800w-sds-7810868025,199,55,0.0
dom_i_ogrod,Narzêdzia,M³otowiertarki,M£OTOWIERTARKA wiertarka m³ot UDAROWY SDS+ MOCNA,https://allegro.pl/oferta/mlotowiertarka-wiertarka-mlot-udarowy-sds-mocna-9089422955,329,98,1.0
dom_i_ogrod,Narzêdzia,M³otowiertarki,M£OTOWIERTARKA GBH 2-24 DFR BOSCH 11 WIERTE£ D£UT,https://allegro.pl/oferta/mlotowiertarka-gbh-2-24-dfr-bosch-11-wiertel-dlut-7420873769,679,72,0.0
dom_i_ogrod,Narzêdzia,Odkurzacze przemys³owe,Odkurzacz przemys³owy KARCHER WD 3 1.629-821.0,https://allegro.pl/oferta/odkurzacz-przemyslowy-karcher-wd-3-1-629-821-0-8966983542,269,398,8.0
dom_i_ogrod,Narzêdzia,Odkurzacze przemys³owe,ODKURZACZ PRZEMYS£OWY POPIO£U KOMINKA GRUZU 2000,https://allegro.pl/oferta/odkurzacz-przemyslowy-popiolu-kominka-gruzu-2000-7425314568,199,512,10.0
dom_i_ogrod,Narzêdzia,Odkurzacze przemys³owe,ODKURZACZ PRZEMYS£OWY KARCHER WD3 BEZWORKOWY,https://allegro.pl/oferta/odkurzacz-przemyslowy-karcher-wd3-bezworkowy-8438917329,257,193,4.0
dom_i_ogrod,Narzêdzia,Odkurzacze przemys³owe,ODKURZACZ PRZEMYS£OWY KARCHER WD3 BEZWORKOWY 1400W,https://allegro.pl/oferta/odkurzacz-przemyslowy-karcher-wd3-bezworkowy-1400w-9217813162,299,0,0.0
dom_i_ogrod,Narzêdzia,Odkurzacze przemys³owe,ODKURZACZ PRZEMYS£OWY GAS 15 BOSCH,https://allegro.pl/oferta/odkurzacz-przemyslowy-gas-15-bosch-6886052387,555,39,1.0
dom_i_ogrod,Narzêdzia,Przyrz¹dy miernicze,STANLEY Laser krzy¿owy CUBIX 2 Poziomica 77-498,https://allegro.pl/oferta/stanley-laser-krzyzowy-cubix-2-poziomica-77-498-7792943836,194,117,4.0
dom_i_ogrod,Narzêdzia,Przyrz¹dy miernicze,POZIOMICA WASERWAGA ALUMINIOWA ZESTAW 3szt 119688,https://allegro.pl/oferta/poziomica-waserwaga-aluminiowa-zestaw-3szt-119688-6754961217,59,51,2.0
dom_i_ogrod,Narzêdzia,Przyrz¹dy miernicze,POZIOMICA LASEROWA LED Z MIAR¥ 250 cm +BATERIE PRO,https://allegro.pl/oferta/poziomica-laserowa-led-z-miara-250-cm-baterie-pro-8854109606,24,249,10.0
dom_i_ogrod,Narzêdzia,Przyrz¹dy miernicze,16linii Obrotowy poziom laserowy o 360° Z pó³k¹,https://allegro.pl/oferta/16linii-obrotowy-poziom-laserowy-o-360-z-polka-8994499192,366,10,0.0
dom_i_ogrod,Narzêdzia,Przyrz¹dy miernicze,POZIOMICA LASEROWA PLL 1 P BOSCH +UCHWYT MONTA¯OWY,https://allegro.pl/oferta/poziomica-laserowa-pll-1-p-bosch-uchwyt-montazowy-6748695679,145,42,1.0
dom_i_ogrod,Narzêdzia,Akcesoria i osprzêt,STANLEY Komplet wierte³ i bitów w walizce STA7205,https://allegro.pl/oferta/stanley-komplet-wiertel-i-bitow-w-walizce-sta7205-7164728154,83,234,7.0
dom_i_ogrod,Narzêdzia,Akcesoria i osprzêt,DEWALT ZESTAW BITY KOÑCÓWKI WKRÊTARKI 45e DT71702,https://allegro.pl/oferta/dewalt-zestaw-bity-koncowki-wkretarki-45e-dt71702-8288716759,59,235,7.0
dom_i_ogrod,Narzêdzia,Akcesoria i osprzêt,KOÑCÓWKI BITY IMBUS TORX DO WKRÊTARKI ZESTAW 100el,https://allegro.pl/oferta/koncowki-bity-imbus-torx-do-wkretarki-zestaw-100el-8560292315,24,323,10.0
dom_i_ogrod,Narzêdzia,Akcesoria i osprzêt,DEWALT ZESTAW WIERTE£ bitów nasadek 100cz DT71563,https://allegro.pl/oferta/dewalt-zestaw-wiertel-bitow-nasadek-100cz-dt71563-8736706514,119,45,0.0
dom_i_ogrod,Narzêdzia,Akcesoria i osprzêt,Zestaw Osprzêtu MAKITA 216szt Wiert³a Bity WALIZKA,https://allegro.pl/oferta/zestaw-osprzetu-makita-216szt-wiertla-bity-walizka-6275799113,225,95,2.0
dom_i_ogrod,Narzêdzia,Urz¹dzenia czyszcz¹ce,Myjka do okien Karcher WV 52 Plus 1.633-139.0,https://allegro.pl/oferta/myjka-do-okien-karcher-wv-52-plus-1-633-139-0-9003270805,189,2052,10.0
dom_i_ogrod,Narzêdzia,Urz¹dzenia czyszcz¹ce,MOP PAROWY MULTI MYJKA PAROWY ECO 12W1 2000,https://allegro.pl/oferta/mop-parowy-multi-myjka-parowy-eco-12w1-2000-7364924109,159,387,1.0
dom_i_ogrod,Narzêdzia,Urz¹dzenia czyszcz¹ce,MOP PAROWY MULTI MYJKA PAROWA AQUA 16W1 2000,https://allegro.pl/oferta/mop-parowy-multi-myjka-parowa-aqua-16w1-2000-7364825828,229,445,2.0
dom_i_ogrod,Narzêdzia,Urz¹dzenia czyszcz¹ce,MOP PAROWY MYJKA EFFECTO 2100 Z DOZOWNIKIEM P£YNU,https://allegro.pl/oferta/mop-parowy-myjka-effecto-2100-z-dozownikiem-plynu-8684634812,229,321,1.0
dom_i_ogrod,Narzêdzia,Urz¹dzenia czyszcz¹ce,Czyœcik MOP PAROWY 4000W Do Pod³óg i Dywanów 11 w1,https://allegro.pl/oferta/czyscik-mop-parowy-4000w-do-podlog-i-dywanow-11-w1-8834990336,139,160,0.0
dom_i_ogrod,Oœwietlenie,Lampy,NATYNKOWA LAMPA LED 120cm DO GARA¯U jak ŒWIETLÓWKA,https://allegro.pl/oferta/natynkowa-lampa-led-120cm-do-garazu-jak-swietlowka-8109645952,16,883,10.0
dom_i_ogrod,Oœwietlenie,Lampy,LAMPA WISZ¥CA SUFITOWA ¯YRANDOL BRYLANT LED,https://allegro.pl/oferta/lampa-wiszaca-sufitowa-zyrandol-brylant-led-7975083752,29,570,4.0
dom_i_ogrod,Oœwietlenie,Lampy,Lampa LED 120cm PANEL NATYNKOWA oprawa ŒWIETLÓWKA,https://allegro.pl/oferta/lampa-led-120cm-panel-natynkowa-oprawa-swietlowka-7469280749,14,481,2.0
dom_i_ogrod,Oœwietlenie,Lampy,NATYNKOWA LAMPA OPRAWA LED 5000LM 50W PANEL 150cm,https://allegro.pl/oferta/natynkowa-lampa-oprawa-led-5000lm-50w-panel-150cm-7797091063,28,432,1.0
dom_i_ogrod,Oœwietlenie,Lampy,PANEL plafon LED NATYNKOWY 24W NIEMRUGAJ¥CY CCD,https://allegro.pl/oferta/panel-plafon-led-natynkowy-24w-niemrugajacy-ccd-7796924302,23,361,0.0
dom_i_ogrod,Oœwietlenie,Oœwietlenie zewnêtrzne,LATARNIA LAMPA SOLARNA ULICZNA SOLAR 100 LED COB,https://allegro.pl/oferta/latarnia-lampa-solarna-uliczna-solar-100-led-cob-8894462750,99,107,3.0
dom_i_ogrod,Oœwietlenie,Oœwietlenie zewnêtrzne,LAMPA SOLARNA Z CZUJNIKIEM RUCHU ZMIERZCHU 100 LED,https://allegro.pl/oferta/lampa-solarna-z-czujnikiem-ruchu-zmierzchu-100-led-8686846454,27,320,10.0
dom_i_ogrod,Oœwietlenie,Oœwietlenie zewnêtrzne,lampa solarna latarenka lampy solarne lampki P-502,https://allegro.pl/oferta/lampa-solarna-latarenka-lampy-solarne-lampki-p-502-7860812378,69,48,1.0
dom_i_ogrod,Oœwietlenie,Oœwietlenie zewnêtrzne,LAMPA ELEWACYJNA LED KINKIET OGRODOWY ZEWNÊTRZNY 2,https://allegro.pl/oferta/lampa-elewacyjna-led-kinkiet-ogrodowy-zewnetrzny-2-8870962935,37,101,3.0
dom_i_ogrod,Oœwietlenie,Oœwietlenie zewnêtrzne,Girlanda ogrodowa lampki 10m ³añcuch ¿arówka LED,https://allegro.pl/oferta/girlanda-ogrodowa-lampki-10m-lancuch-zarowka-led-9146304076,99,18,0.0
dom_i_ogrod,Oœwietlenie,Osprzêt oœwietleniowy,PROFIL DO TAŒMY LED naro¿ny k¹towy alu 2m + szybka,https://allegro.pl/oferta/profil-do-tasmy-led-narozny-katowy-alu-2m-szybka-5887498025,16,278,8.0
dom_i_ogrod,Oœwietlenie,Osprzêt oœwietleniowy,PROFIL ALUMINIOWY P£ASKI DO TAŒM LED 2m Z KLOSZEM,https://allegro.pl/oferta/profil-aluminiowy-plaski-do-tasm-led-2m-z-kloszem-7183462466,14,329,10.0
dom_i_ogrod,Oœwietlenie,Osprzêt oœwietleniowy,PROFIL P£ASKI DO TAŒM LED 8 10 mm 2m Z KLOSZEM,https://allegro.pl/oferta/profil-plaski-do-tasm-led-8-10-mm-2m-z-kloszem-8154752694,9,113,3.0
dom_i_ogrod,Oœwietlenie,Osprzêt oœwietleniowy,Sufit podwieszany Gzyms Oœwietleniowy Prosty + LED,https://allegro.pl/oferta/sufit-podwieszany-gzyms-oswietleniowy-prosty-led-8471075698,99,11,0.0
dom_i_ogrod,Oœwietlenie,Osprzêt oœwietleniowy,Profil LED 2M Budowlany do p³yt GipsowoKartonowych,https://allegro.pl/oferta/profil-led-2m-budowlany-do-plyt-gipsowokartonowych-9020899465,75,22,0.0
dom_i_ogrod,Oœwietlenie,Oprawy oœwietleniowe,Oprawa Hermetyczna 120cm lampa + 2x œwietlówki LED,https://allegro.pl/oferta/oprawa-hermetyczna-120cm-lampa-2x-swietlowki-led-8219877380,35,442,7.0
dom_i_ogrod,Oœwietlenie,Oprawy oœwietleniowe,Zestaw 6x oprawa halogenowa SZKLANA kwa + LED GU10,https://allegro.pl/oferta/zestaw-6x-oprawa-halogenowa-szklana-kwa-led-gu10-7533702130,59,381,6.0
dom_i_ogrod,Oœwietlenie,Oprawy oœwietleniowe,OPRAWA HERMETYCZNA 120cm + 2 Œwietlówki LED 40W,https://allegro.pl/oferta/oprawa-hermetyczna-120cm-2-swietlowki-led-40w-6723090076,35,540,10.0
dom_i_ogrod,Oœwietlenie,Oprawy oœwietleniowe,4x Oprawa Hermetyczna 120cm lampa + œwietlówki LED,https://allegro.pl/oferta/4x-oprawa-hermetyczna-120cm-lampa-swietlowki-led-8357006502,143,171,1.0
dom_i_ogrod,Oœwietlenie,Oprawy oœwietleniowe,ZESTAW 6x LED GU10 8W OPRAWA halogen SATYNA OKR¥G£,https://allegro.pl/oferta/zestaw-6x-led-gu10-8w-oprawa-halogen-satyna-okragl-7415570687,58,151,0.0
dom_i_ogrod,Meble,Meble do salonu,Nowoczesna pojemna komoda AGA 120cm  ŒNIE¯NA BIEL,https://allegro.pl/oferta/nowoczesna-pojemna-komoda-aga-120cm-sniezna-biel-8837624141,199,347,10.0
dom_i_ogrod,Meble,Meble do salonu,Du¿y Naro¿nik FLY U funkcja SPANIA rogówka GRATISY,https://allegro.pl/oferta/duzy-naroznik-fly-u-funkcja-spania-rogowka-gratisy-8837017926,1299,24,0.0
dom_i_ogrod,Meble,Meble do salonu,Naro¿nik rogówka rozk³adany HUGO z funkcja spania,https://allegro.pl/oferta/naroznik-rogowka-rozkladany-hugo-z-funkcja-spania-8500160214,699,63,1.0
dom_i_ogrod,Meble,Meble do salonu,Naro¿nik rozk³adany rogówka MILO funkcja spania,https://allegro.pl/oferta/naroznik-rozkladany-rogowka-milo-funkcja-spania-8499811259,749,42,1.0
dom_i_ogrod,Meble,Meble do salonu,Sofa kanapa wersalka rozk³adana z funkcj¹ spania B,https://allegro.pl/oferta/sofa-kanapa-wersalka-rozkladana-z-funkcja-spania-b-9029704158,399,30,0.0
dom_i_ogrod,Meble,Meble do sypialni,Materac 160x200 Kokos DAKOTA MAX Premium - 24 cm,https://allegro.pl/oferta/materac-160x200-kokos-dakota-max-premium-24-cm-7022911760,399,1647,10.0
dom_i_ogrod,Meble,Meble do sypialni,SZAFA GARDEROBA S 90cm 2D 2SZ BIA£A NOWOCZESNA,https://allegro.pl/oferta/szafa-garderoba-s-90cm-2d-2sz-biala-nowoczesna-6961458688,299,1175,7.0
dom_i_ogrod,Meble,Meble do sypialni,Materac NATURAL MAX 160x200 24cm Kokos Exclusive,https://allegro.pl/oferta/materac-natural-max-160x200-24cm-kokos-exclusive-7671144611,399,1660,10.0
dom_i_ogrod,Meble,Meble do sypialni,Szafa przesuwna z lustrem 200 cm Technologia PRO+,https://allegro.pl/oferta/szafa-przesuwna-z-lustrem-200-cm-technologia-pro-7028774616,489,158,0.0
dom_i_ogrod,Meble,Meble do sypialni,Materac NATURAL MAX 140x200 24cm Kokos Exclusive,https://allegro.pl/oferta/materac-natural-max-140x200-24cm-kokos-exclusive-7671143263,379,1003,6.0
dom_i_ogrod,Meble,Meble kuchenne,Meble kuchenne Zestaw mebli kuchennych z BLATEM,https://allegro.pl/oferta/meble-kuchenne-zestaw-mebli-kuchennych-z-blatem-7328514573,489,69,3.0
dom_i_ogrod,Meble,Meble kuchenne,Meble kuchenne Zestaw mebli kuchennych z BLATEM,https://allegro.pl/oferta/meble-kuchenne-zestaw-mebli-kuchennych-z-blatem-7187239714,489,26,1.0
dom_i_ogrod,Meble,Meble kuchenne,Meble kuchenne Zestaw mebli kuchennych z BLATEM,https://allegro.pl/oferta/meble-kuchenne-zestaw-mebli-kuchennych-z-blatem-6867019409,399,8,0.0
dom_i_ogrod,Meble,Meble kuchenne,ZESTAW MEBLI KUCHENNYCH OLIWIA 2.4m BIA£A KUCHNIA,https://allegro.pl/oferta/zestaw-mebli-kuchennych-oliwia-2-4m-biala-kuchnia-8630820215,499,194,10.0
dom_i_ogrod,Meble,Meble kuchenne,Meble kuchenne Zestaw mebli kuchennych z BLATEM,https://allegro.pl/oferta/meble-kuchenne-zestaw-mebli-kuchennych-z-blatem-7187287622,999,22,1.0
dom_i_ogrod,Meble,Meble do ³azienki i toalety,SZAFKA £AZIENKOWA S£UPEK A¯UROWA REGA£ 120cm,https://allegro.pl/oferta/szafka-lazienkowa-slupek-azurowa-regal-120cm-9101092683,69,156,10.0
dom_i_ogrod,Meble,Meble do ³azienki i toalety,Meble ³azienkowe z LUSTREM z UMYWALK¥,https://allegro.pl/oferta/meble-lazienkowe-z-lustrem-z-umywalka-6024034898,499,41,1.0
dom_i_ogrod,Meble,Meble do ³azienki i toalety,SZAFKA £AZIENKOWA S£UPEK A¯UROWA REGA£ 80cm,https://allegro.pl/oferta/szafka-lazienkowa-slupek-azurowa-regal-80cm-9185804151,50,42,1.0
dom_i_ogrod,Meble,Meble do ³azienki i toalety,SZAFKA £AZIENKOWA REGA£ S£UPEK 30cm 3 DRZWI BIA£A,https://allegro.pl/oferta/szafka-lazienkowa-regal-slupek-30cm-3-drzwi-biala-7622879739,124,70,3.0
dom_i_ogrod,Meble,Meble do ³azienki i toalety,Meble ³azienkowe szafka pod umywalkê lustro s³upek,https://allegro.pl/oferta/meble-lazienkowe-szafka-pod-umywalke-lustro-slupek-8725668368,799,31,0.0
dom_i_ogrod,Budownictwo,Ogrzewanie,SOLARNY ZESTAW DO GRZANIA WODY W BOJLERACH 1650W,https://allegro.pl/oferta/solarny-zestaw-do-grzania-wody-w-bojlerach-1650w-8441168721,4619,11,0.0
dom_i_ogrod,Budownictwo,Ogrzewanie,Nagrzewnica elektryczna farelka 2 5kW 2500W HIGHER,https://allegro.pl/oferta/nagrzewnica-elektryczna-farelka-2-5kw-2500w-higher-8601161941,99,133,4.0
dom_i_ogrod,Budownictwo,Ogrzewanie,BOJLER ELEKTRYCZNY PODGRZEWACZ WODY ARISTON 50 L,https://allegro.pl/oferta/bojler-elektryczny-podgrzewacz-wody-ariston-50-l-8591648564,248,117,3.0
dom_i_ogrod,Budownictwo,Ogrzewanie,TERMOSTAT ELEKTRONICZNY REGULATOR TEMPERATURY 230V,https://allegro.pl/oferta/termostat-elektroniczny-regulator-temperatury-230v-8556119066,23,341,10.0
dom_i_ogrod,Budownictwo,Ogrzewanie,Przep³ywowy Ogrzewacz Wody PODGRZEWACZ Dafi 3 7,https://allegro.pl/oferta/przeplywowy-ogrzewacz-wody-podgrzewacz-dafi-3-7-5824963488,178,59,1.0
dom_i_ogrod,Budownictwo,Hydraulika i akcesoria,PRASKA ZACISKARKA DO RUR PEX-AL-PEX 16-20-25-32 U,https://allegro.pl/oferta/praska-zaciskarka-do-rur-pex-al-pex-16-20-25-32-u-9064418795,5999,0,6.0
dom_i_ogrod,Budownictwo,Hydraulika i akcesoria,WODOMIERZ LICZNIK APATOR WODY ZIMNEJ 1/2 DN15,https://allegro.pl/oferta/wodomierz-licznik-apator-wody-zimnej-1-2-dn15-7189552584,46,282,0.0
dom_i_ogrod,Budownictwo,Hydraulika i akcesoria,FILTR WODY WSTÊPNY CA£Y DOM 3 STOPNIOWY ZMIÊKCZACZ,https://allegro.pl/oferta/filtr-wody-wstepny-caly-dom-3-stopniowy-zmiekczacz-7454915330,280,198,4.0
dom_i_ogrod,Budownictwo,Hydraulika i akcesoria,KRAN OGRODOWY CZERPALNY PODWÓJNY 1/2x3/4x3/4,https://allegro.pl/oferta/kran-ogrodowy-czerpalny-podwojny-1-2x3-4x3-4-8035411871,29,273,6.0
dom_i_ogrod,Budownictwo,Hydraulika i akcesoria,Kran kulowy podwójny 1/2" czerpalny ogrodowy,https://allegro.pl/oferta/kran-kulowy-podwojny-1-2-czerpalny-ogrodowy-8552095503,29,442,10.0
dom_i_ogrod,Budownictwo,Elektryka i akcesoria,DZWONEK BEZPRZEWODOWY BEZBATERYJNY WODOODPORNY D2,https://allegro.pl/oferta/dzwonek-bezprzewodowy-bezbateryjny-wodoodporny-d2-9048419262,63,280,6.0
dom_i_ogrod,Budownictwo,Elektryka i akcesoria,DZWONEK BEZBATERYJNY BEZPRZEWODOWY WODOODPORNY ROI,https://allegro.pl/oferta/dzwonek-bezbateryjny-bezprzewodowy-wodoodporny-roi-8884981634,63,296,7.0
dom_i_ogrod,Budownictwo,Elektryka i akcesoria,WIDEODOMOFON FURTKA + BRAMA BRELOKI PAMIÊÆ 7",https://allegro.pl/oferta/wideodomofon-furtka-brama-breloki-pamiec-7-8908774472,649,172,0.0
dom_i_ogrod,Budownictwo,Elektryka i akcesoria,PRZED£U¯ACZ BÊBNOWY na BÊBNIE 50m 3x2 5mm,https://allegro.pl/oferta/przedluzacz-bebnowy-na-bebnie-50m-3x2-5mm-8897352534,149,350,10.0
dom_i_ogrod,Budownictwo,Elektryka i akcesoria,PILOT SAMOKOPIUJ¥CY UNIWERSALNY DO BRAMY ALARMU,https://allegro.pl/oferta/pilot-samokopiujacy-uniwersalny-do-bramy-alarmu-9039324567,14,249,4.0
dom_i_ogrod,Budownictwo,Œciany i elewacje,P³yty betonowe beton architektoniczny imitacja,https://allegro.pl/oferta/plyty-betonowe-beton-architektoniczny-imitacja-8358012710,29,47,0.0
dom_i_ogrod,Budownictwo,Œciany i elewacje,Tabliczka adresowa Tablica dom NUMER 3D Aluminium,https://allegro.pl/oferta/tabliczka-adresowa-tablica-dom-numer-3d-aluminium-7765379726,69,427,10.0
dom_i_ogrod,Budownictwo,Œciany i elewacje,Tapeta 3D Ceg³a SAMOPRZYLEPNA PANELE 77x70 CM,https://allegro.pl/oferta/tapeta-3d-cegla-samoprzylepna-panele-77x70-cm-8435847682,21,55,0.0
dom_i_ogrod,Budownictwo,Œciany i elewacje,FARBA KREDOWA do RENOWACJI MEBLI 1L KOLORY+GRATIS,https://allegro.pl/oferta/farba-kredowa-do-renowacji-mebli-1l-kolory-gratis-8664199639,47,390,9.0
dom_i_ogrod,Budownictwo,Œciany i elewacje,FOLIA IZOLACYJNA BUDOWLANA 100m 5x20 TYP200 Czarna,https://allegro.pl/oferta/folia-izolacyjna-budowlana-100m-5x20-typ200-czarna-7634122648,29,111,2.0
dom_i_ogrod,Ogród,Narzêdzia ogrodnicze,KOSA SPALINOWA DEMON RQ580+3xOL+TARCZA+SMAR+UCHWYT,https://allegro.pl/oferta/kosa-spalinowa-demon-rq580-3xol-tarcza-smar-uchwyt-6786375396,365,691,10.0
dom_i_ogrod,Ogród,Narzêdzia ogrodnicze,Kosa spalinowa podkaszarka kosiarka NAJMOCNIEJSZA,https://allegro.pl/oferta/kosa-spalinowa-podkaszarka-kosiarka-najmocniejsza-7940118186,299,293,0.0
dom_i_ogrod,Ogród,Narzêdzia ogrodnicze,POLSKA KOSIARKA SPALINOWA 8KM 13w1 NAPÊD 55cm XXXL,https://allegro.pl/oferta/polska-kosiarka-spalinowa-8km-13w1-naped-55cm-xxxl-7919766118,1149,356,2.0
dom_i_ogrod,Ogród,Narzêdzia ogrodnicze,KOSIARKA SPALINOWA RIWALL 51CM 9w1 Z NAPÊDEM 5190,https://allegro.pl/oferta/kosiarka-spalinowa-riwall-51cm-9w1-z-napedem-5190-7840771841,1199,420,3.0
dom_i_ogrod,Ogród,Narzêdzia ogrodnicze,OPRYSKIWACZ CIŒNIENIOWY PLECAKOWY 20L RÊCZNY 3xDYS,https://allegro.pl/oferta/opryskiwacz-cisnieniowy-plecakowy-20l-reczny-3xdys-6779993304,99,649,9.0
dom_i_ogrod,Ogród,Architektura ogrodowa,TUNEL FOLIOWY 10m2 OGRODOWY SZKLARNIA 4x2 5m UV-4,https://allegro.pl/oferta/tunel-foliowy-10m2-ogrodowy-szklarnia-4x2-5m-uv-4-8885552256,421,316,5.0
dom_i_ogrod,Ogród,Architektura ogrodowa,TUNEL FOLIOWY 10m2 OGRODOWY SZKLARNIA 4x2 5m UV-4,https://allegro.pl/oferta/tunel-foliowy-10m2-ogrodowy-szklarnia-4x2-5m-uv-4-8885135696,421,445,7.0
dom_i_ogrod,Ogród,Architektura ogrodowa,P³ytki Drewniane Pod³ogowe Podest Na Taras Balkon,https://allegro.pl/oferta/plytki-drewniane-podlogowe-podest-na-taras-balkon-9087464674,149,46,0.0
dom_i_ogrod,Ogród,Architektura ogrodowa,PAWILON OGRODOWY HANDLOWY ALTANA NAMIOT 3 x 3 m,https://allegro.pl/oferta/pawilon-ogrodowy-handlowy-altana-namiot-3-x-3-m-9024755619,169,499,8.0
dom_i_ogrod,Ogród,Architektura ogrodowa,PALISADA OGRODOWA WYSOKA BORDER 2.5m BR¥ZOWA,https://allegro.pl/oferta/palisada-ogrodowa-wysoka-border-2-5m-brazowa-7386725330,25,639,10.0
dom_i_ogrod,Ogród,Nawadnianie,Zestaw do nawadniania irygacji kwiatów i upraw,https://allegro.pl/oferta/zestaw-do-nawadniania-irygacji-kwiatow-i-upraw-9082452655,119,194,0.0
dom_i_ogrod,Ogród,Nawadnianie,OGRODOWA KURTYNA WODNA 10M MGIE£KA  ZRASZACZ,https://allegro.pl/oferta/ogrodowa-kurtyna-wodna-10m-mgielka-zraszacz-9155203060,37,169,0.0
dom_i_ogrod,Ogród,Nawadnianie,POMPA RUSKA DO WODY BRUDNEJ CZYSTEJ 450W +MEMBRANY,https://allegro.pl/oferta/pompa-ruska-do-wody-brudnej-czystej-450w-membrany-8616009911,109,1006,10.0
dom_i_ogrod,Ogród,Nawadnianie,ZESTAW DO NAWADNIANIA ROŒLIN OGRÓD 71EL KROPELKOWY,https://allegro.pl/oferta/zestaw-do-nawadniania-roslin-ogrod-71el-kropelkowy-7389757726,29,414,3.0
dom_i_ogrod,Ogród,Nawadnianie,W¥¯ OGRODOWY 4-warstwowy 1/2 50m  Proline,https://allegro.pl/oferta/waz-ogrodowy-4-warstwowy-1-2-50m-proline-8104767570,58,544,4.0
dom_i_ogrod,Ogród,Nawozy i preparaty,ROUNDUP 360 PLUS 1L RANDAP na wszystkie chwasty,https://allegro.pl/oferta/roundup-360-plus-1l-randap-na-wszystkie-chwasty-9143104003,31,513,2.0
dom_i_ogrod,Ogród,Nawozy i preparaty,NAWÓZ HYDROCOMPLEX YARA MILA COMPLEX 25KG BEZCHLOR,https://allegro.pl/oferta/nawoz-hydrocomplex-yara-mila-complex-25kg-bezchlor-8495476855,85,1001,7.0
dom_i_ogrod,Ogród,Nawozy i preparaty,SIARKOPOL NAWÓZ TRAWNIK 25KG MOCNE ZASILENIE TRAWY,https://allegro.pl/oferta/siarkopol-nawoz-trawnik-25kg-mocne-zasilenie-trawy-9094432906,79,1224,10.0
dom_i_ogrod,Ogród,Nawozy i preparaty,CHWASTOX NOWY TRIO 390 1L CHWASTY w TRAWIE MNISZEK,https://allegro.pl/oferta/chwastox-nowy-trio-390-1l-chwasty-w-trawie-mniszek-7165993732,49,379,0.0
dom_i_ogrod,Ogród,Nawozy i preparaty,Bakterie do szamba Tabletki na Rok + T³uszcze 3w1,https://allegro.pl/oferta/bakterie-do-szamba-tabletki-na-rok-tluszcze-3w1-8513596627,49,512,2.0
