dziecko,Zabawki,Klocki LEGO,KLOCKI WOJSKO CZO£G ROSYJSKI T-90 772el LEGO COBI,https://allegro.pl/oferta/klocki-wojsko-czolg-rosyjski-t-90-772el-lego-cobi-8951916037,99,46,1.0,10.0
dziecko,Zabawki,Klocki LEGO,LEGO CITY Pociπg pasaøerski 60197,https://allegro.pl/oferta/lego-city-pociag-pasazerski-60197-8879955631,380,244,5.0,9.0
dziecko,Zabawki,Klocki LEGO,LEGO TECHNIC 42111 DOM'S DODGE CHARGER,https://allegro.pl/oferta/lego-technic-42111-dom-s-dodge-charger-9201455856,449,2,0.0,8.0
dziecko,Zabawki,Klocki LEGO,LEGO STAR WARS GWIEZDNY NISZCZYCIEL IMPERIUM 75252,https://allegro.pl/oferta/lego-star-wars-gwiezdny-niszczyciel-imperium-75252-9219339413,2499,1,0.0,0.0
dziecko,Zabawki,Klocki LEGO,LEGO FRIENDS Salon fryzjerski w Heartlake 41391,https://allegro.pl/oferta/lego-friends-salon-fryzjerski-w-heartlake-41391-8811259525,75,459,10.0,10.0
dziecko,Zabawki,Lalki i akcesoria,Ubranka dla lalek + akcesoria zestaw 85 el.,https://allegro.pl/oferta/ubranka-dla-lalek-akcesoria-zestaw-85-el-9116192337,95,85,0.0,7.0
dziecko,Zabawki,Lalki i akcesoria,Drewniany domek dla lalek Umeblowany 3 PI TRA+MEBL,https://allegro.pl/oferta/drewniany-domek-dla-lalek-umeblowany-3-pietra-mebl-7814109516,169,70,0.0,0.0
dziecko,Zabawki,Lalki i akcesoria,LOL SUPRISE OMG seria 2 - LALKA CANDYLICIOUS +AKCE,https://allegro.pl/oferta/lol-suprise-omg-seria-2-lalka-candylicious-akce-9157558931,133,396,10.0,3.0
dziecko,Zabawki,Lalki i akcesoria,LOL SUPRISE LALECZKA HAIRVIBES KOLOROWE W£OSY 2020,https://allegro.pl/oferta/lol-suprise-laleczka-hairvibes-kolorowe-wlosy-2020-9173801814,64,273,6.0,10.0
dziecko,Zabawki,Lalki i akcesoria,W”ZEK DLA LALEK SPACER”WKA GONDOLA TORBA 3w1 DORIS,https://allegro.pl/oferta/wozek-dla-lalek-spacerowka-gondola-torba-3w1-doris-6617289849,99,225,5.0,7.0
dziecko,Zabawki,Gry dla dzieci,GRA krokodyl KAJMAN CHORY ZABEK U DENTYSTY,https://allegro.pl/oferta/gra-krokodyl-kajman-chory-zabek-u-dentysty-9121215260,19,161,0.0,6.0
dziecko,Zabawki,Gry dla dzieci,Gra Eurobiznes Eurobusiness Eurobisnes planszowa,https://allegro.pl/oferta/gra-eurobiznes-eurobusiness-eurobisnes-planszowa-9013263102,22,297,3.0,5.0
dziecko,Zabawki,Gry dla dzieci,RODZINNA GRA PLANSZOWA KR”WKONOSZ,https://allegro.pl/oferta/rodzinna-gra-planszowa-krowkonosz-8635412900,29,194,1.0,1.0
dziecko,Zabawki,Gry dla dzieci,TAMAGOTCHI  INTERAKTYWNE ZWIERZ•TKO D£UGOPIS SMYCZ,https://allegro.pl/oferta/tamagotchi-interaktywne-zwierzatko-dlugopis-smycz-6721556461,11,566,10.0,10.0
dziecko,Zabawki,Gry dla dzieci,Bystre oczko. Kuferek. 8 gier. Adamigo,https://allegro.pl/oferta/bystre-oczko-kuferek-8-gier-adamigo-8260533047,32,228,2.0,0.0
dziecko,Zabawki,Zabawki edukacyjne,MegaPack - MAGNESY Uk≥adanka Magnetyczna,https://allegro.pl/oferta/megapack-magnesy-ukladanka-magnetyczna-9147654256,49,98,1.0,9.0
dziecko,Zabawki,Zabawki edukacyjne,Tablica manipulacyjna  personalizowana Montessori,https://allegro.pl/oferta/tablica-manipulacyjna-personalizowana-montessori-8651517626,349,19,0.0,0.0
dziecko,Zabawki,Zabawki edukacyjne,PSI PATROL RYDER PAD TABLET RYDERA Z DèWI KAMI,https://allegro.pl/oferta/psi-patrol-ryder-pad-tablet-rydera-z-dzwiekami-7561709141,69,230,2.0,8.0
dziecko,Zabawki,Zabawki edukacyjne,EDUKACYJNA DUØA WIELOFUNKCYJNA TABLICA MAGNETYCZNA,https://allegro.pl/oferta/edukacyjna-duza-wielofunkcyjna-tablica-magnetyczna-5923775191,29,1141,10.0,10.0
dziecko,Zabawki,Zabawki edukacyjne,SAMOPRZYLEPNA TABLICA KREDOWA DUØA + 5x KREDA,https://allegro.pl/oferta/samoprzylepna-tablica-kredowa-duza-5x-kreda-8940043477,14,401,3.0,10.0
dziecko,Zabawki ogrodowe,Trampoliny,TRAMPOLINA 312cm/ 10FT SIATKA Just Jump,https://allegro.pl/oferta/trampolina-312cm-10ft-siatka-just-jump-9173249264,749,1005,10.0,4.0
dziecko,Zabawki ogrodowe,Trampoliny,TRAMPOLINA 252CM/2 52M TOTAL SPORT DRABINKA+GRATIS,https://allegro.pl/oferta/trampolina-252cm-2-52m-total-sport-drabinka-gratis-9165496483,599,374,1.0,10.0
dziecko,Zabawki ogrodowe,Trampoliny,TRAMPOLINA OGRODOWA 312CM SIATKA + DRABINKA,https://allegro.pl/oferta/trampolina-ogrodowa-312cm-siatka-drabinka-8948306704,799,295,0.0,3.0
dziecko,Zabawki ogrodowe,Trampoliny,TRAMPOLINA 252CM/ 8FT SIATKA + DRABINKA Just Jump,https://allegro.pl/oferta/trampolina-252cm-8ft-siatka-drabinka-just-jump-9176468158,599,396,1.0,10.0
dziecko,Zabawki ogrodowe,Trampoliny,TRAMPOLINA 374cm/ 12FT SIATKA +DRABINKA Just Jump,https://allegro.pl/oferta/trampolina-374cm-12ft-siatka-drabinka-just-jump-9186169782,869,440,2.0,0.0
dziecko,Zabawki ogrodowe,Zjeødøalnie,DUØA ZJEØDØALNIA åLIZG Z DRABINK• 147CM D£UGA XXL,https://allegro.pl/oferta/duza-zjezdzalnia-slizg-z-drabinka-147cm-dluga-xxl-7876000440,106,1649,10.0,10.0
dziecko,Zabawki ogrodowe,Zjeødøalnie,åLIZG ZJEØDØALNIA 3METRY WODNA CZERWONA TOBI TOYS,https://allegro.pl/oferta/slizg-zjezdzalnia-3metry-wodna-czerwona-tobi-toys-9214507063,199,13,0.0,3.0
dziecko,Zabawki ogrodowe,Zjeødøalnie,åLIZG ZJEØDØALNIA 3 M WODNA JASNOZIELONA TOBI TOYS,https://allegro.pl/oferta/slizg-zjezdzalnia-3-m-wodna-jasnozielona-tobi-toys-9172713205,249,66,0.0,0.0
dziecko,Zabawki ogrodowe,Zjeødøalnie,ZJEØDØALNIA OGRODOWA DLA DZIECI WODA 180 MOCHTOYS,https://allegro.pl/oferta/zjezdzalnia-ogrodowa-dla-dzieci-woda-180-mochtoys-9005973574,209,270,2.0,3.0
dziecko,Zabawki ogrodowe,Zjeødøalnie,Stabilna DUØA ZJEØDØALNIA Ogrodowa dla Dzieci 140,https://allegro.pl/oferta/stabilna-duza-zjezdzalnia-ogrodowa-dla-dzieci-140-9040154281,100,391,2.0,10.0
dziecko,Zabawki ogrodowe,Piaskownice,PIASKOWNICA ZAMYKANA Z £AWECZKAMI 120x120 cm,https://allegro.pl/oferta/piaskownica-zamykana-z-laweczkami-120x120-cm-7914900411,77,2428,10.0,10.0
dziecko,Zabawki ogrodowe,Piaskownice,PIASKOWNICA ZAMYKANA Z £AWECZKAMI 120x120 cm,https://allegro.pl/oferta/piaskownica-zamykana-z-laweczkami-120x120-cm-9197152481,89,608,1.0,9.0
dziecko,Zabawki ogrodowe,Piaskownice,PIASKOWNICA Zamykana Ø”£W 2w1 POKRYWA LITTLE TIKES,https://allegro.pl/oferta/piaskownica-zamykana-zolw-2w1-pokrywa-little-tikes-6753367382,189,1385,5.0,4.0
dziecko,Zabawki ogrodowe,Piaskownice,PIASKOWNICA DREWNIANA IMPREGNOWANA SK£ADANA,https://allegro.pl/oferta/piaskownica-drewniana-impregnowana-skladana-9084248369,259,561,0.0,0.0
dziecko,Zabawki ogrodowe,Piaskownice,DUØA PIASKOWNICA PLASTIKOWA + DNO +PLANDEKA+ZBAWKI,https://allegro.pl/oferta/duza-piaskownica-plastikowa-dno-plandeka-zbawki-7979703751,159,492,0.0,5.0
dziecko,Zabawki ogrodowe,Gry i zabawy,P≥yn do duøych baniek mydlanych 5l BaÒki mydlane,https://allegro.pl/oferta/plyn-do-duzych-baniek-mydlanych-5l-banki-mydlane-7440615713,29,972,10.0,9.0
dziecko,Zabawki ogrodowe,Gry i zabawy,ZESTAW BRAMKA PI£KARSKA do pi≥ki noønej dla dzieci,https://allegro.pl/oferta/zestaw-bramka-pilkarska-do-pilki-noznej-dla-dzieci-8004950629,56,354,3.0,6.0
dziecko,Zabawki ogrodowe,Gry i zabawy,SUPER WUBBLE BA—KOPI£KA GIGANT 90cm + POMPKA,https://allegro.pl/oferta/super-wubble-bankopilka-gigant-90cm-pompka-7326412248,122,64,0.0,0.0
dziecko,Zabawki ogrodowe,Gry i zabawy,Duøa Bramka pi≥karska 180x120 Pi≥ka Noøna Pompka,https://allegro.pl/oferta/duza-bramka-pilkarska-180x120-pilka-nozna-pompka-8076404658,119,166,1.0,0.0
dziecko,Zabawki ogrodowe,Gry i zabawy,PI£KI PI£ECZKI KULKI DO BASENU KOJCA 100szt pastel,https://allegro.pl/oferta/pilki-pileczki-kulki-do-basenu-kojca-100szt-pastel-8981509906,19,467,4.0,10.0
dziecko,Zdrowie i higiena,Pieluszki i chusteczki,PAMPERS Pieluchy Premium Care 3 Midi 204 szt,https://allegro.pl/oferta/pampers-pieluchy-premium-care-3-midi-204-szt-7874478458,129,2252,5.0,0.0
dziecko,Zdrowie i higiena,Pieluszki i chusteczki,PAMPERS Pieluchomajtki PANTS zapas 4 Maxi 176 szt.,https://allegro.pl/oferta/pampers-pieluchomajtki-pants-zapas-4-maxi-176-szt-7828580397,134,1404,1.0,0.0
dziecko,Zdrowie i higiena,Pieluszki i chusteczki,PAMPERS Pieluchy PREMIUM CARE 2 Mini 240 sztuk,https://allegro.pl/oferta/pampers-pieluchy-premium-care-2-mini-240-sztuk-8292077302,113,3603,10.0,2.0
dziecko,Zdrowie i higiena,Pieluszki i chusteczki,PAMPERS Chusteczki nawiløajπce AQUA PURE 14 x 48,https://allegro.pl/oferta/pampers-chusteczki-nawilzajace-aqua-pure-14-x-48-8326309372,119,1058,0.0,1.0
dziecko,Zdrowie i higiena,Pieluszki i chusteczki,PIELUCHA TETROWA PIELUCHY TETROWE BAW.100% 40x80,https://allegro.pl/oferta/pielucha-tetrowa-pieluchy-tetrowe-baw-100-40x80-6259516396,2,1042,0.0,10.0
dziecko,Zdrowie i higiena,Artyku≥y higieniczne,AKUKU DUØY PODK£AD DO PRZEWIJANIA POPORODOWY 10szt,https://allegro.pl/oferta/akuku-duzy-podklad-do-przewijania-poporodowy-10szt-6768405854,12,741,6.0,9.0
dziecko,Zdrowie i higiena,Artyku≥y higieniczne,AKUKU PODK£AD PODK£ADY DO PRZEWIJANIA PIANKA PEVA,https://allegro.pl/oferta/akuku-podklad-podklady-do-przewijania-pianka-peva-8152017539,8,668,5.0,10.0
dziecko,Zdrowie i higiena,Artyku≥y higieniczne,HAXE ELEKTRYCZNY ASPIRATOR DO NOSA KATAREK +GRATIS,https://allegro.pl/oferta/haxe-elektryczny-aspirator-do-nosa-katarek-gratis-8612838035,79,439,0.0,0.0
dziecko,Zdrowie i higiena,Artyku≥y higieniczne,AKUKU DUØY PODK£AD DO PRZEWIJANIA POPORODOWY 10szt,https://allegro.pl/oferta/akuku-duzy-podklad-do-przewijania-poporodowy-10szt-6774155049,15,945,10.0,9.0
dziecko,Zdrowie i higiena,Artyku≥y higieniczne,CANPOL SZCZOTKA DO W£OS”W + GRZEBYK NEWBORN BABY,https://allegro.pl/oferta/canpol-szczotka-do-wlosow-grzebyk-newborn-baby-7057101523,15,759,6.0,9.0
dziecko,Zdrowie i higiena,Wanienki i akcesoria do kπpieli,WYPRAWKA DLA NOWORODKA WANIENKA FOTELIK AKCESORIA,https://allegro.pl/oferta/wyprawka-dla-noworodka-wanienka-fotelik-akcesoria-6714122767,159,11,0.0,0.0
dziecko,Zdrowie i higiena,Wanienki i akcesoria do kπpieli,RONDO K•PIELOWE DASZEK DO MYCIA G£OWY K•PIEL AVON,https://allegro.pl/oferta/rondo-kapielowe-daszek-do-mycia-glowy-kapiel-avon-8907008564,2,232,10.0,10.0
dziecko,Zdrowie i higiena,Wanienki i akcesoria do kπpieli,WANIENKA dla dzieci -TEGA 102cm kolory,https://allegro.pl/oferta/wanienka-dla-dzieci-tega-102cm-kolory-5400393855,33,129,5.0,8.0
dziecko,Zdrowie i higiena,Wanienki i akcesoria do kπpieli,TEGA ZESTAW K•PIELOWY WANIENKA 102 CM 5 ELEMENT”W,https://allegro.pl/oferta/tega-zestaw-kapielowy-wanienka-102-cm-5-elementow-7296971217,139,42,1.0,1.0
dziecko,Zdrowie i higiena,Wanienki i akcesoria do kπpieli,WANIENKA silikonowa sk≥adana *baby-coo* wanna.,https://allegro.pl/oferta/wanienka-silikonowa-skladana-baby-coo-wanna-8133013184,160,57,2.0,0.0
dziecko,Zdrowie i higiena,Przewijaki,SENSILLO USZTYWNIONY PRZEWIJAK 70x50 NA £”ØECZKO,https://allegro.pl/oferta/sensillo-usztywniony-przewijak-70x50-na-lozeczko-6161473224,38,366,10.0,5.0
dziecko,Zdrowie i higiena,Przewijaki,SENSILLO USZTYWNIONY PRZEWIJAK 70x50 NA £”ØECZKO,https://allegro.pl/oferta/sensillo-usztywniony-przewijak-70x50-na-lozeczko-9038914733,46,115,3.0,0.0
dziecko,Zdrowie i higiena,Przewijaki,SENSILLO USZTYWNIONY PRZEWIJAK 70x50 NA £”ØECZKO,https://allegro.pl/oferta/sensillo-usztywniony-przewijak-70x50-na-lozeczko-5781058461,38,145,3.0,5.0
dziecko,Zdrowie i higiena,Przewijaki,PRZEWIJAK Usztywniony 70x50 na £”ØECZKO / KOMOD ,https://allegro.pl/oferta/przewijak-usztywniony-70x50-na-lozeczko-komode-6927129149,39,164,4.0,4.0
dziecko,Zdrowie i higiena,Przewijaki,CEBA PRZEWIJAK MI KKI NA £”ØECZKO KOMOD  50x70,https://allegro.pl/oferta/ceba-przewijak-miekki-na-lozeczko-komode-50x70-7870805333,29,29,0.0,10.0
dziecko,WÛzki dzieciÍce,WÛzki wielofunkcyjne,Stylowy wÛzek dzieciÍcy 3w1 Coral PROMOCJA kolory,https://allegro.pl/oferta/stylowy-wozek-dzieciecy-3w1-coral-promocja-kolory-9197836763,899,1,0.0,9.0
dziecko,WÛzki dzieciÍce,WÛzki wielofunkcyjne,W”ZEK DZIECI CY 3w1 GOLD LUX G£ BOKI SPACER FOTEL,https://allegro.pl/oferta/wozek-dzieciecy-3w1-gold-lux-gleboki-spacer-fotel-7858616630,1199,61,10.0,8.0
dziecko,WÛzki dzieciÍce,WÛzki wielofunkcyjne,W”ZEK DZIECI CY JUNAMA DIAMOND S LINE 3W1 GOLD,https://allegro.pl/oferta/wozek-dzieciecy-junama-diamond-s-line-3w1-gold-7600660250,2749,3,0.0,0.0
dziecko,WÛzki dzieciÍce,WÛzki wielofunkcyjne,W”ZEK DZIECI CY RIKO BASIC 3W1 WIELOFUNKCYJNY,https://allegro.pl/oferta/wozek-dzieciecy-riko-basic-3w1-wielofunkcyjny-7755487697,1199,30,5.0,8.0
dziecko,WÛzki dzieciÍce,WÛzki wielofunkcyjne,WÛzek dzieciÍcy 3w1 Gondola SpacerÛwka Noside≥ko,https://allegro.pl/oferta/wozek-dzieciecy-3w1-gondola-spacerowka-nosidelko-8653426973,799,8,1.0,10.0
dziecko,WÛzki dzieciÍce,WÛzki spacerowe,WÛzek spacerowy lekki sk≥adany z amortyzacjπ Kaja,https://allegro.pl/oferta/wozek-spacerowy-lekki-skladany-z-amortyzacja-kaja-8998816542,335,136,10.0,7.0
dziecko,WÛzki dzieciÍce,WÛzki spacerowe,W”ZEK SPACER”WKA SIROCCO duøe kÛ≥ka 24cm OCIEPLACZ,https://allegro.pl/oferta/wozek-spacerowka-sirocco-duze-kolka-24cm-ocieplacz-8035682958,319,111,7.0,8.0
dziecko,WÛzki dzieciÍce,WÛzki spacerowe,Kinderkraft Grande wÛzek spacerowy + folia okrycie,https://allegro.pl/oferta/kinderkraft-grande-wozek-spacerowy-folia-okrycie-8743985803,489,127,9.0,3.0
dziecko,WÛzki dzieciÍce,WÛzki spacerowe,W”ZEK SPACEROWY SPACER”WKA PARASOLKA LIONELO EMMA,https://allegro.pl/oferta/wozek-spacerowy-spacerowka-parasolka-lionelo-emma-8079770769,245,58,0.0,10.0
dziecko,WÛzki dzieciÍce,WÛzki spacerowe,LIONELO ANNET TOUR GUMOWE KO£A W”ZEK SPACEROWY,https://allegro.pl/oferta/lionelo-annet-tour-gumowe-kola-wozek-spacerowy-8746745757,589,116,7.0,0.0
dziecko,WÛzki dzieciÍce,WÛzki bliüniacze,WÛzek dzieciÍcy dla bliüniakÛw 3w1 + Gratisy !,https://allegro.pl/oferta/wozek-dzieciecy-dla-blizniakow-3w1-gratisy-8561849102,2499,1,5.0,2.0
dziecko,WÛzki dzieciÍce,WÛzki bliüniacze,MARGARET - PODW”JNY W”ZEK DZIECI CY  BLIèNIACZY,https://allegro.pl/oferta/margaret-podwojny-wozek-dzieciecy-blizniaczy-9136856855,519,1,5.0,10.0
dziecko,WÛzki dzieciÍce,WÛzki bliüniacze,DUET HAVANA BLIèNIAK 63 KOLORY SKR TNE KO£A 2w1,https://allegro.pl/oferta/duet-havana-blizniak-63-kolory-skretne-kola-2w1-7208162457,999,2,10.0,8.0
dziecko,WÛzki dzieciÍce,WÛzki bliüniacze,W”ZEK DZIEC. BLIèNIACZY VERDI FOR2 2W1 + AKCESORIA,https://allegro.pl/oferta/wozek-dziec-blizniaczy-verdi-for2-2w1-akcesoria-8881325957,1999,0,0.0,4.0
dziecko,WÛzki dzieciÍce,WÛzki bliüniacze,DORJAN DANNY TWIN 3W1 W”ZEK BLIèNIACZY + GRATISY!,https://allegro.pl/oferta/dorjan-danny-twin-3w1-wozek-blizniaczy-gratisy-6836913076,3158,0,0.0,0.0
dziecko,WÛzki dzieciÍce,Akcesoria do wÛzka,Dwustronna wk≥adka do SPACER”WKI + Motylek+Pasy+Ba,https://allegro.pl/oferta/dwustronna-wkladka-do-spacerowki-motylek-pasy-ba-8978431606,65,208,9.0,0.0
dziecko,WÛzki dzieciÍce,Akcesoria do wÛzka,Mio Bebe d≥uga wk≥adka do wÛzka SPACER”WKI BAWE£NA,https://allegro.pl/oferta/mio-bebe-dluga-wkladka-do-wozka-spacerowki-bawelna-8006920222,35,220,10.0,8.0
dziecko,WÛzki dzieciÍce,Akcesoria do wÛzka,ZESTAW MAMY DZIECKA TORBA DO W”ZKA 5w1 MATA GRATIS,https://allegro.pl/oferta/zestaw-mamy-dziecka-torba-do-wozka-5w1-mata-gratis-8330392073,49,94,0.0,4.0
dziecko,WÛzki dzieciÍce,Akcesoria do wÛzka,Mio bebe TORBA do wÛzka UNIWERSALNA z Paskiem,https://allegro.pl/oferta/mio-bebe-torba-do-wozka-uniwersalna-z-paskiem-7900687215,40,115,2.0,7.0
dziecko,WÛzki dzieciÍce,Akcesoria do wÛzka,Torba Plecak do WÛzka Organizer dla Mamy Taty 3w1,https://allegro.pl/oferta/torba-plecak-do-wozka-organizer-dla-mamy-taty-3w1-8381247922,29,97,0.0,10.0
dziecko,Dla mamy i dziecka,Leøaczki i huútawki,LEØACZEK BUJACZEK KRZESE£KO + WIBRACJE MELODIE,https://allegro.pl/oferta/lezaczek-bujaczek-krzeselko-wibracje-melodie-8990922111,99,21,0.0,10.0
dziecko,Dla mamy i dziecka,Leøaczki i huútawki,LIONELO PASCAL BUJACZEK LEØACZEK WIBRACJE MELODIE,https://allegro.pl/oferta/lionelo-pascal-bujaczek-lezaczek-wibracje-melodie-8842905561,175,46,4.0,5.0
dziecko,Dla mamy i dziecka,Leøaczki i huútawki,LEØACZEK BUJACZEK HUåTAWKA LIONELO OTTO + ZABAWKI,https://allegro.pl/oferta/lezaczek-bujaczek-hustawka-lionelo-otto-zabawki-8790092125,224,58,6.0,2.0
dziecko,Dla mamy i dziecka,Leøaczki i huútawki,LEØACZEK BUJACZEK 3w1 Z WIBRACJAMI 0-18kg Muzyka,https://allegro.pl/oferta/lezaczek-bujaczek-3w1-z-wibracjami-0-18kg-muzyka-9160993801,108,87,10.0,9.0
dziecko,Dla mamy i dziecka,Leøaczki i huútawki,KINDERKRAFT FLO BUJACZEK ELEKTRYCZNY HUåTAWKA,https://allegro.pl/oferta/kinderkraft-flo-bujaczek-elektryczny-hustawka-7853572893,259,41,3.0,0.0
dziecko,Dla mamy i dziecka,Noside≥ka i chusty,KINDERKRAFT NINO NOSIDE£KO ERGONOMICZNE DO 20KG,https://allegro.pl/oferta/kinderkraft-nino-nosidelko-ergonomiczne-do-20kg-7836274023,139,83,10.0,8.0
dziecko,Dla mamy i dziecka,Noside≥ka i chusty,NOSID£O NOSIDE£KO - CHICCO EASY FIT PRZ”D-TY£ 0M+,https://allegro.pl/oferta/nosidlo-nosidelko-chicco-easy-fit-przod-tyl-0m-6830527485,129,25,0.0,9.0
dziecko,Dla mamy i dziecka,Noside≥ka i chusty,NOSIDE£KO 8W1 NOSID£O BIODROWE 20KG SIEDZISKO BR•Z,https://allegro.pl/oferta/nosidelko-8w1-nosidlo-biodrowe-20kg-siedzisko-braz-7592566801,119,74,8.0,10.0
dziecko,Dla mamy i dziecka,Noside≥ka i chusty,ERGONOMICZNE NOSIDE£KO DLA DZIECKA 4W1 DO 20KG,https://allegro.pl/oferta/ergonomiczne-nosidelko-dla-dziecka-4w1-do-20kg-9077394291,129,55,5.0,9.0
dziecko,Dla mamy i dziecka,Noside≥ka i chusty,Noside≥ko ERGONOMICZNE dla dziecka Margareet 20kg,https://allegro.pl/oferta/nosidelko-ergonomiczne-dla-dziecka-margareet-20kg-8766055844,199,69,8.0,0.0
dziecko,Dla mamy i dziecka,Laktatory i akcesoria,LAKTATOR ELEKTRYCZNY ODCI•GACZ MLEKA POKARMU CICHY,https://allegro.pl/oferta/laktator-elektryczny-odciagacz-mleka-pokarmu-cichy-7933224606,88,555,10.0,8.0
dziecko,Dla mamy i dziecka,Laktatory i akcesoria,AKUKU LAKTATOR R CZNY ODCI•GACZ POKARMU + BUTELKA,https://allegro.pl/oferta/akuku-laktator-reczny-odciagacz-pokarmu-butelka-6801564768,32,236,3.0,10.0
dziecko,Dla mamy i dziecka,Laktatory i akcesoria,PHILIPS AVENT LAKTATOR ELEKTRYCZNY NATURAL PREMIUM,https://allegro.pl/oferta/philips-avent-laktator-elektryczny-natural-premium-8909607048,348,89,0.0,0.0
dziecko,Dla mamy i dziecka,Laktatory i akcesoria,LAKTATOR R CZNY AKUKU ODCI•GACZ POKARMU + BUTELKA,https://allegro.pl/oferta/laktator-reczny-akuku-odciagacz-pokarmu-butelka-6738622575,32,149,1.0,10.0
dziecko,Dla mamy i dziecka,Laktatory i akcesoria,KOLEKTOR MLEKA MAGICZNA BUTELECZKA ODCI•GACZ,https://allegro.pl/oferta/kolektor-mleka-magiczna-buteleczka-odciagacz-8991706756,29,103,0.0,10.0
dziecko,Dla mamy i dziecka,Smoczki i gryzaki,LOVI SMOCZEK DYNAMICZNY ORTODONTYCZNY 2 SZT 6-18 m,https://allegro.pl/oferta/lovi-smoczek-dynamiczny-ortodontyczny-2-szt-6-18-m-8902571350,24,423,10.0,4.0
dziecko,Dla mamy i dziecka,Smoczki i gryzaki,BIBS SMOCZEK USPOKAJAJ•CY S KAUCZUK HEVEA 0m+ 1szt,https://allegro.pl/oferta/bibs-smoczek-uspokajajacy-s-kauczuk-hevea-0m-1szt-9153634755,20,168,0.0,10.0
dziecko,Dla mamy i dziecka,Smoczki i gryzaki,LEKKA ZAWIESZKA SILIKONOWA Z IMIENIEM DO SMOCZKA,https://allegro.pl/oferta/lekka-zawieszka-silikonowa-z-imieniem-do-smoczka-8254750520,27,192,1.0,0.0
dziecko,Dla mamy i dziecka,Smoczki i gryzaki,LOVI SMOCZEK DYNAMICZNY ORTODONTYCZNY 2 SZT 0-3 m,https://allegro.pl/oferta/lovi-smoczek-dynamiczny-ortodontyczny-2-szt-0-3-m-5561037615,24,227,2.0,4.0
dziecko,Dla mamy i dziecka,Smoczki i gryzaki,BIBS SMOCZEK USPOKAJAJ•CY S KAUCZUK HEVEA 0m+ 1szt,https://allegro.pl/oferta/bibs-smoczek-uspokajajacy-s-kauczuk-hevea-0m-1szt-9153539574,20,165,0.0,10.0
dziecko,Karmienie dziecka,Butelki i akcesoria,AVENT BUTELKA ANTYKOLKOWA NATURAL 260ml + SMOCZEK!,https://allegro.pl/oferta/avent-butelka-antykolkowa-natural-260ml-smoczek-6830104511,35,586,4.0,8.0
dziecko,Karmienie dziecka,Butelki i akcesoria,DZIDZIUå ØEL P£YN DO MYCIA BUTELEK SMOCZK”W 500 ML,https://allegro.pl/oferta/dzidzius-zel-plyn-do-mycia-butelek-smoczkow-500-ml-6032818463,11,1299,10.0,10.0
dziecko,Karmienie dziecka,Butelki i akcesoria,LOVI BUTELKA MEDICAL 150 ml + SMOCZEK USP. GRATIS,https://allegro.pl/oferta/lovi-butelka-medical-150-ml-smoczek-usp-gratis-6855729148,25,420,2.0,9.0
dziecko,Karmienie dziecka,Butelki i akcesoria,AVENT ZESTAW STARTOWY CLASSIC+ BUTELKI ANTYKOLKOWY,https://allegro.pl/oferta/avent-zestaw-startowy-classic-butelki-antykolkowy-8789308362,119,185,0.0,0.0
dziecko,Karmienie dziecka,Butelki i akcesoria,AVENT NATURAL BUTELKA 260 ml smoczek antykolkowy,https://allegro.pl/oferta/avent-natural-butelka-260-ml-smoczek-antykolkowy-6972043568,28,358,2.0,8.0
dziecko,Karmienie dziecka,Krzese≥ka do karmienia,IKEA ANTILOP Krzese≥ko do karmienia z pasami +TACA,https://allegro.pl/oferta/ikea-antilop-krzeselko-do-karmienia-z-pasami-taca-6826015352,89,248,10.0,10.0
dziecko,Karmienie dziecka,Krzese≥ka do karmienia,Palmowe krzese≥ko do karmienia. åliczne regulowane,https://allegro.pl/oferta/palmowe-krzeselko-do-karmienia-sliczne-regulowane-7642690457,194,76,2.0,5.0
dziecko,Karmienie dziecka,Krzese≥ka do karmienia,NOWOCZESNE KRZESE£KO DO KARMIENIA SIROCCO NUI,https://allegro.pl/oferta/nowoczesne-krzeselko-do-karmienia-sirocco-nui-8508038105,319,193,7.0,0.0
dziecko,Karmienie dziecka,Krzese≥ka do karmienia,KRZESE£KO DO KARMIENIA PODN”ØEK FOTELIK TACKA,https://allegro.pl/oferta/krzeselko-do-karmienia-podnozek-fotelik-tacka-8721666687,89,105,3.0,10.0
dziecko,Karmienie dziecka,Krzese≥ka do karmienia,Krzese≥ko do karmienia 3 w 1 Fotelik Siedzisko r,https://allegro.pl/oferta/krzeselko-do-karmienia-3-w-1-fotelik-siedzisko-r-7696534104,129,32,0.0,8.0
dziecko,Karmienie dziecka,åliniaki,åLINIAK z R KAWAMI fartuszek do zabaw jedzenia HIT,https://allegro.pl/oferta/sliniak-z-rekawami-fartuszek-do-zabaw-jedzenia-hit-6321255940,14,152,4.0,0.0
dziecko,Karmienie dziecka,åliniaki,CANPOL åliniaki 3 szt. Bawe≥niano Ceratkowe 2/103,https://allegro.pl/oferta/canpol-sliniaki-3-szt-bawelniano-ceratkowe-2-103-7262500305,10,333,10.0,6.0
dziecko,Karmienie dziecka,åliniaki,åLINIAK SILIKONOWY WODOODPORNY KIESZONK• CANPOL,https://allegro.pl/oferta/sliniak-silikonowy-wodoodporny-kieszonka-canpol-8334220772,11,123,3.0,4.0
dziecko,Karmienie dziecka,åliniaki,FARTUSZEK DZIECI CY åLINIAK Z R KAWAMI PIAMBO,https://allegro.pl/oferta/fartuszek-dzieciecy-sliniak-z-rekawami-piambo-7276113720,9,137,3.0,7.0
dziecko,Karmienie dziecka,åliniaki,FARTUSZEK DZIECI CY åLINIAK Z R KAWAMI - Oeko-tex,https://allegro.pl/oferta/fartuszek-dzieciecy-sliniak-z-rekawami-oeko-tex-7850908006,7,52,0.0,10.0
dziecko,Karmienie dziecka,ØywnoúÊ dla dzieci,HOLLE BIO KASZKA JAGLANA PE£NOZIARNISTA EKO 250G,https://allegro.pl/oferta/holle-bio-kaszka-jaglana-pelnoziarnista-eko-250g-8866192574,12,332,10.0,10.0
dziecko,Karmienie dziecka,ØywnoúÊ dla dzieci,NOWOå∆: 6x Enfamil Premium 3 800 g MFGM,https://allegro.pl/oferta/nowosc-6x-enfamil-premium-3-800-g-mfgm-8953207800,275,77,0.0,0.0
dziecko,Karmienie dziecka,ØywnoúÊ dla dzieci,Helpa KASZKA 5 ZB”Ø BIO CZARY MAMY,https://allegro.pl/oferta/helpa-kaszka-5-zboz-bio-czary-mamy-8005483949,10,71,0.0,10.0
dziecko,Karmienie dziecka,ØywnoúÊ dla dzieci,Mleko poczπtkowe HIPP 1 BIO COMBIOTIK 4X600G,https://allegro.pl/oferta/mleko-poczatkowe-hipp-1-bio-combiotik-4x600g-8932899142,151,64,0.0,5.0
dziecko,Karmienie dziecka,ØywnoúÊ dla dzieci,HiPP BIO Herbatka Owocowa z Dzikπ RÛøπ wit.C,https://allegro.pl/oferta/hipp-bio-herbatka-owocowa-z-dzika-roza-wit-c-9160644590,11,81,1.0,10.0
