elektronika,Telefony i akcesoria,Smartfony,Smartfon HUAWEI P smart 2019 Midnight Czarny,https://allegro.pl/oferta/smartfon-huawei-p-smart-2019-midnight-czarny-9116408002,599,523,10.0
elektronika,Telefony i akcesoria,Smartfony,APPLE IPHONE 7 32GB iOS 4G LTE - Ró¿ne kolory,https://allegro.pl/oferta/apple-iphone-7-32gb-ios-4g-lte-rozne-kolory-7300839317,739,107,1.0
elektronika,Telefony i akcesoria,Smartfony,Smartfon APPLE iPhone 7 32GB Czarny,https://allegro.pl/oferta/smartfon-apple-iphone-7-32gb-czarny-9116356360,1299,296,5.0
elektronika,Telefony i akcesoria,Smartfony,Huawei P40 Lite Czarny 6/128GB,https://allegro.pl/oferta/huawei-p40-lite-czarny-6-128gb-9101834885,999,35,0.0
elektronika,Telefony i akcesoria,Smartfony,HUAWEI P40 Lite E 4/64GB Czarny,https://allegro.pl/oferta/huawei-p40-lite-e-4-64gb-czarny-9101879193,699,57,0.0
elektronika,Telefony i akcesoria,Smartwatche,Xiaomi Mi Band 4 OPASKA SPORTOWA + FOLIA GRATIS,https://allegro.pl/oferta/xiaomi-mi-band-4-opaska-sportowa-folia-gratis-8279162971,129,1681,10.0
elektronika,Telefony i akcesoria,Smartwatche,Smartwatch damski KW10 OLED DESIGN kroki puls cykl,https://allegro.pl/oferta/smartwatch-damski-kw10-oled-design-kroki-puls-cykl-8276311080,209,652,3.0
elektronika,Telefony i akcesoria,Smartwatche,SMARTBAND OPASKA SPORTOWA SMARTWATCH ZEGAREK M4,https://allegro.pl/oferta/smartband-opaska-sportowa-smartwatch-zegarek-m4-8687678323,39,650,3.0
elektronika,Telefony i akcesoria,Smartwatche,Smartwatch Zegarek GT08 Smart Watch Android,https://allegro.pl/oferta/smartwatch-zegarek-gt08-smart-watch-android-6225718294,55,188,0.0
elektronika,Telefony i akcesoria,Smartwatche,Xiaomi Mi Band 4 OPASKA SPORTOWA + FOLIA GRATIS,https://allegro.pl/oferta/xiaomi-mi-band-4-opaska-sportowa-folia-gratis-8915883997,128,988,5.0
elektronika,Telefony i akcesoria,Tablety,TABLET 10'' CALI  IPS  GPS  32 GB  + ETUI Z KLAWIA,https://allegro.pl/oferta/tablet-10-cali-ips-gps-32-gb-etui-z-klawia-8527155738,309,207,10.0
elektronika,Telefony i akcesoria,Tablety,APPLE IPAD MINI SPACE GRAY 16 GB A1432 KLASA A,https://allegro.pl/oferta/apple-ipad-mini-space-gray-16-gb-a1432-klasa-a-9153859285,499,7,0.0
elektronika,Telefony i akcesoria,Tablety,YOTOPT 10 cali tablet 3G/WiFi 2GB 32GB android 9.0,https://allegro.pl/oferta/yotopt-10-cali-tablet-3g-wifi-2gb-32gb-android-9-0-8751878056,469,153,7.0
elektronika,Telefony i akcesoria,Tablety,Tablet HUAWEI MediaPad T3 10 LTE SIM Szary 16GB,https://allegro.pl/oferta/tablet-huawei-mediapad-t3-10-lte-sim-szary-16gb-8969587824,489,98,5.0
elektronika,Telefony i akcesoria,Tablety,SAMSUNG GALAXY TAB S LTE 8.4 SM-T705 Stan BDB+,https://allegro.pl/oferta/samsung-galaxy-tab-s-lte-8-4-sm-t705-stan-bdb-8353956318,499,9,0.0
elektronika,Telefony i akcesoria,Akcesoria GSM,TYP-C KABEL QUICK CHARGE 3.0 SZYBKIE £ADOWANIE,https://allegro.pl/oferta/typ-c-kabel-quick-charge-3-0-szybkie-ladowanie-7865547535,6,2614,10.0
elektronika,Telefony i akcesoria,Akcesoria GSM,MICRO USB KABEL QUICK CHARGE SZYBKIE £ADOWANIE,https://allegro.pl/oferta/micro-usb-kabel-quick-charge-szybkie-ladowanie-7865532161,4,1847,7.0
elektronika,Telefony i akcesoria,Akcesoria GSM,ADAPTER MICRO USB do USB-C 3.1 TYP-C PRZEJŒCIÓWKA,https://allegro.pl/oferta/adapter-micro-usb-do-usb-c-3-1-typ-c-przejsciowka-7941243255,1,1822,7.0
elektronika,Telefony i akcesoria,Akcesoria GSM,Baseus ³adowarka indukcyjna bezprzewodowa Qi Fast,https://allegro.pl/oferta/baseus-ladowarka-indukcyjna-bezprzewodowa-qi-fast-7637870151,54,296,0.0
elektronika,Telefony i akcesoria,Akcesoria GSM,KABEL 3w1 DO IPHONE / MICRO USB / TYP-C,https://allegro.pl/oferta/kabel-3w1-do-iphone-micro-usb-typ-c-8552665137,11,588,3.0
elektronika,Komputery,Laptopy,Lenovo ThinkPad X131E 4GB 250GB HDMI USB 3.0 W7/10,https://allegro.pl/oferta/lenovo-thinkpad-x131e-4gb-250gb-hdmi-usb-3-0-w7-10-8931520914,569,52,10.0
elektronika,Komputery,Laptopy,Apple MacBook AIR a1465 Core i5 4GB 128GB SSD,https://allegro.pl/oferta/apple-macbook-air-a1465-core-i5-4gb-128gb-ssd-8891018472,1827,31,5.0
elektronika,Komputery,Laptopy,2w1 Lenovo ThinkPad Yoga 11e Tablet Quad 4Gb SSD,https://allegro.pl/oferta/2w1-lenovo-thinkpad-yoga-11e-tablet-quad-4gb-ssd-8973397193,599,8,0.0
elektronika,Komputery,Laptopy,Lenovo ThinkPad T460 |i5|8GB|256GB SSD|Win10|FHD,https://allegro.pl/oferta/lenovo-thinkpad-t460-i5-8gb-256gb-ssd-win10-fhd-8263302633,1572,54,10.0
elektronika,Komputery,Laptopy,Dell Latitude 7390 i5-8350 8GB 256SSD FHD TOUCH 10,https://allegro.pl/oferta/dell-latitude-7390-i5-8350-8gb-256ssd-fhd-touch-10-8699048023,2699,45,8.0
elektronika,Komputery,Komputery stacjonarne,ZESTAW DO GIER! INTEL I7 8GB 500GB + AOC LED 24',https://allegro.pl/oferta/zestaw-do-gier-intel-i7-8gb-500gb-aoc-led-24-7932556890,1990,16,1.0
elektronika,Komputery,Komputery stacjonarne,ZESTAW GRACZA i7 RX-580 16GB +MONITOR 24 +GRATIS,https://allegro.pl/oferta/zestaw-gracza-i7-rx-580-16gb-monitor-24-gratis-8465324994,2889,88,10.0
elektronika,Komputery,Komputery stacjonarne,KOMPUTER DO GIER 10 Rdzeni! 3 8GHz Radeon R7 8GB,https://allegro.pl/oferta/komputer-do-gier-10-rdzeni-3-8ghz-radeon-r7-8gb-6821113525,1099,8,0.0
elektronika,Komputery,Komputery stacjonarne,Komputer RYZEN 12 RDZENI 16GB RX VEGA SSD480 Win10,https://allegro.pl/oferta/komputer-ryzen-12-rdzeni-16gb-rx-vega-ssd480-win10-8932438527,1649,49,5.0
elektronika,Komputery,Komputery stacjonarne,DO GIER Hammet 4x2 5GHz 8GB 240GB SSD GRAFIKA 2GB,https://allegro.pl/oferta/do-gier-hammet-4x2-5ghz-8gb-240gb-ssd-grafika-2gb-7781259837,799,9,0.0
elektronika,Komputery,Drukarki i skanery,Drukarka  skaner Canon MG2550 / S,https://allegro.pl/oferta/drukarka-skaner-canon-mg2550-s-7489321999,79,113,0.0
elektronika,Komputery,Drukarki i skanery,Drukarka HP Deskjet 3720 tusz nr 304,https://allegro.pl/oferta/drukarka-hp-deskjet-3720-tusz-nr-304-8424605164,159,378,4.0
elektronika,Komputery,Drukarki i skanery,Drukarka skaner HP DeskJet 2630 + AirPrint i wi-fi,https://allegro.pl/oferta/drukarka-skaner-hp-deskjet-2630-airprint-i-wi-fi-7660820654,319,712,10.0
elektronika,Komputery,Drukarki i skanery,URZ¥DZENIE WIELOFUNKCYJNE HP ENVY 4500 DUPLEX WIFI,https://allegro.pl/oferta/urzadzenie-wielofunkcyjne-hp-envy-4500-duplex-wifi-9141930306,259,130,0.0
elektronika,Komputery,Drukarki i skanery,Drukarka HP Envy Photo seria 4520 Tusz nr 302,https://allegro.pl/oferta/drukarka-hp-envy-photo-seria-4520-tusz-nr-302-8633679084,179,288,3.0
elektronika,Komputery,Podzespo³y komputerowe,Asus Radeon Expedition RX570  4GB. Gw.,https://allegro.pl/oferta/asus-radeon-expedition-rx570-4gb-gw-8939227173,439,110,0.0
elektronika,Komputery,Podzespo³y komputerowe,ATX NATEC ARMADILLO Obudowa USB 3.0 + WENTYLATOR,https://allegro.pl/oferta/atx-natec-armadillo-obudowa-usb-3-0-wentylator-7724158453,68,130,0.0
elektronika,Komputery,Podzespo³y komputerowe,P£YTA G£ÓWNA MS-7848 i3 i5 i7 DDR3 SATA3 s.1150,https://allegro.pl/oferta/plyta-glowna-ms-7848-i3-i5-i7-ddr3-sata3-s-1150-6122904776,89,132,0.0
elektronika,Komputery,Podzespo³y komputerowe,Karta Graficzna XFX AMD Radeon RX 580 OC 8GB GDDR5,https://allegro.pl/oferta/karta-graficzna-xfx-amd-radeon-rx-580-oc-8gb-gddr5-8970690643,692,139,1.0
elektronika,Komputery,Podzespo³y komputerowe,AAB COOLING TG1 PASTA TERMOPRZEWODZ¥CA SREBRO,https://allegro.pl/oferta/aab-cooling-tg1-pasta-termoprzewodzaca-srebro-9106394310,5,670,10.0
elektronika,Telewizory i akcesoria,Telewizory,TELEWIZOR 32'' OPTICUM 32MH2500 DVB-T2 H.265 HDMI,https://allegro.pl/oferta/telewizor-32-opticum-32mh2500-dvb-t2-h-265-hdmi-9029281305,399,805,10.0
elektronika,Telewizory i akcesoria,Telewizory,LEVEL HD 8232 Telewizor LED HD-Ready 32 cale,https://allegro.pl/oferta/level-hd-8232-telewizor-led-hd-ready-32-cale-8834797336,398,394,5.0
elektronika,Telewizory i akcesoria,Telewizory,Telewizor Lin LED 32LHD1220 SMART TV WIFI,https://allegro.pl/oferta/telewizor-lin-led-32lhd1220-smart-tv-wifi-9017599778,549,218,3.0
elektronika,Telewizory i akcesoria,Telewizory,55"SONY=Bluetooth =NETFLIX =MPEG-4=ANDROID=4K,https://allegro.pl/oferta/55-sony-bluetooth-netflix-mpeg-4-android-4k-9187047394,1450,0,0.0
elektronika,Telewizory i akcesoria,Telewizory,TELEWIZOR QLED 65 SAMSUNG QE65Q60RA 4k UHD SmartTV,https://allegro.pl/oferta/telewizor-qled-65-samsung-qe65q60ra-4k-uhd-smarttv-8104159552,3699,118,1.0
elektronika,Telewizory i akcesoria,Projektory,RZUTNIK PROJEKTOR OVERMAX MULTIPIC 2.3 LED HD WIFI,https://allegro.pl/oferta/rzutnik-projektor-overmax-multipic-2-3-led-hd-wifi-6120313413,369,114,10.0
elektronika,Telewizory i akcesoria,Projektory,RZUTNIK PROJEKTOR OVERMAX MULTIPIC 3.5 LED HD WiFi,https://allegro.pl/oferta/rzutnik-projektor-overmax-multipic-3-5-led-hd-wifi-8534011147,549,56,3.0
elektronika,Telewizory i akcesoria,Projektory,RZUTNIK PROJEKTOR LED FULL HD 1080P ANDROID 2019,https://allegro.pl/oferta/rzutnik-projektor-led-full-hd-1080p-android-2019-8195185883,1199,43,2.0
elektronika,Telewizory i akcesoria,Projektory,RZUTNIK PROJEKTOR OVERMAX MULTIPIC 2.3 + EKRAN HD,https://allegro.pl/oferta/rzutnik-projektor-overmax-multipic-2-3-ekran-hd-7391977784,469,26,0.0
elektronika,Telewizory i akcesoria,Projektory,OWLENZ PROJEKTOR RZUTNIK FULL HD 2500lum 1280x800,https://allegro.pl/oferta/owlenz-projektor-rzutnik-full-hd-2500lum-1280x800-9105411533,469,42,2.0
elektronika,Telewizory i akcesoria,Kina domowe,ZESTAW KINA DOMOWEGO PHILIPS HTS3100,https://allegro.pl/oferta/zestaw-kina-domowego-philips-hts3100-9124775131,150,0,0
elektronika,Telewizory i akcesoria,Kina domowe,Zestaw G³oœników Kina Domowego 5.1,https://allegro.pl/oferta/zestaw-glosnikow-kina-domowego-5-1-9089727968,1099,0,0
elektronika,Telewizory i akcesoria,Kina domowe,Zestaw G³oœników Kina Domowego 5.0,https://allegro.pl/oferta/zestaw-glosnikow-kina-domowego-5-0-9117868059,599,0,0
elektronika,Telewizory i akcesoria,Kina domowe,ZESTAW KINA DOMOWEGO VK 5.1 HiFi OPTICAL HDMI BT 4,https://allegro.pl/oferta/zestaw-kina-domowego-vk-5-1-hifi-optical-hdmi-bt-4-9089792740,1999,0,0
elektronika,Telewizory i akcesoria,Kina domowe,Soundbar Samsung HW-Q90R 7.1.4 510W Bluetooth,https://allegro.pl/oferta/soundbar-samsung-hw-q90r-7-1-4-510w-bluetooth-8854102104,3399,0,0
elektronika,Telewizory i akcesoria,Stoliki uchwyty i pó³ki,Obrotowy uchwyt do telewizora TV LCD LED 32' - 55',https://allegro.pl/oferta/obrotowy-uchwyt-do-telewizora-tv-lcd-led-32-55-6643268960,49,2750,10.0
elektronika,Telewizory i akcesoria,Stoliki uchwyty i pó³ki,Obrotowy uchwyt TV Wieszak Telewizora LCD 45'-70',https://allegro.pl/oferta/obrotowy-uchwyt-tv-wieszak-telewizora-lcd-45-70-7151832470,109,1583,5.0
elektronika,Telewizory i akcesoria,Stoliki uchwyty i pó³ki,Obrotowy uchwyt do telewizorów LCD  LED TV 32-55,https://allegro.pl/oferta/obrotowy-uchwyt-do-telewizorow-lcd-led-tv-32-55-7400733526,79,965,2.0
elektronika,Telewizory i akcesoria,Stoliki uchwyty i pó³ki,UCHWYT WIESZAK TV TELEWIZORA LCD 22-42 OBROTOWY FV,https://allegro.pl/oferta/uchwyt-wieszak-tv-telewizora-lcd-22-42-obrotowy-fv-6832011661,40,489,0.0
elektronika,Telewizory i akcesoria,Stoliki uchwyty i pó³ki,UCHWYT TV WIESZAK DO TELEWIZORA OBROTOWY MOCNY,https://allegro.pl/oferta/uchwyt-tv-wieszak-do-telewizora-obrotowy-mocny-8384915937,79,400,0.0
elektronika,Konsole i automaty,Konsole Xbox One,Konsola Xbox One S 1 TB All-Digital Edititon + GRY,https://allegro.pl/oferta/konsola-xbox-one-s-1-tb-all-digital-edititon-gry-9197237451,699,85,8.0
elektronika,Konsole i automaty,Konsole Xbox One,Konsola Xbox One X 1TB + Forza Horizon 4 LEGO,https://allegro.pl/oferta/konsola-xbox-one-x-1tb-forza-horizon-4-lego-9152577560,1399,45,4.0
elektronika,Konsole i automaty,Konsole Xbox One,KONSOLA XBOX ONE S 4K 1TB/1000GB +ASSASSIN'S CREED,https://allegro.pl/oferta/konsola-xbox-one-s-4k-1tb-1000gb-assassin-s-creed-8867309097,649,100,10.0
elektronika,Konsole i automaty,Konsole Xbox One,KONSOLA XBOX ONE 500GB BO ID¥ WAKACJE ;),https://allegro.pl/oferta/konsola-xbox-one-500gb-bo-ida-wakacje-8113330363,580,6,0.0
elektronika,Konsole i automaty,Konsole Xbox One,KONSOLA XBOX ONE S 4K 1TB/1000GB +6X GRA+GAME PASS,https://allegro.pl/oferta/konsola-xbox-one-s-4k-1tb-1000gb-6x-gra-game-pass-8691077977,749,27,2.0
elektronika,Konsole i automaty,Konsole Playstation 4,Konsola Playstation 4 500 gb / Ps4,https://allegro.pl/oferta/konsola-playstation-4-500-gb-ps4-9000367018,899,29,4.0
elektronika,Konsole i automaty,Konsole Playstation 4,SONY PLAYSTATION 4 500GB JET BLACK + PAD SKLEP !,https://allegro.pl/oferta/sony-playstation-4-500gb-jet-black-pad-sklep-8710083967,898,11,1.0
elektronika,Konsole i automaty,Konsole Playstation 4,Konsola Sony PlayStation 4 Pro 1 TB 4K HDMI Ps4,https://allegro.pl/oferta/konsola-sony-playstation-4-pro-1-tb-4k-hdmi-ps4-8975296816,1249,6,0.0
elektronika,Konsole i automaty,Konsole Playstation 4,Sony Playstation 4 Slim 500GB +Pad Sony V2 / Ps4,https://allegro.pl/oferta/sony-playstation-4-slim-500gb-pad-sony-v2-ps4-9034731352,999,33,5.0
elektronika,Konsole i automaty,Konsole Playstation 4,KONSOLA SONY PLAYSTATION 4 PS4 SLIM 500GB 2216A,https://allegro.pl/oferta/konsola-sony-playstation-4-ps4-slim-500gb-2216a-8745285039,1399,60,10.0
elektronika,Konsole i automaty,Nintendo Switch,KONSOLA NINTENDO SWITCH RED BLUE - NOWY MODEL V2,https://allegro.pl/oferta/konsola-nintendo-switch-red-blue-nowy-model-v2-9154692156,1679,54,10.0
elektronika,Konsole i automaty,Nintendo Switch,Szara Konsola NINTENDO Switch Lite,https://allegro.pl/oferta/szara-konsola-nintendo-switch-lite-8545228999,939,39,7.0
elektronika,Konsole i automaty,Nintendo Switch,Turkusowa Konsola NINTENDO Switch Lite,https://allegro.pl/oferta/turkusowa-konsola-nintendo-switch-lite-8545241931,939,15,2.0
elektronika,Konsole i automaty,Nintendo Switch,Konsola NINTENDO SWITCH V2 32GB - NOWY MODEL -GWAR,https://allegro.pl/oferta/konsola-nintendo-switch-v2-32gb-nowy-model-gwar-9204480832,1589,11,1.0
elektronika,Konsole i automaty,Nintendo Switch,NINTENDO SWITCH R&B NOWY MODEL V2+LABO VEHICLE,https://allegro.pl/oferta/nintendo-switch-r-b-nowy-model-v2-labo-vehicle-9174512648,1749,4,0.0
elektronika,Konsole i automaty,Konsole Xbox 360,BEZPRZEWODOWY GAMEPAD XBOX 360 PC DUAL SHOCK PAD,https://allegro.pl/oferta/bezprzewodowy-gamepad-xbox-360-pc-dual-shock-pad-7877862965,109,195,7.0
elektronika,Konsole i automaty,Konsole Xbox 360,ORYGINALNY PAD KONTROLER XBOX 360 BEZPRZEWODOWY,https://allegro.pl/oferta/oryginalny-pad-kontroler-xbox-360-bezprzewodowy-8252773950,149,272,10.0
elektronika,Konsole i automaty,Konsole Xbox 360,KONSOLA XBOX 360 SLIM S 4 GB  PAD  PE£NY ZESTAW,https://allegro.pl/oferta/konsola-xbox-360-slim-s-4-gb-pad-pelny-zestaw-8934443492,268,26,1.0
elektronika,Konsole i automaty,Konsole Xbox 360,GAMEPAD PAD DO PC XBOX 360 KONSOLI USB DUAL SHOCK,https://allegro.pl/oferta/gamepad-pad-do-pc-xbox-360-konsoli-usb-dual-shock-7972150617,89,102,4.0
elektronika,Konsole i automaty,Konsole Xbox 360,KONSOLA XBOX 360 FAT BEZ HDMI   PAD  PE£NY ZESTAW,https://allegro.pl/oferta/konsola-xbox-360-fat-bez-hdmi-pad-pelny-zestaw-9190639669,159,6,0.0
elektronika,AGD ma³e,Kuchnia gotowanie,Wk³ad Filtr do DAFI BRITA AQUAPHOR MAXTRA 10 SZTUK,https://allegro.pl/oferta/wklad-filtr-do-dafi-brita-aquaphor-maxtra-10-sztuk-7348475799,67,2003,10.0
elektronika,AGD ma³e,Kuchnia gotowanie,ROBOT KUCHENNY PLANETARNY MIKSER BLENDER 1500W MIS,https://allegro.pl/oferta/robot-kuchenny-planetarny-mikser-blender-1500w-mis-9096331204,649,212,0.0
elektronika,AGD ma³e,Kuchnia gotowanie,ELEKTRONICZNA WAGA KUCHENNA PRECYZYJNA LCD DOTYK,https://allegro.pl/oferta/elektroniczna-waga-kuchenna-precyzyjna-lcd-dotyk-8598241148,29,1173,5.0
elektronika,AGD ma³e,Kuchnia gotowanie,Elektryczny grill opiekacz FIT bezt³uszczowy FIRST,https://allegro.pl/oferta/elektryczny-grill-opiekacz-fit-beztluszczowy-first-7124617747,139,432,1.0
elektronika,AGD ma³e,Kuchnia gotowanie,ROBOT KUCHENNY PLANETARNY MIKSER AMBIANO 600W 3 8L,https://allegro.pl/oferta/robot-kuchenny-planetarny-mikser-ambiano-600w-3-8l-8856651419,199,347,1.0
elektronika,AGD ma³e,Higiena i pielêgnacja,PHILIPS maszynka trymer do w³osów brody 7w1 MG3720,https://allegro.pl/oferta/philips-maszynka-trymer-do-wlosow-brody-7w1-mg3720-7049134901,175,737,2.0
elektronika,AGD ma³e,Higiena i pielêgnacja,MASZYNKA DO STRZY¯ENIA W£OSÓW BRODY CIA£A GOLARKA,https://allegro.pl/oferta/maszynka-do-strzyzenia-wlosow-brody-ciala-golarka-9196898456,49,562,0.0
elektronika,AGD ma³e,Higiena i pielêgnacja,BRAUN MGK 3025 3020 6w1 MASZYNKA TRYMER DO W£OSÓW,https://allegro.pl/oferta/braun-mgk-3025-3020-6w1-maszynka-trymer-do-wlosow-8377951207,224,687,2.0
elektronika,AGD ma³e,Higiena i pielêgnacja,REMINGTON HC5100 MASZYNKA Strzy¿arka DO W£OSÓW,https://allegro.pl/oferta/remington-hc5100-maszynka-strzyzarka-do-wlosow-9165562545,149,651,1.0
elektronika,AGD ma³e,Higiena i pielêgnacja,MASZYNKA DO STRZY¯ENIA W£OSÓW BRODY ZESTAW,https://allegro.pl/oferta/maszynka-do-strzyzenia-wlosow-brody-zestaw-8118753135,40,1323,10.0
elektronika,AGD ma³e,Do domu,Rêczna maszyna do szycia Magic Stitch - 2 szt.,https://allegro.pl/oferta/reczna-maszyna-do-szycia-magic-stitch-2-szt-9149427010,129,608,6.0
elektronika,AGD ma³e,Do domu,ODKURZACZ BEZWORKOWY CYKLONOWY 3200 +TURBOSZCZOTKA,https://allegro.pl/oferta/odkurzacz-bezworkowy-cyklonowy-3200-turboszczotka-7773717022,269,959,9.0
elektronika,AGD ma³e,Do domu,ODKURZACZ BEZWORKOWY CYKLONOWY 3000 +TURBOSZCZOTKA,https://allegro.pl/oferta/odkurzacz-bezworkowy-cyklonowy-3000-turboszczotka-7475115884,249,1087,10.0
elektronika,AGD ma³e,Do domu,ODKURZACZ BEZPRZEWODOWY TURBOSZCZOTKA 2W1 LED,https://allegro.pl/oferta/odkurzacz-bezprzewodowy-turboszczotka-2w1-led-9149994834,199,84,1.0
elektronika,AGD ma³e,Do domu,MASZYNA DO SZYCIA Sifo 202A,https://allegro.pl/oferta/maszyna-do-szycia-sifo-202a-9203566053,188,5,0.0
elektronika,AGD ma³e,Odkurzacze,ODKURZACZ BEZWORKOWY CYKLONOWY 3200 +TURBOSZCZOTKA,https://allegro.pl/oferta/odkurzacz-bezworkowy-cyklonowy-3200-turboszczotka-7773717022,269,959,9.0
elektronika,AGD ma³e,Odkurzacze,ODKURZACZ BEZWORKOWY CYKLONOWY 3000 +TURBOSZCZOTKA,https://allegro.pl/oferta/odkurzacz-bezworkowy-cyklonowy-3000-turboszczotka-7475115884,249,1087,10.0
elektronika,AGD ma³e,Odkurzacze,ODKURZACZ BEZPRZEWODOWY TURBOSZCZOTKA 2W1 LED,https://allegro.pl/oferta/odkurzacz-bezprzewodowy-turboszczotka-2w1-led-9149994834,199,84,0.0
elektronika,AGD ma³e,Odkurzacze,Odkurzacz bezprzewodowy DYSON V8 Animal Plus,https://allegro.pl/oferta/odkurzacz-bezprzewodowy-dyson-v8-animal-plus-9149257370,1299,140,1.0
elektronika,AGD ma³e,Odkurzacze,PROFESJONALNY ODKURZACZ PIOR¥CY ZESTAW 10w1 GIGANT,https://allegro.pl/oferta/profesjonalny-odkurzacz-pioracy-zestaw-10w1-gigant-7897405367,429,160,1.0
elektronika,AGD,Lodówki,LODÓWKA FRENCH DOOR SAM COOK PSC-WG-1020 NO FROST,https://allegro.pl/oferta/lodowka-french-door-sam-cook-psc-wg-1020-no-frost-8609344257,2899,7,0.0
elektronika,AGD,Lodówki,Side by Side Samsung RS 50N3913BC kostkarka barek,https://allegro.pl/oferta/side-by-side-samsung-rs-50n3913bc-kostkarka-barek-8257172354,3998,10,1.0
elektronika,AGD,Lodówki,Lodówka AMICA FK2515.4UTX 268L Klasa A+ INOX,https://allegro.pl/oferta/lodowka-amica-fk2515-4utx-268l-klasa-a-inox-7815817328,1099,38,10.0
elektronika,AGD,Lodówki,Lodówka SAMSUNG RB33J3230BC,https://allegro.pl/oferta/lodowka-samsung-rb33j3230bc-9104026548,1799,9,1.0
elektronika,AGD,Lodówki,Ma³a wydajna lodówka ch³odziarka hotelowa MiniBar,https://allegro.pl/oferta/mala-wydajna-lodowka-chlodziarka-hotelowa-minibar-9124512831,299,28,7.0
elektronika,AGD,Pralki,PRALKA BEKO WRE6511 A+++/6KG/42CM/1000 obr/SLIM,https://allegro.pl/oferta/pralka-beko-wre6511-a-6kg-42cm-1000-obr-slim-7280740110,799,175,10.0
elektronika,AGD,Pralki,Pralka Bosch WAB 2026 YPL ActiveWater A+++ 6kg,https://allegro.pl/oferta/pralka-bosch-wab-2026-ypl-activewater-a-6kg-9067383387,999,101,4.0
elektronika,AGD,Pralki,Pralka BEKO AWTE 6511 BWW3 A+++ wsad 6kg 1000 obr,https://allegro.pl/oferta/pralka-beko-awte-6511-bww3-a-wsad-6kg-1000-obr-9013086466,818,105,5.0
elektronika,AGD,Pralki,PRALKA VIVAX WFL-080523A A+ SLIM 46 cm,https://allegro.pl/oferta/pralka-vivax-wfl-080523a-a-slim-46-cm-9036469558,699,43,0.0
elektronika,AGD,Pralki,Pralka Bosch WAE 2006GPL A+++ 7kg Wymienne ³o¿yska,https://allegro.pl/oferta/pralka-bosch-wae-2006gpl-a-7kg-wymienne-lozyska-8270033345,1099,43,0.0
elektronika,AGD,Zmywarki,ZMYWARKA BEKO DFS05013S/A+/srebr/zdejmowany blat,https://allegro.pl/oferta/zmywarka-beko-dfs05013s-a-srebr-zdejmowany-blat-8860430538,994,37,10.0
elektronika,AGD,Zmywarki,Zmywarka Amica 3 KOSZ 45CM 10 KPL A++ Srebrna LED,https://allegro.pl/oferta/zmywarka-amica-3-kosz-45cm-10-kpl-a-srebrna-led-8944123526,1295,27,6.0
elektronika,AGD,Zmywarki,ZMYWARKA BEKO DFN16410S/A+/srebr/zdejmowany blat,https://allegro.pl/oferta/zmywarka-beko-dfn16410s-a-srebr-zdejmowany-blat-8040231665,1086,38,10.0
elektronika,AGD,Zmywarki,Zmywarka Whirlpool WFC 3C26 X A++ 14kpl. 9 L 60cm,https://allegro.pl/oferta/zmywarka-whirlpool-wfc-3c26-x-a-14kpl-9-l-60cm-7483153543,1359,23,5.0
elektronika,AGD,Zmywarki,ZMYWARKA 60 AMICA DFM604SNA A++ 12 kpl Srebrna !,https://allegro.pl/oferta/zmywarka-60-amica-dfm604sna-a-12-kpl-srebrna-7929751356,1149,10,0.0
elektronika,AGD,Kuchenki mikrofalowe,MIKROFALA Kuchenka Mikrofalowa MIKROFALÓWKA KOLORY,https://allegro.pl/oferta/mikrofala-kuchenka-mikrofalowa-mikrofalowka-kolory-9125244229,227,69,5.0
elektronika,AGD,Kuchenki mikrofalowe,MIKROFALA Kuchenka Mikrofalowa MIKROFALÓWKA KOLORY,https://allegro.pl/oferta/mikrofala-kuchenka-mikrofalowa-mikrofalowka-kolory-9210796735,229,3,0.0
elektronika,AGD,Kuchenki mikrofalowe,Sharp Kuchenka Mikrofalowa Mikrofalówka R642INW,https://allegro.pl/oferta/sharp-kuchenka-mikrofalowa-mikrofalowka-r642inw-8915024154,299,41,3.0
elektronika,AGD,Kuchenki mikrofalowe,MIKROFALA Kuchenka Mikrofalowa MIKROFALÓWKA KOLORY,https://allegro.pl/oferta/mikrofala-kuchenka-mikrofalowa-mikrofalowka-kolory-7471027646,204,53,4.0
elektronika,AGD,Kuchenki mikrofalowe,KUCHENKA MIKROFALOWA SAMSUNG GE83X 1200W 23L GRILL,https://allegro.pl/oferta/kuchenka-mikrofalowa-samsung-ge83x-1200w-23l-grill-7972466456,389,130,10.0
elektronika,AGD do zabudowy,P³yty grzewcze,P³yta indukcyjna Electrolux EHH6240ISK,https://allegro.pl/oferta/plyta-indukcyjna-electrolux-ehh6240isk-7821564868,868,58,8.0
elektronika,AGD do zabudowy,P³yty grzewcze,P£YTA GAZOWA WHIRLPOOL AKM 268 IX,https://allegro.pl/oferta/plyta-gazowa-whirlpool-akm-268-ix-8291755218,349,68,9.0
elektronika,AGD do zabudowy,P³yty grzewcze,P£YTA GAZOWA EGG6407K ELECTROLUX SZK£O,https://allegro.pl/oferta/plyta-gazowa-egg6407k-electrolux-szklo-8169385744,699,13,0.0
elektronika,AGD do zabudowy,P³yty grzewcze,P£YTA GAZOWA do zabudowy BEKO HILW64222S !,https://allegro.pl/oferta/plyta-gazowa-do-zabudowy-beko-hilw64222s-7174882876,599,19,1.0
elektronika,AGD do zabudowy,P³yty grzewcze,P£YTA CERAMICZNA AMICA PC6400ZH - 4 pola grzewcze,https://allegro.pl/oferta/plyta-ceramiczna-amica-pc6400zh-4-pola-grzewcze-7832943348,626,73,10.0
elektronika,AGD do zabudowy,Piekarniki do zabudowy,Piekarnik WHIRLPOOL OVG01 SA TERMOOBIEG INOX HIT,https://allegro.pl/oferta/piekarnik-whirlpool-ovg01-sa-termoobieg-inox-hit-8464307070,499,72,10.0
elektronika,AGD do zabudowy,Piekarniki do zabudowy,Piekarnik do zabudowy Amica EB6521 Fusion 65 L,https://allegro.pl/oferta/piekarnik-do-zabudowy-amica-eb6521-fusion-65-l-8963914290,699,44,6.0
elektronika,AGD do zabudowy,Piekarniki do zabudowy,PIEKARNIK do zabudowy AMICA EB7541DB FINE grill,https://allegro.pl/oferta/piekarnik-do-zabudowy-amica-eb7541db-fine-grill-7058702519,802,48,6.0
elektronika,AGD do zabudowy,Piekarniki do zabudowy,PIEKARNIK SAMSUNG NV 75N5641RB Dual Cook Flex,https://allegro.pl/oferta/piekarnik-samsung-nv-75n5641rb-dual-cook-flex-8535803505,2288,8,0.0
elektronika,AGD do zabudowy,Piekarniki do zabudowy,PIEKARNIK do zabudowy AMICA Fusion EB7541B,https://allegro.pl/oferta/piekarnik-do-zabudowy-amica-fusion-eb7541b-7655664890,911,27,3.0
elektronika,AGD do zabudowy,Zmywarki do zabudowy,ZMYWARKA BEKO DIN28425 9 5L/A++/3KOSZ/ledSpot/46dB,https://allegro.pl/oferta/zmywarka-beko-din28425-9-5l-a-3kosz-ledspot-46db-7844170745,1249,83,10.0
elektronika,AGD do zabudowy,Zmywarki do zabudowy,Zmywarka HOTPOINT-ARISTON LTB6B019 /A+/14kpl/40min,https://allegro.pl/oferta/zmywarka-hotpoint-ariston-ltb6b019-a-14kpl-40min-7976797053,939,13,0.0
elektronika,AGD do zabudowy,Zmywarki do zabudowy,ZMYWARKA do zabudowy 45 cm BOSCH SPV 25CX01E A+ !!,https://allegro.pl/oferta/zmywarka-do-zabudowy-45-cm-bosch-spv-25cx01e-a-7522909345,1249,31,3.0
elektronika,AGD do zabudowy,Zmywarki do zabudowy,ZMYWARKA DO ZABUDOWY BOSCH SMV46LX02E 13 kpl A++ !,https://allegro.pl/oferta/zmywarka-do-zabudowy-bosch-smv46lx02e-13-kpl-a-8633681080,1899,25,2.0
elektronika,AGD do zabudowy,Zmywarki do zabudowy,ZMYWARKA do zabudowy 60 AMICA DIM604O A++ 12 kpl,https://allegro.pl/oferta/zmywarka-do-zabudowy-60-amica-dim604o-a-12-kpl-8543233116,1055,24,2.0
elektronika,AGD do zabudowy,Okapy,OKAP PODSZAFKOWY KUCHENNY 60cm ZILAN SREBRNY,https://allegro.pl/oferta/okap-podszafkowy-kuchenny-60cm-zilan-srebrny-9169721141,269,53,8.0
elektronika,AGD do zabudowy,Okapy,OKAP kuchenny AMICA do zabudowy 60cm CZARNY LED,https://allegro.pl/oferta/okap-kuchenny-amica-do-zabudowy-60cm-czarny-led-8603523818,348,61,10.0
elektronika,AGD do zabudowy,Okapy,OKAP PODSZAFKOWY KUCHENNY 60cm ZILAN CZARNY,https://allegro.pl/oferta/okap-podszafkowy-kuchenny-60cm-zilan-czarny-8837705636,169,51,8.0
elektronika,AGD do zabudowy,Okapy,Czarny okap kuchenny teleskopowy podszafkowy 60cm,https://allegro.pl/oferta/czarny-okap-kuchenny-teleskopowy-podszafkowy-60cm-8222147437,229,30,3.0
elektronika,AGD do zabudowy,Okapy,OKAP KUCHENNY wertykalny 60 AMICA OKC620SB,https://allegro.pl/oferta/okap-kuchenny-wertykalny-60-amica-okc620sb-7655912266,426,19,0.0
elektronika,Fotografia,Aparaty cyfrowe,SLR aparat teleobiektyw aparat cyfrowy,https://allegro.pl/oferta/slr-aparat-teleobiektyw-aparat-cyfrowy-9070678848,139,6,0.0
elektronika,Fotografia,Aparaty cyfrowe,KAMERA APARAT CYFROWY DLA DZIECI +NAKLEJKI + SMYCZ,https://allegro.pl/oferta/kamera-aparat-cyfrowy-dla-dzieci-naklejki-smycz-7728862679,129,242,10.0
elektronika,Fotografia,Aparaty cyfrowe,NIKON COOLPIX P1000 ... NOWY GWARANCJA 4K max ZOOM,https://allegro.pl/oferta/nikon-coolpix-p1000-nowy-gwarancja-4k-max-zoom-9072437804,3649,7,0.0
elektronika,Fotografia,Aparaty cyfrowe,CANON EOS 2000D + EF-S 18-55 f/3.5-5.6 IS II,https://allegro.pl/oferta/canon-eos-2000d-ef-s-18-55-f-3-5-5-6-is-ii-7910116473,1529,10,0.0
elektronika,Fotografia,Aparaty cyfrowe,FujiFilm X-A3 srebrny + 16-50 mm f/3.5-5.6 XC II,https://allegro.pl/oferta/fujifilm-x-a3-srebrny-16-50-mm-f-3-5-5-6-xc-ii-7837588123,1499,3,0.0
elektronika,Fotografia,Obiektywy,Obiektyw Yongnuo YN-50mm F1.8 Canon EOS MF AF,https://allegro.pl/oferta/obiektyw-yongnuo-yn-50mm-f1-8-canon-eos-mf-af-8479551349,239,21,10.0
elektronika,Fotografia,Obiektywy,Teleobiektyw TAMRON AF 70-300mm F4-5.6 Di LD Nikon,https://allegro.pl/oferta/teleobiektyw-tamron-af-70-300mm-f4-5-6-di-ld-nikon-8309553549,599,7,0.0
elektronika,Fotografia,Obiektywy,CANON EF 100 mm f/2.8 L MACRO IS USM - NOWY! F.VAT,https://allegro.pl/oferta/canon-ef-100-mm-f-2-8-l-macro-is-usm-nowy-f-vat-7541134207,3449,3,2.0
elektronika,Fotografia,Obiektywy,Tamron 28-75mm f/2.8 Di III RXD Sony E - NOWY!!!,https://allegro.pl/oferta/tamron-28-75mm-f-2-8-di-iii-rxd-sony-e-nowy-7826737601,3205,3,0.0
elektronika,Fotografia,Obiektywy,NIKON NIKKOR AF-S DX 18-140 mm f/3.5-5.6 G ED VR,https://allegro.pl/oferta/nikon-nikkor-af-s-dx-18-140-mm-f-3-5-5-6-g-ed-vr-8929752925,999,3,0.0
elektronika,Fotografia,Akcesoria fotograficzne,4w1 Statyw tripod 103cm PILOT uchwyt na telefon,https://allegro.pl/oferta/4w1-statyw-tripod-103cm-pilot-uchwyt-na-telefon-7479019994,43,1202,10.0
elektronika,Fotografia,Akcesoria fotograficzne,ALBUM NA 300 ZDJÊÆ 10x15CM KIESZENIOWY 300 WSUWANE,https://allegro.pl/oferta/album-na-300-zdjec-10x15cm-kieszeniowy-300-wsuwane-6942809898,18,650,4.0
elektronika,Fotografia,Akcesoria fotograficzne,SELFIE 4w1 STATYW 103cm PILOT UCHWYT NA TELEFON 1,https://allegro.pl/oferta/selfie-4w1-statyw-103cm-pilot-uchwyt-na-telefon-1-9069982016,40,540,3.0
elektronika,Fotografia,Akcesoria fotograficzne,ALBUM NA ZDJÊCIA 10x15 WSUWANE 300 ZDJÊÆ WZORY,https://allegro.pl/oferta/album-na-zdjecia-10x15-wsuwane-300-zdjec-wzory-6816615564,18,300,1.0
elektronika,Fotografia,Akcesoria fotograficzne,STATYW TRIPOD UCHWYT NA APARAT KAMER WYS. 150 CM,https://allegro.pl/oferta/statyw-tripod-uchwyt-na-aparat-kamer-wys-150-cm-8953235828,35,240,0.0
elektronika,Fotografia,Aparaty natychmiastowe (Instax Polaroid),FUJI INSTAX MINI 9 PINK ZESTAW PREZENT XL LSRa,https://allegro.pl/oferta/fuji-instax-mini-9-pink-zestaw-prezent-xl-lsra-8089784485,419,23,0.0
elektronika,Fotografia,Aparaty natychmiastowe (Instax Polaroid),Aparat natychmiastowy FUJIFILM Instax Mini 9,https://allegro.pl/oferta/aparat-natychmiastowy-fujifilm-instax-mini-9-8077000474,259,26,1.0
elektronika,Fotografia,Aparaty natychmiastowe (Instax Polaroid),Fujifilm wk³ad Instax mini 8 9 70 90 2x10 szt.,https://allegro.pl/oferta/fujifilm-wklad-instax-mini-8-9-70-90-2x10-szt-8440919660,52,263,10.0
elektronika,Fotografia,Aparaty natychmiastowe (Instax Polaroid),FUJI INSTAX MINI 9 APARAT + WK£AD 20 szt POLAROID,https://allegro.pl/oferta/fuji-instax-mini-9-aparat-wklad-20-szt-polaroid-7682535475,298,27,1.0
elektronika,Fotografia,Aparaty natychmiastowe (Instax Polaroid),Aparat natychmiastowy FUJIFILM Instax Mini 9,https://allegro.pl/oferta/aparat-natychmiastowy-fujifilm-instax-mini-9-8265863550,229,11,0.0
