kolekcje_i_sztuka,Antyki i sztuka,Antyki,Srebrna cukiernica skrzynkowa. Pocz. XIX w. 218 g.,https://allegro.pl/oferta/srebrna-cukiernica-skrzynkowa-pocz-xix-w-218-g-9218199969,700,11,1.0
kolekcje_i_sztuka,Antyki i sztuka,Antyki,Mechanizm zegara cichy/p≥ynπcy z wieszakiem,https://allegro.pl/oferta/mechanizm-zegara-cichy-plynacy-z-wieszakiem-7148495632,4,121,10.0
kolekcje_i_sztuka,Antyki i sztuka,Antyki,OMEGA BUMPER-AUTOMATIC W KRABIE STALOWA PI KNA,https://allegro.pl/oferta/omega-bumper-automatic-w-krabie-stalowa-piekna-9207660282,2497,0,0.0
kolekcje_i_sztuka,Antyki i sztuka,Antyki,LAMPA NAFTOWA LAMPION BLACHA STOI WISI ALTANA OLEJ,https://allegro.pl/oferta/lampa-naftowa-lampion-blacha-stoi-wisi-altana-olej-8000193205,57,8,1.0
kolekcje_i_sztuka,Antyki i sztuka,Antyki,ZENITH zegarek mÍski LITE Z£OTO 14K 585 mono. +BOX,https://allegro.pl/oferta/zenith-zegarek-meski-lite-zloto-14k-585-mono-box-9198548123,1725,22,2.0
kolekcje_i_sztuka,Antyki i sztuka,Antykwariat,Sztabka srebra 1kg,https://allegro.pl/oferta/sztabka-srebra-1kg-9169031022,4000,0,0.0
kolekcje_i_sztuka,Antyki i sztuka,Antykwariat,Leon WYCZ”£KOWSKI (1852-1936) 'Widok na Wawel',https://allegro.pl/oferta/leon-wyczolkowski-1852-1936-widok-na-wawel-9217731569,1650,0,0.0
kolekcje_i_sztuka,Antyki i sztuka,Antykwariat,Breslau Hirschberg ZdjÍcia na Szkle 1908 r Unikat,https://allegro.pl/oferta/breslau-hirschberg-zdjecia-na-szkle-1908-r-unikat-9203836405,1000,9,10.0
kolekcje_i_sztuka,Antyki i sztuka,Antykwariat,Pharmacopea - 1608 rok POLSKI W•TEK jak w opisie,https://allegro.pl/oferta/pharmacopea-1608-rok-polski-watek-jak-w-opisie-9218108252,1800,0,0.0
kolekcje_i_sztuka,Antyki i sztuka,Antykwariat,Bardzo ≥adny secesyjny pamiÍtnik z poczπtku XXw.,https://allegro.pl/oferta/bardzo-ladny-secesyjny-pamietnik-z-poczatku-xxw-9213667252,10,2,2.0
kolekcje_i_sztuka,Antyki i sztuka,Malarstwo,Wlastimil HOFMAN (1881-1970) 'Nazaret'  1944 rok,https://allegro.pl/oferta/wlastimil-hofman-1881-1970-nazaret-1944-rok-9200948546,2150,13,10.0
kolekcje_i_sztuka,Antyki i sztuka,Malarstwo,Klavdio - RANEK ZE SNU - obraz olejny  anio≥  akt,https://allegro.pl/oferta/klavdio-ranek-ze-snu-obraz-olejny-aniol-akt-9187480932,560,3,0.0
kolekcje_i_sztuka,Antyki i sztuka,Malarstwo,senodolinie -IWA SOK”£   OGR”D" obraz olejny,https://allegro.pl/oferta/senodolinie-iwa-sokol-ogrod-obraz-olejny-9219439527,353,3,0.0
kolekcje_i_sztuka,Antyki i sztuka,Malarstwo,M.Szczepaniak `Nad stawem` 60x40 cm,https://allegro.pl/oferta/m-szczepaniak-nad-stawem-60x40-cm-9212251200,165,8,5.0
kolekcje_i_sztuka,Antyki i sztuka,Malarstwo,Dubiel von Lerach SALON EROTYCZNY obraz olej oryg.,https://allegro.pl/oferta/dubiel-von-lerach-salon-erotyczny-obraz-olej-oryg-9205043583,308,10,7.0
kolekcje_i_sztuka,Antyki i sztuka,Meble antyczne,... Stara Szafa Secesyjna ...,https://allegro.pl/oferta/stara-szafa-secesyjna-9202218402,790,0,0.0
kolekcje_i_sztuka,Antyki i sztuka,Meble antyczne,DUØA SKRZYNIA KOMODA KUFER SIEDZISKO,https://allegro.pl/oferta/duza-skrzynia-komoda-kufer-siedzisko-7488947742,299,12,10.0
kolekcje_i_sztuka,Antyki i sztuka,Meble antyczne,IMPONUJ•CY ANTYK 100-LETNI D BOWY KREDENS !!!,https://allegro.pl/oferta/imponujacy-antyk-100-letni-debowy-kredens-9037545388,4500,0,0.0
kolekcje_i_sztuka,Antyki i sztuka,Meble antyczne,NEORENESANSOWY 100-LETNI KOMPLET ST”£ I 6 KRZESE£!,https://allegro.pl/oferta/neorenesansowy-100-letni-komplet-stol-i-6-krzesel-9215285299,4000,0,0.0
kolekcje_i_sztuka,Antyki i sztuka,Meble antyczne,GLOBUS BAREK GLOBOBAR GLOBOBAREK 55451 PROMOCJA,https://allegro.pl/oferta/globus-barek-globobar-globobarek-55451-promocja-6779359526,448,10,8.0
kolekcje_i_sztuka,Antyki i sztuka,Porcelana antyczna,UNIKAT PI KNY SERWIS KAWA OBIAD IWONA 60E CHODZIEØ,https://allegro.pl/oferta/unikat-piekny-serwis-kawa-obiad-iwona-60e-chodziez-9198313144,347,19,10.0
kolekcje_i_sztuka,Antyki i sztuka,Porcelana antyczna,ANTYK - FILIØANKA TRIO-CROWN STAFFORDSHIRE XIX/XXW,https://allegro.pl/oferta/antyk-filizanka-trio-crown-staffordshire-xix-xxw-9191633171,37,14,7.0
kolekcje_i_sztuka,Antyki i sztuka,Porcelana antyczna,SPODE'S ITALIAN - 6 TALERZY 26cm,https://allegro.pl/oferta/spode-s-italian-6-talerzy-26cm-9197186168,124,8,4.0
kolekcje_i_sztuka,Antyki i sztuka,Porcelana antyczna,Serwis kawowy 12os Jaworzyna Koenigszelt Charlotte,https://allegro.pl/oferta/serwis-kawowy-12os-jaworzyna-koenigszelt-charlotte-9183633189,1790,0,0.0
kolekcje_i_sztuka,Antyki i sztuka,Porcelana antyczna,ANTYK - FIGURKA - COALPORT,https://allegro.pl/oferta/antyk-figurka-coalport-9216950152,2,4,2.0
kolekcje_i_sztuka,Antyki i sztuka,Rysunek,Obrazy Menzel'a od 1850 r.,https://allegro.pl/oferta/obrazy-menzel-a-od-1850-r-8696769402,200,0,0
kolekcje_i_sztuka,Antyki i sztuka,Rysunek,Portret rysunek obraz suche pastele 35x50 cm,https://allegro.pl/oferta/portret-rysunek-obraz-suche-pastele-35x50-cm-9218466860,70,0,0
kolekcje_i_sztuka,Antyki i sztuka,Rysunek,Karykatura Karykatury Portret Prezent  ålub Wesele,https://allegrolokalnie.pl/oferta/karykatura-karykatury-portret-prezent-slub-wesele,80,0,0
kolekcje_i_sztuka,Antyki i sztuka,Rysunek,Dekoracyjny pastel  kobieta  moda  Agata Roúciecha,https://allegro.pl/oferta/dekoracyjny-pastel-kobieta-moda-agata-rosciecha-9188093906,1500,0,0
kolekcje_i_sztuka,Antyki i sztuka,Rysunek,OKAZJA! Pejzaø  o≥Ûwek  akwarela/papier  21x29 5cm,https://allegro.pl/oferta/okazja-pejzaz-olowek-akwarela-papier-21x29-5cm-9210372618,300,0,0
kolekcje_i_sztuka,Antyki i sztuka,Sztuka wspÛ≥czesna,Zdzis≥aw BeksiÒski - Bez tytu≥u(#20),https://allegro.pl/oferta/zdzislaw-beksinski-bez-tytulu-20-9198098683,599,0,0.0
kolekcje_i_sztuka,Antyki i sztuka,Sztuka wspÛ≥czesna,Obraz Zimowy pejzaø nad Odrπ fotografia z ptakami,https://allegro.pl/oferta/obraz-zimowy-pejzaz-nad-odra-fotografia-z-ptakami-6928739001,130,0,0.0
kolekcje_i_sztuka,Antyki i sztuka,Sztuka wspÛ≥czesna,P≥askorzeüba Chrystus pod krzyøem Prymicje,https://allegro.pl/oferta/plaskorzezba-chrystus-pod-krzyzem-prymicje-9137822520,99,0,0.0
kolekcje_i_sztuka,Antyki i sztuka,Sztuka wspÛ≥czesna,Jan LEBENSTEIN - Jeüdücy Apokalipsy - CzasSztuki,https://allegro.pl/oferta/jan-lebenstein-jezdzcy-apokalipsy-czassztuki-9211530898,461,4,10.0
kolekcje_i_sztuka,Antyki i sztuka,Sztuka wspÛ≥czesna,Fotoelektroniczny miernik obrotÛw WYKOPKI 68r,https://allegro.pl/oferta/fotoelektroniczny-miernik-obrotow-wykopki-68r-9214237384,80,0,0.0
kolekcje_i_sztuka,Antyki i sztuka,Tkaniny,Stary dwuczÍúciowy strÛj bogato zdobiony szata !!!,https://allegro.pl/oferta/stary-dwuczesciowy-stroj-bogato-zdobiony-szata-9215682095,1,2,4.0
kolekcje_i_sztuka,Antyki i sztuka,Tkaniny,TURECKI WE£NIANY DYWAN WZ”R PERS 410x300 cm -90%,https://allegro.pl/oferta/turecki-welniany-dywan-wzor-pers-410x300-cm-90-9023167511,799,0,0.0
kolekcje_i_sztuka,Antyki i sztuka,Tkaniny,Orygina≥ secesja obrus z poczπtku XX w nr 1,https://allegro.pl/oferta/oryginal-secesja-obrus-z-poczatku-xx-w-nr-1-9213717652,45,5,10.0
kolekcje_i_sztuka,Antyki i sztuka,Tkaniny,WYJ•TKOWY WE£NIANY PAKISTA—SKI DYWAN 2 50/3 50m,https://allegro.pl/oferta/wyjatkowy-welniany-pakistanski-dywan-2-50-3-50m-9190011935,789,0,0.0
kolekcje_i_sztuka,Antyki i sztuka,Tkaniny,SALONOWY TKANY DYWAN PERSKI KESHAN 2 95/3 85m,https://allegro.pl/oferta/salonowy-tkany-dywan-perski-keshan-2-95-3-85m-9214733721,1699,0,0.0
kolekcje_i_sztuka,Antyki i sztuka,Akcesoria plastyczne,ZESTAW FARBY AKRYLOWE 12x12 ml+P DZLE+PALETA farba,https://allegro.pl/oferta/zestaw-farby-akrylowe-12x12-ml-pedzle-paleta-farba-8755193116,43,499,6.0
kolekcje_i_sztuka,Antyki i sztuka,Akcesoria plastyczne,Farby akrylowe Phoenix 100 ml kolory do wyboru,https://allegro.pl/oferta/farby-akrylowe-phoenix-100-ml-kolory-do-wyboru-9106308903,4,812,9.0
kolekcje_i_sztuka,Antyki i sztuka,Akcesoria plastyczne,MALARSKI DUØY ZESTAW na prezet SZTALUGA BLEJTRAMY,https://allegro.pl/oferta/malarski-duzy-zestaw-na-prezet-sztaluga-blejtramy-7594433966,149,191,2.0
kolekcje_i_sztuka,Antyki i sztuka,Akcesoria plastyczne,30/40 PODOBRAZIA 30x40 PODOBRAZIE 40x30 40/30,https://allegro.pl/oferta/30-40-podobrazia-30x40-podobrazie-40x30-40-30-6653529278,14,855,10.0
kolekcje_i_sztuka,Antyki i sztuka,Akcesoria plastyczne,MALARSKI ZESTAW na prezent SZTALUGA P£”TNA FARBY,https://allegro.pl/oferta/malarski-zestaw-na-prezent-sztaluga-plotna-farby-6984954956,77,42,0.0
kolekcje_i_sztuka,Kolekcje,Birofilistyka,AUTOMATYCZNY OTWIERACZ DO BUTELEK PIWA NA KAPSLE,https://allegro.pl/oferta/automatyczny-otwieracz-do-butelek-piwa-na-kapsle-6875516306,19,24,8.0
kolekcje_i_sztuka,Kolekcje,Birofilistyka,Strony NA KAPSLE Od PIWA HIT !!! + PRZEK£ADKI !!,https://allegro.pl/oferta/strony-na-kapsle-od-piwa-hit-przekladki-7848152055,6,31,10.0
kolekcje_i_sztuka,Kolekcje,Birofilistyka,MAPA PIWOSZA na KAPSLE PREZENT DLA NIEGO GRAWER,https://allegro.pl/oferta/mapa-piwosza-na-kapsle-prezent-dla-niego-grawer-9002732584,82,6,2.0
kolekcje_i_sztuka,Kolekcje,Birofilistyka,Kufel z grawerem- 'øebyú zawsze mia≥ piwo w kuflu',https://allegro.pl/oferta/kufel-z-grawerem-zebys-zawsze-mial-piwo-w-kuflu-7594858473,39,5,2.0
kolekcje_i_sztuka,Kolekcje,Birofilistyka,Secesyjny kufel w bardzo ≥adnym stanie,https://allegro.pl/oferta/secesyjny-kufel-w-bardzo-ladnym-stanie-9213496297,229,0,0.0
kolekcje_i_sztuka,Kolekcje,Filatelistyka,POLSKA 1962 - 1992- KOLEKCJA ZNACZK”W-czyste * *,https://allegro.pl/oferta/polska-1962-1992-kolekcja-znaczkow-czyste-9213089996,75,8,0.0
kolekcje_i_sztuka,Kolekcje,Filatelistyka,5052 blok 345 cz** 2020 KS Ruch ChorzÛw 100 lecie,https://allegro.pl/oferta/5052-blok-345-cz-2020-ks-ruch-chorzow-100-lecie-9185621690,59,21,3.0
kolekcje_i_sztuka,Kolekcje,Filatelistyka,1920-39 GdaÒsk ≥adna KOLEKCJA duøa wartoúÊ,https://allegro.pl/oferta/1920-39-gdansk-ladna-kolekcja-duza-wartosc-9042962722,162,21,3.0
kolekcje_i_sztuka,Kolekcje,Filatelistyka,Wodzowie zawiasy mostki 339 - 341 gw. M. Wysocki,https://allegro.pl/oferta/wodzowie-zawiasy-mostki-339-341-gw-m-wysocki-9194796816,920,14,1.0
kolekcje_i_sztuka,Kolekcje,Filatelistyka,KLASER NA ZNACZKI BASIC A4 60 STRON LEUCHTTURM,https://allegro.pl/oferta/klaser-na-znaczki-basic-a4-60-stron-leuchtturm-7291256870,96,50,10.0
kolekcje_i_sztuka,Kolekcje,Medale i odznaczenia,Duøa PLAKIETA z Janem III Sobieskim 28 3 x 17 7 cm,https://allegro.pl/oferta/duza-plakieta-z-janem-iii-sobieskim-28-3-x-17-7-cm-9195078004,1635,10,10.0
kolekcje_i_sztuka,Kolekcje,Medale i odznaczenia,Medal - brπz z Lwowskim grawerem - LwÛw / Katowice,https://allegro.pl/oferta/medal-braz-z-lwowskim-grawerem-lwow-katowice-9217458714,250,1,1.0
kolekcje_i_sztuka,Kolekcje,Medale i odznaczenia,Odznaczenia - Niemcy - Saksonia - Krzyø,https://allegro.pl/oferta/odznaczenia-niemcy-saksonia-krzyz-9217471339,470,0,0.0
kolekcje_i_sztuka,Kolekcje,Medale i odznaczenia,EDITH PIAF - Ewa WÛjcik-Konstantinovska (ur 1967),https://allegro.pl/oferta/edith-piaf-ewa-wojcik-konstantinovska-ur-1967-9195261980,499,0,0.0
kolekcje_i_sztuka,Kolekcje,Medale i odznaczenia,Korski ptain seria krÛlewska,https://allegrolokalnie.pl/oferta/korski-ptain-seria-krolewska-mgw,520,0,0.0
kolekcje_i_sztuka,Kolekcje,Militaria kolekcjonerskie,SIATKA MASKUJ•CA 3D GHILLIE na metry wz93 WOODLAND,https://allegro.pl/oferta/siatka-maskujaca-3d-ghillie-na-metry-wz93-woodland-8007166508,19,135,10.0
kolekcje_i_sztuka,Kolekcje,Militaria kolekcjonerskie,Spodnie Wojskowe POLSKIE MORO BOJ”WKI NOWE roz L,https://allegro.pl/oferta/spodnie-wojskowe-polskie-moro-bojowki-nowe-roz-l-6975728428,99,33,2.0
kolekcje_i_sztuka,Kolekcje,Militaria kolekcjonerskie,PAS TAKTYCZNY POLICYJNY + KABURA OPORZ•DZENIE 12cz,https://allegro.pl/oferta/pas-taktyczny-policyjny-kabura-oporzadzenie-12cz-8381393214,119,13,1.0
kolekcje_i_sztuka,Kolekcje,Militaria kolekcjonerskie,KAMIZELKA Taktyczna HUZAR OCHRONA POLICJA KONWOJE,https://allegro.pl/oferta/kamizelka-taktyczna-huzar-ochrona-policja-konwoje-8930945351,149,13,1.0
kolekcje_i_sztuka,Kolekcje,Militaria kolekcjonerskie,KOMBINEZON PRZECIWCHEMICZNY OP1 L2 MASKA MC1 R3,https://allegro.pl/oferta/kombinezon-przeciwchemiczny-op1-l2-maska-mc1-r3-9160969732,229,3,0.0
kolekcje_i_sztuka,Kolekcje,Modelarstwo,ØYWICA EPOKSYDOWA ODLEWNICZA krystaliczna + GRATIS,https://allegro.pl/oferta/zywica-epoksydowa-odlewnicza-krystaliczna-gratis-8289294956,43,905,10.0
kolekcje_i_sztuka,Kolekcje,Modelarstwo,Dron OVERMAX X Bee Drone 9.5 GPS WiFi FPV 4K 60kmh,https://allegro.pl/oferta/dron-overmax-x-bee-drone-9-5-gps-wifi-fpv-4k-60kmh-8728857959,799,154,0.0
kolekcje_i_sztuka,Kolekcje,Modelarstwo,ØYWICA EPOKSYDOWA EPIDIAN 5+UTWARDZACZ Z1 560G,https://allegro.pl/oferta/zywica-epoksydowa-epidian-5-utwardzacz-z1-560g-8535079658,22,188,1.0
kolekcje_i_sztuka,Kolekcje,Modelarstwo,DRON OVERMAX X Bee Drone 3.1 WiFi KAMERA FPV LED,https://allegro.pl/oferta/dron-overmax-x-bee-drone-3-1-wifi-kamera-fpv-led-7264528314,249,116,0.0
kolekcje_i_sztuka,Kolekcje,Modelarstwo,ØYWICA EPOKSYDOWA ODLEWNICZA 1 5KG KRYSTALICZNA +,https://allegro.pl/oferta/zywica-epoksydowa-odlewnicza-1-5kg-krystaliczna-8289325491,63,400,4.0
kolekcje_i_sztuka,Kolekcje,Pamiπtki PRL-u,Nartosanki ZSRR w PRL,https://allegro.pl/oferta/nartosanki-zsrr-w-prl-9110846520,400,0,0.0
kolekcje_i_sztuka,Kolekcje,Pamiπtki PRL-u,Menaøka pojemnik obiadowy trojak stal 18/8 NOWA,https://allegro.pl/oferta/menazka-pojemnik-obiadowy-trojak-stal-18-8-nowa-9172267060,60,0,0.0
kolekcje_i_sztuka,Kolekcje,Pamiπtki PRL-u,Encyklopedia Powszechna PWN 5 tomÛw PRL 1976,https://allegro.pl/oferta/encyklopedia-powszechna-pwn-5-tomow-prl-1976-7755260264,99,0,0.0
kolekcje_i_sztuka,Kolekcje,Pamiπtki PRL-u,REGLAMENTACJA gra na kartki IPN Kolejka - Wroc≥aw,https://allegro.pl/oferta/reglamentacja-gra-na-kartki-ipn-kolejka-wroclaw-9181410401,22,0,0.0
kolekcje_i_sztuka,Kolekcje,Pamiπtki PRL-u,Palart Wroc≥aw SamochÛd elektryczny zabawka zPRL-u,https://allegrolokalnie.pl/oferta/palart-wroclaw-samochod-elektryczny-zabawka-zprl-u-j5w,505,5,10.0
kolekcje_i_sztuka,Kolekcje,Pieniπdz papierowy,Zestaw banknotÛw úwiata UNC,https://allegro.pl/oferta/zestaw-banknotow-swiata-unc-8445709014,39,19,3.0
kolekcje_i_sztuka,Kolekcje,Pieniπdz papierowy,UE - Banknot 0 -euro -2020-1Jan Pawel II-Urodziny,https://allegro.pl/oferta/ue-banknot-0-euro-2020-1jan-pawel-ii-urodziny-9203914476,34,5,0.0
kolekcje_i_sztuka,Kolekcje,Pieniπdz papierowy,Album Klaser na Banknoty SCHULZ-MARCIA NOWOå∆ 2019,https://allegro.pl/oferta/album-klaser-na-banknoty-schulz-marcia-nowosc-2019-7785808271,12,49,10.0
kolekcje_i_sztuka,Kolekcje,Pieniπdz papierowy,Banknoty 10-20000 UNC,https://allegro.pl/oferta/banknoty-10-20000-unc-8690015326,189,4,0.0
kolekcje_i_sztuka,Kolekcje,Pieniπdz papierowy,Zestaw banknotÛw úwiata 50 szt UNC,https://allegro.pl/oferta/zestaw-banknotow-swiata-50-szt-unc-8520977676,99,9,1.0
kolekcje_i_sztuka,Kolekcje,PocztÛwki,PocztÛwka WROC£AW WYSTAWA ZIEM ODZYSKANYCH STEMPEL,https://allegro.pl/oferta/pocztowka-wroclaw-wystawa-ziem-odzyskanych-stempel-9194353756,29,0,0.0
kolekcje_i_sztuka,Kolekcje,PocztÛwki,Warszawa ul. Fredry 12 - HOTEL BRUHL - 6.XII.1935,https://allegro.pl/oferta/warszawa-ul-fredry-12-hotel-bruhl-6-xii-1935-9135175821,78,6,10.0
kolekcje_i_sztuka,Kolekcje,PocztÛwki,PocztÛwka GDYNIA DWORZEC MORSKI BATORY,https://allegro.pl/oferta/pocztowka-gdynia-dworzec-morski-batory-9194327019,39,0,0.0
kolekcje_i_sztuka,Kolekcje,PocztÛwki,POCZT”WKI SZTUKA CHI—SKA [Antykw. Abecad≥o KrakÛw],https://allegro.pl/oferta/pocztowki-sztuka-chinska-antykw-abecadlo-krakow-8294450261,19,0,0.0
kolekcje_i_sztuka,Kolekcje,PocztÛwki,Ekstra album na pocztÛwki MAXIMUM - Leuchtturm,https://allegro.pl/oferta/ekstra-album-na-pocztowki-maximum-leuchtturm-5836924882,149,5,8.0
kolekcje_i_sztuka,Kolekcje,Trafika,ELEKTRYCZNA MASZYNKA NABIJARKA DO PAPIEROS”W TYTO—,https://allegro.pl/oferta/elektryczna-maszynka-nabijarka-do-papierosow-tyton-9179515443,48,207,10.0
kolekcje_i_sztuka,Kolekcje,Trafika,Nabijarka T≥okowa do papierosÛw OCB Mikromatic DUO,https://allegro.pl/oferta/nabijarka-tlokowa-do-papierosow-ocb-mikromatic-duo-6081884660,129,208,10.0
kolekcje_i_sztuka,Kolekcje,Trafika,Fenix MINI Vaporizer Waporyzator do suszu CBD,https://allegro.pl/oferta/fenix-mini-vaporizer-waporyzator-do-suszu-cbd-7892739193,199,179,7.0
kolekcje_i_sztuka,Kolekcje,Trafika,Zestaw Zapalniczka Benzynowa + Benzyna Zippo 125ml,https://allegro.pl/oferta/zestaw-zapalniczka-benzynowa-benzyna-zippo-125ml-4978718685,17,145,4.0
kolekcje_i_sztuka,Kolekcje,Trafika,DALILA 2 W ØE *** fajka wodna szisza + MEGA ZESTAW,https://allegro.pl/oferta/dalila-2-weze-fajka-wodna-szisza-mega-zestaw-6517521304,92,100,0.0
kolekcje_i_sztuka,RÍkodzie≥o,Biøuteria - pÛ≥produkty,ZESTAW P”£FABRYKAT”W DO ROBIENIA WYROBU KOLCZYK”W,https://allegro.pl/oferta/zestaw-polfabrykatow-do-robienia-wyrobu-kolczykow-8140869009,16,95,5.0
kolekcje_i_sztuka,RÍkodzie≥o,Biøuteria - pÛ≥produkty,CRYSTALLINE 940 ØYWICA EPOKSYDOWA KRYSTALICZNA,https://allegro.pl/oferta/crystalline-940-zywica-epoksydowa-krystaliczna-8801401775,18,49,1.0
kolekcje_i_sztuka,RÍkodzie≥o,Biøuteria - pÛ≥produkty,haw07 Szpilki montaøowe haczyki 10x4mm 20szt z≥ote,https://allegro.pl/oferta/haw07-szpilki-montazowe-haczyki-10x4mm-20szt-zlote-5964968627,1,129,8.0
kolekcje_i_sztuka,RÍkodzie≥o,Biøuteria - pÛ≥produkty,ZESTAW KORALIK”W KORALIKI DO ROBIENIA BRANSOLETEK,https://allegro.pl/oferta/zestaw-koralikow-koraliki-do-robienia-bransoletek-6994064141,31,43,0.0
kolekcje_i_sztuka,RÍkodzie≥o,Biøuteria - pÛ≥produkty,GUMKA ØY£KA SILIKONOWA do bransoletek 0 8mm 8m,https://allegro.pl/oferta/gumka-zylka-silikonowa-do-bransoletek-0-8mm-8m-7021503663,3,154,10.0
kolekcje_i_sztuka,RÍkodzie≥o,Decoupage,SKRZYNKA ORZECH na owoce  drewniane pude≥ko,https://allegro.pl/oferta/skrzynka-orzech-na-owoce-drewniane-pudelko-9099054134,7,57,3.0
kolekcje_i_sztuka,RÍkodzie≥o,Decoupage,FARBA KREDOWA do RENOWACJI MEBLI 1L KOLORY+GRATIS,https://allegro.pl/oferta/farba-kredowa-do-renowacji-mebli-1l-kolory-gratis-8663753408,47,130,10.0
kolekcje_i_sztuka,RÍkodzie≥o,Decoupage,SERWETKA decoupage serwetki dekupaø R”ØNE WZORY,https://allegro.pl/oferta/serwetka-decoupage-serwetki-dekupaz-rozne-wzory-7862743197,1,45,2.0
kolekcje_i_sztuka,RÍkodzie≥o,Decoupage,PLASTRY DREWNIANE krπøki drewna podk≥adki ORZECH,https://allegro.pl/oferta/plastry-drewniane-krazki-drewna-podkladki-orzech-8233758215,9,18,0.0
kolekcje_i_sztuka,RÍkodzie≥o,Decoupage,Hit Suche Plastry drewna krπøki brzoza 28-33 cm,https://allegro.pl/oferta/hit-suche-plastry-drewna-krazki-brzoza-28-33-cm-8301114061,14,28,1.0
kolekcje_i_sztuka,RÍkodzie≥o,Filcowanie,FILC DEKORACYJNY 20x30cm A4 1mm MIX KOLOR”W 10szt,https://allegro.pl/oferta/filc-dekoracyjny-20x30cm-a4-1mm-mix-kolorow-10szt-7624016314,8,329,10.0
kolekcje_i_sztuka,RÍkodzie≥o,Filcowanie,Filc 3mm  techniczny  szer. 160cm- szary,https://allegro.pl/oferta/filc-3mm-techniczny-szer-160cm-szary-7844982879,9,64,0.0
kolekcje_i_sztuka,RÍkodzie≥o,Filcowanie,FILC DEKORACYJNY A4 20x30cm 1MM KOMPLET 10SZT MIX,https://allegro.pl/oferta/filc-dekoracyjny-a4-20x30cm-1mm-komplet-10szt-mix-6784657423,7,290,9.0
kolekcje_i_sztuka,RÍkodzie≥o,Filcowanie,FILC 10 SZTUK dekoracyjny 1 mm 20 x 30 cm A4,https://allegro.pl/oferta/filc-10-sztuk-dekoracyjny-1-mm-20-x-30-cm-a4-7470927369,9,218,6.0
kolekcje_i_sztuka,RÍkodzie≥o,Filcowanie,FILC DEKORACYJNY PLASTYCZNY FILCOWANIE 10szt. KOL.,https://allegro.pl/oferta/filc-dekoracyjny-plastyczny-filcowanie-10szt-kol-7137817054,7,185,5.0
kolekcje_i_sztuka,RÍkodzie≥o,Masy do modelowania,QR Øywica odlewnicza krystaliczna bezbarwna 250g,https://allegro.pl/oferta/qr-zywica-odlewnicza-krystaliczna-bezbarwna-250g-7997847747,25,74,10.0
kolekcje_i_sztuka,RÍkodzie≥o,Masy do modelowania,AS ASTRA MODELINA 18 KOLOR”W,https://allegro.pl/oferta/as-astra-modelina-18-kolorow-9134838167,21,54,7.0
kolekcje_i_sztuka,RÍkodzie≥o,Masy do modelowania,GIPS CERAMICZNY 5KG DO ODLEW”W BIA£Y+BEZP£.PORADY,https://allegro.pl/oferta/gips-ceramiczny-5kg-do-odlewow-bialy-bezpl-porady-9203812932,14,7,0.0
kolekcje_i_sztuka,RÍkodzie≥o,Masy do modelowania,MASA MODELARSKA SAMOUTWARDZALNA BIA£A FIMO 500g.,https://allegro.pl/oferta/masa-modelarska-samoutwardzalna-biala-fimo-500g-8838353276,15,17,1.0
kolekcje_i_sztuka,RÍkodzie≥o,Masy do modelowania,GLINA CERAMICZNA PLASTYCZNA CZERWONA MASA 10 KG,https://allegro.pl/oferta/glina-ceramiczna-plastyczna-czerwona-masa-10-kg-7818815867,33,27,3.0
kolekcje_i_sztuka,RÍkodzie≥o,Scrapbooking,SKALPEL N”Ø MODELARSKI NOØYK PRECYZYJNY 9 OSTRZY,https://allegro.pl/oferta/skalpel-noz-modelarski-nozyk-precyzyjny-9-ostrzy-8995713357,9,137,4.0
kolekcje_i_sztuka,RÍkodzie≥o,Scrapbooking,100m Sznurek jutowy konopny z juty szpagat 2mm,https://allegro.pl/oferta/100m-sznurek-jutowy-konopny-z-juty-szpagat-2mm-6950894711,5,314,10.0
kolekcje_i_sztuka,RÍkodzie≥o,Scrapbooking,Sznurek jutowy naturalny ozdobny 450 metrÛw juta,https://allegro.pl/oferta/sznurek-jutowy-naturalny-ozdobny-450-metrow-juta-8681273836,12,147,4.0
kolekcje_i_sztuka,RÍkodzie≥o,Scrapbooking,NACINANE DREWNIANE PATYCZKI KREATYWNE 50 szt KOL,https://allegro.pl/oferta/nacinane-drewniane-patyczki-kreatywne-50-szt-kol-8556365496,2,175,5.0
kolekcje_i_sztuka,RÍkodzie≥o,Scrapbooking,40 sztuk  MIX LOSOWYCH ARKUSZY ponad 140 wzorow,https://allegro.pl/oferta/40-sztuk-mix-losowych-arkuszy-ponad-140-wzorow-8946094176,18,40,0.0
kolekcje_i_sztuka,RÍkodzie≥o,Albumy do scrapbookingu,DREWNIANY ALBUM NA ZDJ CIA WKLEJANE A4 BAZA,https://allegro.pl/oferta/drewniany-album-na-zdjecia-wklejane-a4-baza-8664060074,24,13,2.0
kolekcje_i_sztuka,RÍkodzie≥o,Albumy do scrapbookingu,Drewniany album na zdjÍcia wklejane A4 POZIOMY,https://allegro.pl/oferta/drewniany-album-na-zdjecia-wklejane-a4-poziomy-7491146261,28,21,9.0
kolekcje_i_sztuka,RÍkodzie≥o,Albumy do scrapbookingu,Pude≥ko exploding box bia≥e 10x10x10,https://allegro.pl/oferta/pudelko-exploding-box-biale-10x10x10-7901787234,5,10,0.0
kolekcje_i_sztuka,RÍkodzie≥o,Albumy do scrapbookingu,Pude≥ko do wysy≥ki rÍcznie robionych kartek 1szt,https://allegro.pl/oferta/pudelko-do-wysylki-recznie-robionych-kartek-1szt-7939770283,1,22,10.0
kolekcje_i_sztuka,RÍkodzie≥o,Albumy do scrapbookingu,Drewniany album na zdjÍcia wklejane 22x22cm,https://allegro.pl/oferta/drewniany-album-na-zdjecia-wklejane-22x22cm-7491171588,28,11,1.0
kolekcje_i_sztuka,RÍkodzie≥o,Szycie,MATERIA£ TKANINA 100% BAWE£NA NA MASECZKI 20 x 40,https://allegro.pl/oferta/material-tkanina-100-bawelna-na-maseczki-20-x-40-9192049673,2,95,0.0
kolekcje_i_sztuka,RÍkodzie≥o,Szycie,Bawe≥na poúcielowa tkanina materia≥ 1 m minky,https://allegro.pl/oferta/bawelna-poscielowa-tkanina-material-1-m-minky-9178253361,15,199,2.0
kolekcje_i_sztuka,RÍkodzie≥o,Szycie,Czarna Guma GUMKA p≥aska 5mm do maseczek dziana 1m,https://allegro.pl/oferta/czarna-guma-gumka-plaska-5mm-do-maseczek-dziana-1m-9153288385,1,692,9.0
kolekcje_i_sztuka,RÍkodzie≥o,Szycie,Sznurek bawe≥niany 5mm  100m - 37 R”ØNYCH KOLOR”W,https://allegro.pl/oferta/sznurek-bawelniany-5mm-100m-37-roznych-kolorow-8810656721,17,784,10.0
kolekcje_i_sztuka,RÍkodzie≥o,Szycie,Kodura Tkanina Wodoodporna Kolory + Nici Gratis,https://allegro.pl/oferta/kodura-tkanina-wodoodporna-kolory-nici-gratis-8340144961,10,324,3.0
kolekcje_i_sztuka,RÍkodzie≥o,Ksiπøki,Szyde≥ko dla poczπtkujπcych- kolekcja Handmade,https://allegro.pl/oferta/szydelko-dla-poczatkujacych-kolekcja-handmade-8098151295,25,32,10.0
kolekcje_i_sztuka,RÍkodzie≥o,Ksiπøki,T.Muller-Szyde≥kowanie skarpetek.,https://allegro.pl/oferta/t-muller-szydelkowanie-skarpetek-9214415533,23,0,0.0
kolekcje_i_sztuka,RÍkodzie≥o,Ksiπøki,STITCH-haft-4numery,https://allegro.pl/oferta/stitch-haft-4numery-9214022046,32,0,0.0
kolekcje_i_sztuka,RÍkodzie≥o,Ksiπøki,HAFT,https://allegro.pl/oferta/haft-7892103791,38,0,0.0
kolekcje_i_sztuka,RÍkodzie≥o,Ksiπøki,poradnik  podrÍcznik z wzorami**HAFT 05/2007,https://allegro.pl/oferta/poradnik-podrecznik-z-wzorami-haft-05-2007-9211550830,3,0,0.0
kolekcje_i_sztuka,RÍkodzie≥o,Handmade,Zestaw prezent dzieÒ mamy taty czekoladki merci,https://allegro.pl/oferta/zestaw-prezent-dzien-mamy-taty-czekoladki-merci-9192901507,19,7,1.0
kolekcje_i_sztuka,RÍkodzie≥o,Handmade,åWIEC•CA R”ØA PREZENT NA R”ØNE OKAZJE PODARUNEK,https://allegro.pl/oferta/swiecaca-roza-prezent-na-rozne-okazje-podarunek-8921074076,19,60,10.0
kolekcje_i_sztuka,RÍkodzie≥o,Handmade,365 POWOD”W DLA KT”RYCH CI  KOCHAM S£OIK PREZENT,https://allegro.pl/oferta/365-powodow-dla-ktorych-cie-kocham-sloik-prezent-9160402762,49,23,4.0
kolekcje_i_sztuka,RÍkodzie≥o,Handmade,Pomys≥ na prezent na 20 30 40 50 60 70 urodziny,https://allegro.pl/oferta/pomysl-na-prezent-na-20-30-40-50-60-70-urodziny-7881472264,37,1,0.0
kolekcje_i_sztuka,RÍkodzie≥o,Handmade,MASKI MASECZKI OCHRONNE WIELORAZOWE KOLOROWE,https://allegro.pl/oferta/maski-maseczki-ochronne-wielorazowe-kolorowe-9179784346,6,23,4.0
kolekcje_i_sztuka,Produkty inwestycyjne,Diamenty,Diament Naturalny. Brylant 1 02 ct. Lupowo czysty.,https://allegro.pl/oferta/diament-naturalny-brylant-1-02-ct-lupowo-czysty-9200439326,35000,0,0
kolekcje_i_sztuka,Produkty inwestycyjne,Diamenty,Diament Naturalny. Brylant 0 41 ct. Lupowo czysty.,https://allegro.pl/oferta/diament-naturalny-brylant-0-41-ct-lupowo-czysty-9200590231,3500,0,0
kolekcje_i_sztuka,Produkty inwestycyjne,Diamenty,Diament. Szlif szmaragdowy 1 01 carat. GIA.,https://allegro.pl/oferta/diament-szlif-szmaragdowy-1-01-carat-gia-9175911429,25000,0,0
kolekcje_i_sztuka,Produkty inwestycyjne,Diamenty,Diament Naturalny. Brylant 0 71 ct. Lupowo czysty.,https://allegro.pl/oferta/diament-naturalny-brylant-0-71-ct-lupowo-czysty-9200469793,11000,0,0
kolekcje_i_sztuka,Produkty inwestycyjne,Diamenty,Diament Naturalny. Brylant 0 41 ct. Lupowo czysty.,https://allegro.pl/oferta/diament-naturalny-brylant-0-41-ct-lupowo-czysty-9200546642,4500,0,0
kolekcje_i_sztuka,Produkty inwestycyjne,Srebro,USA 1 Dolar 1987 tuba mennicza 20 sztuk  1oz Ag999,https://allegro.pl/oferta/usa-1-dolar-1987-tuba-mennicza-20-sztuk-1oz-ag999-9198291629,2246,12,4.0
kolekcje_i_sztuka,Produkty inwestycyjne,Srebro,RPA Krugerrand 2020 - Uncja Czystego Srebra,https://allegro.pl/oferta/rpa-krugerrand-2020-uncja-czystego-srebra-9175870099,125,31,10.0
kolekcje_i_sztuka,Produkty inwestycyjne,Srebro,Bia≥y Lew MortimerÛw 2 uncje Srebra 2020 Oz Ag,https://allegro.pl/oferta/bialy-lew-mortimerow-2-uncje-srebra-2020-oz-ag-9200472165,222,12,4.0
kolekcje_i_sztuka,Produkty inwestycyjne,Srebro,Bia≥y KoÒ Hanoweru 2 uncje Srebra 2020 Oz Ag,https://allegro.pl/oferta/bialy-kon-hanoweru-2-uncje-srebra-2020-oz-ag-9200447453,223,8,3.0
kolekcje_i_sztuka,Produkty inwestycyjne,Srebro,Sztabko Moneta Sowa 1000 gramÛw Srebra 2020 AG,https://allegro.pl/oferta/sztabko-moneta-sowa-1000-gramow-srebra-2020-ag-9214892774,3300,0,0.0
kolekcje_i_sztuka,Produkty inwestycyjne,Z≥oto,50 DOLAR”W CANADA 1oz Au,https://allegro.pl/oferta/50-dolarow-canada-1oz-au-9176958201,7890,2,3.0
kolekcje_i_sztuka,Produkty inwestycyjne,Z≥oto,Austria 100 euro 2019 Filharmonia 1 Oz Au999,https://allegro.pl/oferta/austria-100-euro-2019-filharmonia-1-oz-au999-9214089988,7950,0,0.0
kolekcje_i_sztuka,Produkty inwestycyjne,Z≥oto,50 DOLAR”W 2012 ROK CANADA 1oz Au X 10 SZTUK,https://allegro.pl/oferta/50-dolarow-2012-rok-canada-1oz-au-x-10-sztuk-9198195397,78900,0,0.0
kolekcje_i_sztuka,Produkty inwestycyjne,Z≥oto,5 RUBLI 1898 ROSJA MIKO£AJ II AU 900/1000,https://allegro.pl/oferta/5-rubli-1898-rosja-mikolaj-ii-au-900-1000-9210562203,1025,7,10.0
kolekcje_i_sztuka,Produkty inwestycyjne,Z≥oto,100 yuan - Panda 1985 - Chiny - 1 Oz. Au999,https://allegro.pl/oferta/100-yuan-panda-1985-chiny-1-oz-au999-9221295752,7990,0,0.0
kolekcje_i_sztuka,Numizmatyka,Polska do 1864,5482. Szelπg GdaÒsk 1657 w SREBRZE - NGC MS62+,https://allegro.pl/oferta/5482-szelag-gdansk-1657-w-srebrze-ngc-ms62-9218213843,3150,12,7.0
kolekcje_i_sztuka,Numizmatyka,Polska do 1864,5484. Powst. Listopadowe  2 z≥ote 1831 - NGC MS62+,https://allegro.pl/oferta/5484-powst-listopadowe-2-zlote-1831-ngc-ms62-9219685287,2000,17,10.0
kolekcje_i_sztuka,Numizmatyka,Polska do 1864,5483. Jan III Sobieski  DUKAT GdaÒsk 1688 NGC AU55,https://allegro.pl/oferta/5483-jan-iii-sobieski-dukat-gdansk-1688-ngc-au55-9218175164,12100,14,8.0
kolekcje_i_sztuka,Numizmatyka,Polska do 1864,PÛ≥torak - Zygmunt III Waza piÍkne stany,https://allegro.pl/oferta/poltorak-zygmunt-iii-waza-piekne-stany-9212298561,17,2,0.0
kolekcje_i_sztuka,Numizmatyka,Polska do 1864,KA£KOWSKI Eløbieta Lukrecja Obol 1651 + kopertka,https://allegro.pl/oferta/kalkowski-elzbieta-lukrecja-obol-1651-kopertka-9215926405,19,10,5.0
kolekcje_i_sztuka,Numizmatyka,Polska 1916-1945,166. 20 z≥otych 1925 Chrobry  st.2,https://allegro.pl/oferta/166-20-zlotych-1925-chrobry-st-2-9214987439,2550,16,2.0
kolekcje_i_sztuka,Numizmatyka,Polska 1916-1945,169. Traugutt 10 z≥ 1933  st.2,https://allegro.pl/oferta/169-traugutt-10-zl-1933-st-2-9217351008,320,12,0.0
kolekcje_i_sztuka,Numizmatyka,Polska 1916-1945,Nike 5 z≥otych 1928  PRZESUNI TY ZNAK  NGC MS62,https://allegro.pl/oferta/nike-5-zlotych-1928-przesuniety-znak-ngc-ms62-9203852834,3200,23,6.0
kolekcje_i_sztuka,Numizmatyka,Polska 1916-1945,299. Kobieta i zboøe 2 z≥ 1925 bez kropki  st.2,https://allegro.pl/oferta/299-kobieta-i-zboze-2-zl-1925-bez-kropki-st-2-9218223707,192,12,0.0
kolekcje_i_sztuka,Numizmatyka,Polska 1916-1945,Zestaw II RP 5 10 20 50 gr i 1 z≥ 1923 - 1939 r,https://allegro.pl/oferta/zestaw-ii-rp-5-10-20-50-gr-i-1-zl-1923-1939-r-8861402269,19,30,10.0
kolekcje_i_sztuka,Numizmatyka,Polska po 1945,.10z≥ 100.r. urodzin åwiÍtego Jana Paw≥a II -uncja,https://allegro.pl/oferta/10zl-100-r-urodzin-swietego-jana-pawla-ii-uncja-9219812857,127,8,3.0
kolekcje_i_sztuka,Numizmatyka,Polska po 1945,Zestaw 4 monet w kapslach JAN PAWE£ II 2003 - 2014,https://allegro.pl/oferta/zestaw-4-monet-w-kapslach-jan-pawel-ii-2003-2014-9039017603,25,27,10.0
kolekcje_i_sztuka,Numizmatyka,Polska po 1945,klaser monety dwuz≥otowe,https://allegro.pl/oferta/klaser-monety-dwuzlotowe-9025177408,2210,0,0.0
kolekcje_i_sztuka,Numizmatyka,Polska po 1945,1; 2; 5; 10 i 20gr odwrotka  destrukt  zestaw 5szt,https://allegro.pl/oferta/1-2-5-10-i-20gr-odwrotka-destrukt-zestaw-5szt-9193236090,88,7,3.0
kolekcje_i_sztuka,Numizmatyka,Polska po 1945,Polskie Monety PrÛbne PRL 1949-1990  Parchimowicz,https://allegro.pl/oferta/polskie-monety-probne-prl-1949-1990-parchimowicz-9218370743,157,11,4.0
kolekcje_i_sztuka,Numizmatyka,Monety tematyczne,10$ KANADA NIEDèWIEDè POLARNY -Ag/Au 999+BRYLANTY,https://allegro.pl/oferta/10-kanada-niedzwiedz-polarny-ag-au-999-brylanty-9219574403,19,4,6.0
kolekcje_i_sztuka,Numizmatyka,Monety tematyczne,KANADA 10$ 2014r Jan Pawe≥ II Kanonizacja srebro,https://allegro.pl/oferta/kanada-10-2014r-jan-pawel-ii-kanonizacja-srebro-9124752727,139,4,6.0
kolekcje_i_sztuka,Numizmatyka,Monety tematyczne,5 FUNT JERSEY-ØAGLOWIEC HMS VICTORY NELSON-Ag 925,https://allegro.pl/oferta/5-funt-jersey-zaglowiec-hms-victory-nelson-ag-925-9205646894,142,7,10.0
kolekcje_i_sztuka,Numizmatyka,Monety tematyczne,BELIZE 1 DOLLAR 2007 MARYNISTYKA STATEK MENNICZA,https://allegro.pl/oferta/belize-1-dollar-2007-marynistyka-statek-mennicza-7233219207,14,0,0.0
kolekcje_i_sztuka,Numizmatyka,Monety tematyczne,SAMOA I SISIFO 25$ 1986r KON-TIKI ag 5 uncji Ag,https://allegro.pl/oferta/samoa-i-sisifo-25-1986r-kon-tiki-ag-5-uncji-ag-9141902227,749,0,0.0
kolekcje_i_sztuka,Numizmatyka,Talary,Niemcy Sachsen 1/2 pÛ≥ talara1594 RZADKA MONETA !!,https://allegro.pl/oferta/niemcy-sachsen-1-2-pol-talara1594-rzadka-moneta-9205008916,320,12,10.0
kolekcje_i_sztuka,Numizmatyka,Talary,Niemcy Coburg Gotta Talar 1835 oko≥omenniczy !!!,https://allegro.pl/oferta/niemcy-coburg-gotta-talar-1835-okolomenniczy-9204974759,344,10,8.0
kolekcje_i_sztuka,Numizmatyka,Talary,1/6 talara 1764 ES,https://allegrolokalnie.pl/oferta/1-6-talara-1764-es,100,0,0.0
kolekcje_i_sztuka,Numizmatyka,Talary,Saksonia 1/4 talara 1549  Freiberg,https://allegrolokalnie.pl/oferta/saksonia-1-4-talara-1549-freiberg,380,0,0.0
kolekcje_i_sztuka,Numizmatyka,Talary, Saksonia. Johan Georg II  1/3 talara 1669  Drezno,https://allegrolokalnie.pl/oferta/saksonia-johan-georg-ii-1-3-talara-1669-drezno,400,0,0.0
