kultura_i_rozrywka,Ksiπøki i komiksy,Biografie,Unorthodox. Jak porzuci≥am úwiat ortodoksyjnych...,https://allegro.pl/oferta/unorthodox-jak-porzucilam-swiat-ortodoksyjnych-9099683475,22,255,10.0
kultura_i_rozrywka,Ksiπøki i komiksy,Biografie,KO£YSANKA Z AUSCHWITZ - Escobar Mario,https://allegro.pl/oferta/kolysanka-z-auschwitz-escobar-mario-7890230467,19,67,3.0
kultura_i_rozrywka,Ksiπøki i komiksy,Biografie,Wspomnienia gracza gie≥dowego. Edwin Lefevre,https://allegro.pl/oferta/wspomnienia-gracza-gieldowego-edwin-lefevre-8996034108,54,72,3.0
kultura_i_rozrywka,Ksiπøki i komiksy,Biografie,LEONARDO DA VINCI WALTER ISAACSON BIOGRAFIA ILUSTR,https://allegro.pl/oferta/leonardo-da-vinci-walter-isaacson-biografia-ilustr-9196340115,32,9,0.0
kultura_i_rozrywka,Ksiπøki i komiksy,Biografie,Biografie  pamiÍtniki s≥awnych ludzi komplet,https://allegro.pl/oferta/biografie-pamietniki-slawnych-ludzi-komplet-9192868091,50,0,0.0
kultura_i_rozrywka,Ksiπøki i komiksy,Fantasy,Harry Potter siedmiopak Duddle Ksiπøka Rowling,https://allegro.pl/oferta/harry-potter-siedmiopak-duddle-ksiazka-rowling-9208015312,178,14,0.0
kultura_i_rozrywka,Ksiπøki i komiksy,Fantasy,Wiedümin Wszystkie tomy Andrzej Sapkowski Pakiet,https://allegro.pl/oferta/wiedzmin-wszystkie-tomy-andrzej-sapkowski-pakiet-9053041874,244,79,4.0
kultura_i_rozrywka,Ksiπøki i komiksy,Fantasy,Hobbit  czyli tam i z powrotem. J.R.R. Tolkien.,https://allegro.pl/oferta/hobbit-czyli-tam-i-z-powrotem-j-r-r-tolkien-8656480698,18,215,10.0
kultura_i_rozrywka,Ksiπøki i komiksy,Fantasy,Wiedümin pakiet (1-8) Netflix serial A. Sapkowski,https://allegro.pl/oferta/wiedzmin-pakiet-1-8-netflix-serial-a-sapkowski-8769315232,333,36,2.0
kultura_i_rozrywka,Ksiπøki i komiksy,Fantasy,WIEDèMIN 7 TOM”W ANDRZEJ SAPKOWSKI SERIAL NETFLIX,https://allegro.pl/oferta/wiedzmin-7-tomow-andrzej-sapkowski-serial-netflix-8843721472,308,4,0.0
kultura_i_rozrywka,Ksiπøki i komiksy,Krymina≥ sensacja thriller,PACJENTKA - Michaelides Alex,https://allegro.pl/oferta/pacjentka-michaelides-alex-7855290851,20,155,5.0
kultura_i_rozrywka,Ksiπøki i komiksy,Krymina≥ sensacja thriller,Ekstradycja Remigiusz MrÛz,https://allegro.pl/oferta/ekstradycja-remigiusz-mroz-9051506393,23,324,10.0
kultura_i_rozrywka,Ksiπøki i komiksy,Krymina≥ sensacja thriller,9x SHERLOCK HOLMES Arthur Conan Doyle KOMPLET ETUI,https://allegro.pl/oferta/9x-sherlock-holmes-arthur-conan-doyle-komplet-etui-7717270615,67,86,3.0
kultura_i_rozrywka,Ksiπøki i komiksy,Krymina≥ sensacja thriller,WYRWA Wojciech Chmielarz,https://allegro.pl/oferta/wyrwa-wojciech-chmielarz-9214619424,24,6,0.0
kultura_i_rozrywka,Ksiπøki i komiksy,Krymina≥ sensacja thriller,EKSTRADYCJA T. 11 JOANNA CHY£KA - REMIGIUSZ MR”Z,https://allegro.pl/oferta/ekstradycja-t-11-joanna-chylka-remigiusz-mroz-9052777776,21,310,10.0
kultura_i_rozrywka,Ksiπøki i komiksy,Ksiπøki dla dzieci,100 zabaw. Nauka przez zabawÍ. Greg. Sajek,https://allegro.pl/oferta/100-zabaw-nauka-przez-zabawe-greg-sajek-8097402613,11,793,5.0
kultura_i_rozrywka,Ksiπøki i komiksy,Ksiπøki dla dzieci,100 ZABAW NAUKA PRZEZ ZABAW  100 stron zabawy,https://allegro.pl/oferta/100-zabaw-nauka-przez-zabawe-100-stron-zabawy-7932543236,11,1102,10.0
kultura_i_rozrywka,Ksiπøki i komiksy,Ksiπøki dla dzieci,Pucio. Zabawy gestem i düwiÍkiem. UczÍ siÍ mÛwiÊ.,https://allegro.pl/oferta/pucio-zabawy-gestem-i-dzwiekiem-ucze-sie-mowic-8030800042,11,559,2.0
kultura_i_rozrywka,Ksiπøki i komiksy,Ksiπøki dla dzieci,Elementarz. Marian Falski. WSiP,https://allegro.pl/oferta/elementarz-marian-falski-wsip-7939275220,49,459,0.0
kultura_i_rozrywka,Ksiπøki i komiksy,Ksiπøki dla dzieci,Antosiewicz Mπdre bajki,https://allegro.pl/oferta/antosiewicz-madre-bajki-7403536600,8,451,0.0
kultura_i_rozrywka,Ksiπøki i komiksy,Ksiπøki obcojÍzyczne,4 Szt/Zestawy Kolorowanka Dzieci Doros≥y 96 Stron,https://allegro.pl/oferta/4-szt-zestawy-kolorowanka-dzieci-dorosly-96-stron-8704545287,49,4,0.0
kultura_i_rozrywka,Ksiπøki i komiksy,Ksiπøki obcojÍzyczne,Harry Potter Box Set: 7 ksiπøek - J.K. Rowling,https://allegro.pl/oferta/harry-potter-box-set-7-ksiazek-j-k-rowling-7098824077,197,32,10.0
kultura_i_rozrywka,Ksiπøki i komiksy,Ksiπøki obcojÍzyczne,Sekretny OgrÛd Kolorowanka Angielski 24 Stron,https://allegro.pl/oferta/sekretny-ogrod-kolorowanka-angielski-24-stron-8702507728,22,14,4.0
kultura_i_rozrywka,Ksiπøki i komiksy,Ksiπøki obcojÍzyczne,Harry Potter and the Philosophers Stone,https://allegro.pl/oferta/harry-potter-and-the-philosophers-stone-8996095745,28,7,1.0
kultura_i_rozrywka,Ksiπøki i komiksy,Ksiπøki obcojÍzyczne,HURT MIX 25 ksiπøek - HISZPA—SKIE nowe i bdb+,https://allegro.pl/oferta/hurt-mix-25-ksiazek-hiszpanskie-nowe-i-bdb-9085911067,79,11,2.0
kultura_i_rozrywka,Ksiπøki i komiksy,Naukowe i popularnonaukowe,MEIN KAMPF - ADOLF HITLER,https://allegro.pl/oferta/mein-kampf-adolf-hitler-8250770682,93,15,0.0
kultura_i_rozrywka,Ksiπøki i komiksy,Naukowe i popularnonaukowe,PotÍga podúwiadomoúci - Joseph Murphy MK,https://allegro.pl/oferta/potega-podswiadomosci-joseph-murphy-mk-8809195343,19,160,7.0
kultura_i_rozrywka,Ksiπøki i komiksy,Naukowe i popularnonaukowe,Czarny ≥abÍdü  Nassim Nicholas Taleb,https://allegro.pl/oferta/czarny-labedz-nassim-nicholas-taleb-9087121807,49,234,10.0
kultura_i_rozrywka,Ksiπøki i komiksy,Naukowe i popularnonaukowe,Øyjesz tylko raz Oczami mÍøczyzny Rafa≥ Wicijowski,https://allegro.pl/oferta/zyjesz-tylko-raz-oczami-mezczyzny-rafal-wicijowski-8363351191,58,58,2.0
kultura_i_rozrywka,Ksiπøki i komiksy,Naukowe i popularnonaukowe,Biologia Campbella. Neil Campbell,https://allegro.pl/oferta/biologia-campbella-neil-campbell-7918149749,114,72,3.0
kultura_i_rozrywka,Ksiπøki i komiksy,PodrÍczniki,PUCIO UCZY SI  M”WI∆ - ZABAWY DèWI KONAåLADOWCZE,https://allegro.pl/oferta/pucio-uczy-sie-mowic-zabawy-dzwiekonasladowcze-9154741584,19,116,6.0
kultura_i_rozrywka,Ksiπøki i komiksy,PodrÍczniki,Kocham CzytaÊ. Pakiet 18 zeszytÛw. J. CieszyÒska.,https://allegro.pl/oferta/kocham-czytac-pakiet-18-zeszytow-j-cieszynska-8360767532,111,162,10.0
kultura_i_rozrywka,Ksiπøki i komiksy,PodrÍczniki,PUCIO M”WI DZIE— DOBRY Galewska-Kustra Marta,https://allegro.pl/oferta/pucio-mowi-dzien-dobry-galewska-kustra-marta-9165041872,13,32,0.0
kultura_i_rozrywka,Ksiπøki i komiksy,PodrÍczniki,PUCIO UMIE OPOWIADA∆ UCZ  SI  OPOWIADA∆ NK TW. OP,https://allegro.pl/oferta/pucio-umie-opowiadac-ucze-sie-opowiadac-nk-tw-op-8244361074,22,123,7.0
kultura_i_rozrywka,Ksiπøki i komiksy,PodrÍczniki,Owocna edukacja. ZrÛb to sam. Pakiet 3-4 Latki,https://allegro.pl/oferta/owocna-edukacja-zrob-to-sam-pakiet-3-4-latki-7296714667,16,81,4.0
kultura_i_rozrywka,Ksiπøki i komiksy,Poradniki i albumy,SZTUKA RYSOWANIA praca zbiorowa,https://allegro.pl/oferta/sztuka-rysowania-praca-zbiorowa-8951684432,33,167,10.0
kultura_i_rozrywka,Ksiπøki i komiksy,Poradniki i albumy,Jak mniej myúleÊ. Petitcollin Christel.,https://allegro.pl/oferta/jak-mniej-myslec-petitcollin-christel-8738813839,27,117,0.0
kultura_i_rozrywka,Ksiπøki i komiksy,Poradniki i albumy,JAK MNIEJ MYåLE∆ - Petitcollin Christel,https://allegro.pl/oferta/jak-mniej-myslec-petitcollin-christel-8151886636,19,155,8.0
kultura_i_rozrywka,Ksiπøki i komiksy,Poradniki i albumy,SAMOLECZENIE METOD• B.S.M. z CD Piotr Lewandowski,https://allegro.pl/oferta/samoleczenie-metoda-b-s-m-z-cd-piotr-lewandowski-8638249958,21,161,9.0
kultura_i_rozrywka,Ksiπøki i komiksy,Poradniki i albumy,Pakiet:Dieta warz.-owoc. dr Ewy Dπbrowskiej w.2019,https://allegro.pl/oferta/pakiet-dieta-warz-owoc-dr-ewy-dabrowskiej-w-2019-8461243260,44,132,3.0
kultura_i_rozrywka,Ksiπøki i komiksy,Ksiπøki kucharskie,PRZEPIåNIK ZESZYT DO PRZEPIS”W KULINARNYCH B5,https://allegro.pl/oferta/przepisnik-zeszyt-do-przepisow-kulinarnych-b5-8567148728,19,79,10.0
kultura_i_rozrywka,Ksiπøki i komiksy,Ksiπøki kucharskie,PRZEPIåNIK Zeszyt Ko≥ozeszyt Notes na przepisy,https://allegro.pl/oferta/przepisnik-zeszyt-kolozeszyt-notes-na-przepisy-8964969529,65,24,1.0
kultura_i_rozrywka,Ksiπøki i komiksy,Ksiπøki kucharskie,PRZEPIåNIK BRULION ZESZYT NA PRZEPISY INTER DRUK,https://allegro.pl/oferta/przepisnik-brulion-zeszyt-na-przepisy-inter-druk-9132472000,42,18,0.0
kultura_i_rozrywka,Ksiπøki i komiksy,Ksiπøki kucharskie,Jad≥onomia. Kuchnia roúlinna. 100 przepisÛw. Dymek,https://allegro.pl/oferta/jadlonomia-kuchnia-roslinna-100-przepisow-dymek-8996083552,28,76,10.0
kultura_i_rozrywka,Ksiπøki i komiksy,Ksiπøki kucharskie,Dzika kuchnia. £ukasz £uczaj. Nasza KsiÍgarnia,https://allegro.pl/oferta/dzika-kuchnia-lukasz-luczaj-nasza-ksiegarnia-7919103395,40,55,6.0
kultura_i_rozrywka,Gry,Gry na PC,SnowRunner EPIC GAMES KONTO VIP + GRATIS,https://allegro.pl/oferta/snowrunner-epic-games-konto-vip-gratis-9210739784,18,108,0.0
kultura_i_rozrywka,Gry,Gry na PC,Forza Horizon 4 ULTIMATE ONLINE PC NOWE KONTO PC,https://allegro.pl/oferta/forza-horizon-4-ultimate-online-pc-nowe-konto-pc-8471452835,8,1158,10.0
kultura_i_rozrywka,Gry,Gry na PC,GTA 5 + GTA V ONLINE +10 000 000$ PC KLUCZ,https://allegro.pl/oferta/gta-5-gta-v-online-10-000-000-pc-klucz-8833662403,79,165,1.0
kultura_i_rozrywka,Gry,Gry na PC,RED DEAD REDEMPTION 2 + ALL DLC PC STEAM KONTO VIP,https://allegro.pl/oferta/red-dead-redemption-2-all-dlc-pc-steam-konto-vip-8728006279,9,568,4.0
kultura_i_rozrywka,Gry,Gry na PC,THE SIMS 4 PC KLUCZ ORIGIN - POLSKA WERSJA,https://allegro.pl/oferta/the-sims-4-pc-klucz-origin-polska-wersja-8833602012,49,221,1.0
kultura_i_rozrywka,Gry,Gry na PS4,GRAND THEFT AUTO V GTA 5 PL PS4 EDYCJA PREMIUM,https://allegro.pl/oferta/grand-theft-auto-v-gta-5-pl-ps4-edycja-premium-8560436661,95,150,5.0
kultura_i_rozrywka,Gry,Gry na PS4,God of War PL Dubbing PS4 GAMEFINITY,https://allegro.pl/oferta/god-of-war-pl-dubbing-ps4-gamefinity-8545366381,58,206,9.0
kultura_i_rozrywka,Gry,Gry na PS4,Nowa Gra PS4 Spider-Man Dubbing PL,https://allegro.pl/oferta/nowa-gra-ps4-spider-man-dubbing-pl-9193976268,73,87,1.0
kultura_i_rozrywka,Gry,Gry na PS4,NEED FOR SPEED HEAT PS4 PL NOWA DLC + GRATIS,https://allegro.pl/oferta/need-for-speed-heat-ps4-pl-nowa-dlc-gratis-8630077587,138,217,10.0
kultura_i_rozrywka,Gry,Gry na PS4,RED DEAD REDEMPTION 2 PO POLSKU PS4,https://allegro.pl/oferta/red-dead-redemption-2-po-polsku-ps4-8683492160,119,78,0.0
kultura_i_rozrywka,Gry,Gry na Xbox 360,GTA 5 V PL,https://allegro.pl/oferta/gta-5-v-pl-9185539557,11,25,1.0
kultura_i_rozrywka,Gry,Gry na Xbox 360,MINECRAFT XBOX 360 PE£NA WERSJA Z LICENCJ• !,https://allegro.pl/oferta/minecraft-xbox-360-pelna-wersja-z-licencja-9121801971,29,67,5.0
kultura_i_rozrywka,Gry,Gry na Xbox 360,GRA FORZA HORIZON 2 XBOX 360 PL DUBBING + DODATEK,https://allegro.pl/oferta/gra-forza-horizon-2-xbox-360-pl-dubbing-dodatek-8151125702,29,72,6.0
kultura_i_rozrywka,Gry,Gry na Xbox 360,GTA V GRANT THEFT AUTO V PL WERSJA XBOX 360 +BONUS,https://allegro.pl/oferta/gta-v-grant-theft-auto-v-pl-wersja-xbox-360-bonus-9128951010,19,116,10.0
kultura_i_rozrywka,Gry,Gry na Xbox 360,ZESTAW GRY XBOX 360 KOLEKCJA 6 GIER,https://allegro.pl/oferta/zestaw-gry-xbox-360-kolekcja-6-gier-9195360762,82,11,0.0
kultura_i_rozrywka,Gry,Gry na Xbox One,GRAND THEFT AUTO V GTA 5 XBOX ONE,https://allegro.pl/oferta/grand-theft-auto-v-gta-5-xbox-one-8290916155,24,83,2.0
kultura_i_rozrywka,Gry,Gry na Xbox One,FIFA 20 EDYCJA ULTIMATE 2020 DUBBING PL XBOX ONE,https://allegro.pl/oferta/fifa-20-edycja-ultimate-2020-dubbing-pl-xbox-one-8647269355,29,51,0.0
kultura_i_rozrywka,Gry,Gry na Xbox One,FIFA 20 EDYCJA ULTIMATE 2020 XBOX ONE PL DUBBING,https://allegro.pl/oferta/fifa-20-edycja-ultimate-2020-xbox-one-pl-dubbing-9078801181,9,170,5.0
kultura_i_rozrywka,Gry,Gry na Xbox One,FORZA HORIZON 4 XONE PL NOWA + GRATIS,https://allegro.pl/oferta/forza-horizon-4-xone-pl-nowa-gratis-9043880469,138,40,0.0
kultura_i_rozrywka,Gry,Gry na Xbox One,MINECRAFT XBOX ONE 4K Polska wersja Nowa-P£YTA,https://allegro.pl/oferta/minecraft-xbox-one-4k-polska-wersja-nowa-plyta-7721786439,94,278,10.0
kultura_i_rozrywka,Gry,Gry na konsole,GTA 5 V PL,https://allegro.pl/oferta/gta-5-v-pl-9185539557,11,25,3.0
kultura_i_rozrywka,Gry,Gry na konsole,Animal Crossing NIntendo NEW HORIZONS Switch,https://allegro.pl/oferta/animal-crossing-nintendo-new-horizons-switch-9218719875,249,3,0.0
kultura_i_rozrywka,Gry,Gry na konsole,GRAND THEFT AUTO V GTA 5 XBOX ONE,https://allegro.pl/oferta/grand-theft-auto-v-gta-5-xbox-one-8290916155,24,83,10.0
kultura_i_rozrywka,Gry,Gry na konsole,MINECRAFT XBOX 360 PE£NA WERSJA Z LICENCJ• !,https://allegro.pl/oferta/minecraft-xbox-360-pelna-wersja-z-licencja-9121801971,29,67,8.0
kultura_i_rozrywka,Gry,Gry na konsole,NOWA KONSOLA SUPER PEGASUS + 400 GIER BEZ POWT”REK,https://allegro.pl/oferta/nowa-konsola-super-pegasus-400-gier-bez-powtorek-8873456533,198,51,6.0
kultura_i_rozrywka,Gry,Gry planszowe,25 gier zestaw gry planszowe rodzinne Alexander PL,https://allegro.pl/oferta/25-gier-zestaw-gry-planszowe-rodzinne-alexander-pl-8650313907,29,179,1.0
kultura_i_rozrywka,Gry,Gry planszowe,GRA EUROBIZNES MONOPOL EUROBUSINESS PLANSZOWA,https://allegro.pl/oferta/gra-eurobiznes-monopol-eurobusiness-planszowa-7888308519,29,709,6.0
kultura_i_rozrywka,Gry,Gry planszowe,GRA EUROBIZNES EUROBUSINESS EUROBISNES,https://allegro.pl/oferta/gra-eurobiznes-eurobusiness-eurobisnes-7340060042,29,1165,10.0
kultura_i_rozrywka,Gry,Gry planszowe,GRA EROTYCZNA + Akcesoria - Zabawki Erotyczne SEX,https://allegro.pl/oferta/gra-erotyczna-akcesoria-zabawki-erotyczne-sex-9107431294,40,59,0.0
kultura_i_rozrywka,Gry,Gry planszowe,JUMANJI GRA PLANSZOWA PRZYGODOWA SPIN MASTER,https://allegro.pl/oferta/jumanji-gra-planszowa-przygodowa-spin-master-8033356255,94,55,0.0
kultura_i_rozrywka,Gry,Gry karciane,ZESTAW DO POKERA 500 ØETONY NOMINA£ KARTY MATA WAW,https://allegro.pl/oferta/zestaw-do-pokera-500-zetony-nominal-karty-mata-waw-7101991180,129,157,7.0
kultura_i_rozrywka,Gry,Gry karciane,karty pokemon SOL&LUNA MENTES UNIDAS 25szt,https://allegro.pl/oferta/karty-pokemon-sol-luna-mentes-unidas-25szt-8668125357,7,139,6.0
kultura_i_rozrywka,Gry,Gry karciane,2 X KARTY DO GRY TALIE PIATNIK LIå∆ D BU POKER LUX,https://allegro.pl/oferta/2-x-karty-do-gry-talie-piatnik-lisc-debu-poker-lux-7640187998,40,198,10.0
kultura_i_rozrywka,Gry,Gry karciane,KARTY DO GRY 100% PLASTIK POKER - CZARNE / Z£OTE,https://allegro.pl/oferta/karty-do-gry-100-plastik-poker-czarne-zlote-8325353664,29,63,0.0
kultura_i_rozrywka,Gry,Gry karciane,ZESTAW DO POKERA ØETONY KARTY MATA POKER GRATISY !,https://allegro.pl/oferta/zestaw-do-pokera-zetony-karty-mata-poker-gratisy-6542078701,49,61,0.0
kultura_i_rozrywka,Gry,Gry na PS3,GTA TRILOGY GRAND THEFT AUTO PS3 PLAYSTATION 3,https://allegro.pl/oferta/gta-trilogy-grand-theft-auto-ps3-playstation-3-9192218992,49,2,0.0
kultura_i_rozrywka,Gry,Gry na PS3,GTA 5 - Grand Theft Auto V PL PS3 / Nowa,https://allegro.pl/oferta/gta-5-grand-theft-auto-v-pl-ps3-nowa-9039547898,77,227,10.0
kultura_i_rozrywka,Gry,Gry na PS3,Nowa Gra PS3 FIFA 17 2017 Polski Komentarz DUBBING,https://allegro.pl/oferta/nowa-gra-ps3-fifa-17-2017-polski-komentarz-dubbing-8879188075,19,148,6.0
kultura_i_rozrywka,Gry,Gry na PS3,Need for Speed Rivals PS3 po Polsku PL NOWA,https://allegro.pl/oferta/need-for-speed-rivals-ps3-po-polsku-pl-nowa-9168721928,64,29,1.0
kultura_i_rozrywka,Gry,Gry na PS3,GTA IV GRAND THEFT AUTO 4 The Complete Edition PS3,https://allegro.pl/oferta/gta-iv-grand-theft-auto-4-the-complete-edition-ps3-7709156518,49,62,3.0
kultura_i_rozrywka,Gry,Gry strategiczne,Mount & Blade II 2 Bannerlord + WSZYSTKIE DLC,https://allegro.pl/oferta/mount-blade-ii-2-bannerlord-wszystkie-dlc-7382395921,7,891,10.0
kultura_i_rozrywka,Gry,Gry strategiczne,ANNO 1800 DELUXE PC PL + WSZYSTKIE DODATKI VIP,https://allegro.pl/oferta/anno-1800-deluxe-pc-pl-wszystkie-dodatki-vip-7737953091,12,269,3.0
kultura_i_rozrywka,Gry,Gry strategiczne,Gears Tactics + WSZYSTKIE DLC STEAM VIP,https://allegro.pl/oferta/gears-tactics-wszystkie-dlc-steam-vip-9114443886,12,23,0.0
kultura_i_rozrywka,Gry,Gry strategiczne,HEROES OF MIGHT & MAGIC 3 III HD EDITION STEAM,https://allegro.pl/oferta/heroes-of-might-magic-3-iii-hd-edition-steam-7531971313,4,65,0.0
kultura_i_rozrywka,Gry,Gry strategiczne,Age of Empires II 2 + I 1 Definitive Edition STEAM,https://allegro.pl/oferta/age-of-empires-ii-2-i-1-definitive-edition-steam-8809207726,7,57,0.0
kultura_i_rozrywka,Gry,Gry online MMO,League of Legends LoL smurf konto EUNE 20+ Kapsu≥,https://allegro.pl/oferta/league-of-legends-lol-smurf-konto-eune-20-kapsul-8775425557,21,683,10.0
kultura_i_rozrywka,Gry,Gry online MMO,CS:GO 10 SKIN”W FIOLETOWE/R”ØOWE/CZERWONE |+ AK-47,https://allegro.pl/oferta/cs-go-10-skinow-fioletowe-rozowe-czerwone-ak-47-9174944061,46,33,0.0
kultura_i_rozrywka,Gry,Gry online MMO,League of Legends KONTO LOL Unranked EUW 50k+ BE,https://allegro.pl/oferta/league-of-legends-konto-lol-unranked-euw-50k-be-8702691216,24,486,7.0
kultura_i_rozrywka,Gry,Gry online MMO,Konto POKEMON GO | 39 LVL  IDEALNIE NA START!,https://allegro.pl/oferta/konto-pokemon-go-39-lvl-idealnie-na-start-9211483401,125,11,0.0
kultura_i_rozrywka,Gry,Gry online MMO,Konto CS:GO Prime STEAM Global Offensive,https://allegro.pl/oferta/konto-cs-go-prime-steam-global-offensive-8892008098,44,87,1.0
kultura_i_rozrywka,Instrumenty,Gitary i akcesoria,HARLEY BENTON UK12 ukulele rÛøne kolory ZESTAW,https://allegro.pl/oferta/harley-benton-uk12-ukulele-rozne-kolory-zestaw-7550044079,142,606,10.0
kultura_i_rozrywka,Instrumenty,Gitary i akcesoria,DREWNIANE UKULELE ECHO - AØ 11 KOLOR”W !!!,https://allegro.pl/oferta/drewniane-ukulele-echo-az-11-kolorow-8007580775,89,245,3.0
kultura_i_rozrywka,Instrumenty,Gitary i akcesoria,GITARA KLASYCZNA 3/4 DLA POCZ•TKUJ•CEGO BLK KOLORY,https://allegro.pl/oferta/gitara-klasyczna-3-4-dla-poczatkujacego-blk-kolory-8676209822,188,73,0.0
kultura_i_rozrywka,Instrumenty,Gitary i akcesoria,HARLEY BENTON UK12 ukulele rÛøne kolory ZESTAW-HIT,https://allegro.pl/oferta/harley-benton-uk12-ukulele-rozne-kolory-zestaw-hit-8859696419,159,217,3.0
kultura_i_rozrywka,Instrumenty,Gitary i akcesoria,GITARA KLASYCZNA AKUSTYCZNA ECHO + SUPER DODATKI,https://allegro.pl/oferta/gitara-klasyczna-akustyczna-echo-super-dodatki-7323409890,169,124,1.0
kultura_i_rozrywka,Instrumenty,Instrumenty klawiszowe,Keyboard Organy Elektroniczne do Nauki Mikrofon 61,https://allegro.pl/oferta/keyboard-organy-elektroniczne-do-nauki-mikrofon-61-8601573375,74,266,10.0
kultura_i_rozrywka,Instrumenty,Instrumenty klawiszowe,KEYBOARD ORGANY ELEKTRONICZNE DO NAUKI MIKROFON 61,https://allegro.pl/oferta/keyboard-organy-elektroniczne-do-nauki-mikrofon-61-9102332482,130,48,2.0
kultura_i_rozrywka,Instrumenty,Instrumenty klawiszowe,Keyboard Casio CT-X3000 Black Czarny,https://allegro.pl/oferta/keyboard-casio-ct-x3000-black-czarny-9129515711,1097,28,1.0
kultura_i_rozrywka,Instrumenty,Instrumenty klawiszowe,Keyboard Casio CT-X700 Black Czarny,https://allegro.pl/oferta/keyboard-casio-ct-x700-black-czarny-9129448510,699,20,0.0
kultura_i_rozrywka,Instrumenty,Instrumenty klawiszowe,Yamaha P-45 B - Piano cyfrowe,https://allegro.pl/oferta/yamaha-p-45-b-piano-cyfrowe-9150155060,1749,8,0.0
kultura_i_rozrywka,Instrumenty,Instrumenty perkusyjne,TAMBURYN DLA DZIECI TAMBURYNO INSTRUMENT V2 MIX,https://allegro.pl/oferta/tamburyn-dla-dzieci-tamburyno-instrument-v2-mix-8541091448,2,281,10.0
kultura_i_rozrywka,Instrumenty,Instrumenty perkusyjne,Mapex Tornado TND5254TC DK zestaw perkusyjny,https://allegro.pl/oferta/mapex-tornado-tnd5254tc-dk-zestaw-perkusyjny-9106515201,1599,2,0.0
kultura_i_rozrywka,Instrumenty,Instrumenty perkusyjne,KALIMBA ArsNova WK-10NMR,https://allegro.pl/oferta/kalimba-arsnova-wk-10nmr-8690062438,145,30,1.0
kultura_i_rozrywka,Instrumenty,Instrumenty perkusyjne,Kalimba karimba z kokosa - 7 tonowa instrument,https://allegro.pl/oferta/kalimba-karimba-z-kokosa-7-tonowa-instrument-9095415695,33,4,0.0
kultura_i_rozrywka,Instrumenty,Instrumenty perkusyjne,ALESIS TURBO MESH KIT PERKUSJA ELEKTRONICZNA,https://allegro.pl/oferta/alesis-turbo-mesh-kit-perkusja-elektroniczna-9214744148,1449,0,0.0
kultura_i_rozrywka,Instrumenty,Instrumenty dÍte,Harmonijka ustna najpopularniejszy model C,https://allegro.pl/oferta/harmonijka-ustna-najpopularniejszy-model-c-6799963073,23,186,10.0
kultura_i_rozrywka,Instrumenty,Instrumenty dÍte,Harmonijka diatoniczna dla poczπtkujπcych Blues C,https://allegro.pl/oferta/harmonijka-diatoniczna-dla-poczatkujacych-blues-c-9057179995,27,137,7.0
kultura_i_rozrywka,Instrumenty,Instrumenty dÍte,NOWA TR•BKA CARVELLI CTP 115 + FUTERA£,https://allegro.pl/oferta/nowa-trabka-carvelli-ctp-115-futeral-5596239453,499,5,0.0
kultura_i_rozrywka,Instrumenty,Instrumenty dÍte,Suzuki Folk Master 1072 C - Harmonijka + Futera≥,https://allegro.pl/oferta/suzuki-folk-master-1072-c-harmonijka-futeral-9044237472,47,38,2.0
kultura_i_rozrywka,Instrumenty,Instrumenty dÍte,Harmonijka Ustna Metalowa Tonacja C-dur C + Etui,https://allegro.pl/oferta/harmonijka-ustna-metalowa-tonacja-c-dur-c-etui-8294710641,27,47,2.0
kultura_i_rozrywka,Kody i do≥adowania,Kody do gier,PLAYSTATION PLUS 14 DNI | PS4,https://allegro.pl/oferta/playstation-plus-14-dni-ps4-7894796890,4,3242,10.0
kultura_i_rozrywka,Kody i do≥adowania,Kody do gier,Xbox Live Gold 14 dni + Game Pass 14 dni XBOX ONE,https://allegro.pl/oferta/xbox-live-gold-14-dni-game-pass-14-dni-xbox-one-8848635000,11,947,2.0
kultura_i_rozrywka,Kody i do≥adowania,Kody do gier,Xbox ONE Game Pass + LIVE GOLD Ultimate 14 DNI,https://allegro.pl/oferta/xbox-one-game-pass-live-gold-ultimate-14-dni-8610270679,11,757,3.0
kultura_i_rozrywka,Kody i do≥adowania,Kody do gier,PLAYSTATION PLUS 14 DNI | PS4,https://allegro.pl/oferta/playstation-plus-14-dni-ps4-7894000789,4,2727,8.0
kultura_i_rozrywka,Kody i do≥adowania,Kody do gier,KOD KLUCZ XBOX ONE GAME PASS 1 MIESI•C GamePass,https://allegro.pl/oferta/kod-klucz-xbox-one-game-pass-1-miesiac-gamepass-7024206032,14,151,0.0
kultura_i_rozrywka,Kody i do≥adowania,Muzyka,SPOTIFY PREMIUM - 365 DNI - INDYWIDUALNE,https://allegro.pl/oferta/spotify-premium-365-dni-indywidualne-8811817361,14,2669,10.0
kultura_i_rozrywka,Kody i do≥adowania,Muzyka,SPOTIFY PREMIUM - 365 DNI - INDYWIDUALNE POLSKIE,https://allegro.pl/oferta/spotify-premium-365-dni-indywidualne-polskie-9152802949,17,47,0.0
kultura_i_rozrywka,Kody i do≥adowania,Muzyka,SPOTIFY PREMIUM DOØYWOTNI DOST P,https://allegro.pl/oferta/spotify-premium-dozywotni-dostep-9141823222,34,9,0.0
kultura_i_rozrywka,Kody i do≥adowania,Muzyka,Spotify premium Promocja 30 dni,https://allegro.pl/oferta/spotify-premium-promocja-30-dni-9071674681,5,576,2.0
kultura_i_rozrywka,Kody i do≥adowania,Muzyka,Spotify Premium 20 z≥,https://allegro.pl/oferta/spotify-premium-20-zl-8695685096,21,47,0.0
kultura_i_rozrywka,Kody i do≥adowania,Karty podarunkowe,ROBUX ROBLOX 800 [KOD AKTYWACYJNY],https://allegro.pl/oferta/robux-roblox-800-kod-aktywacyjny-8797674888,52,133,1.0
kultura_i_rozrywka,Kody i do≥adowania,Karty podarunkowe,Google Play 20 z≥ Kod podarunkowy,https://allegro.pl/oferta/google-play-20-zl-kod-podarunkowy-8683536940,21,1106,10.0
kultura_i_rozrywka,Kody i do≥adowania,Karty podarunkowe,ROBUX ROBLOX 4500 [KOD AKTYWACYJNY],https://allegro.pl/oferta/robux-roblox-4500-kod-aktywacyjny-9109354060,239,13,0.0
kultura_i_rozrywka,Kody i do≥adowania,Karty podarunkowe,SF SHAKES AND FIDGET 500 GRZYBK”W PAKIET ZWIADOWCA,https://allegro.pl/oferta/sf-shakes-and-fidget-500-grzybkow-pakiet-zwiadowca-9014252141,69,6,0.0
kultura_i_rozrywka,Kody i do≥adowania,Karty podarunkowe,Karta Podarunkowa Dla Gracza- 50 z≥,https://allegro.pl/oferta/karta-podarunkowa-dla-gracza-50-zl-7260018301,50,29,0.0
kultura_i_rozrywka,Kody i do≥adowania,P≥atnoúci internetowe,PAYSAFECARD PSC 20 z≥,https://allegro.pl/oferta/paysafecard-psc-20-zl-7588644537,22,1048,10.0
kultura_i_rozrywka,Kody i do≥adowania,P≥atnoúci internetowe,PAYSAFECARD PSC 50 z≥,https://allegro.pl/oferta/paysafecard-psc-50-zl-7588645225,55,842,8.0
kultura_i_rozrywka,Kody i do≥adowania,P≥atnoúci internetowe,PAYSAFECARD PSC 30 z≥,https://allegro.pl/oferta/paysafecard-psc-30-zl-7588644842,33,591,6.0
kultura_i_rozrywka,Kody i do≥adowania,P≥atnoúci internetowe,PAYSAFECARD 20 PLN Z£ PSC KOD KARTA PODARUNKOWA,https://allegro.pl/oferta/paysafecard-20-pln-zl-psc-kod-karta-podarunkowa-8810761125,21,242,2.0
kultura_i_rozrywka,Kody i do≥adowania,P≥atnoúci internetowe,SPOTIFY PREMIUM 30 DNI |1 MIESI•C|,https://allegro.pl/oferta/spotify-premium-30-dni-1-miesiac-9205360187,4,29,0.0
kultura_i_rozrywka,Muzyka,P≥yty CD,QUEBONAFIDE- ROMANTIC PSYCHO JAPAN EDITION,https://allegro.pl/oferta/quebonafide-romantic-psycho-japan-edition-9118418386,44,1502,10.0
kultura_i_rozrywka,Muzyka,P≥yty CD,Niemoøliwe CD. Kwiat jab≥oni,https://allegro.pl/oferta/niemozliwe-cd-kwiat-jabloni-8129254052,28,185,1.0
kultura_i_rozrywka,Muzyka,P≥yty CD,QUEBONAFIDE - ROMANTIC PSYCHO EU EDITION,https://allegro.pl/oferta/quebonafide-romantic-psycho-eu-edition-9200827683,41,24,0.0
kultura_i_rozrywka,Muzyka,P≥yty CD,VADER - Solitude In Madnes - CD - NowoúÊ,https://allegro.pl/oferta/vader-solitude-in-madnes-cd-nowosc-9210791965,38,2,0.0
kultura_i_rozrywka,Muzyka,P≥yty CD,Quebonafide - Romantic Psycho (JPN Edition) NOWE,https://allegro.pl/oferta/quebonafide-romantic-psycho-jpn-edition-nowe-9156948661,149,13,0.0
kultura_i_rozrywka,Muzyka,Plyty winylowe,OK£ADKI na winyle LP GRUBA DOBRA FOLIA 0 12mm100x,https://allegro.pl/oferta/okladki-na-winyle-lp-gruba-dobra-folia-0-12mm100x-6149902467,40,66,10.0
kultura_i_rozrywka,Muzyka,Plyty winylowe,P£YTY WINYLOWE DO DEKORACJI HURT DUØE 12'' GRATISY,https://allegro.pl/oferta/plyty-winylowe-do-dekoracji-hurt-duze-12-gratisy-7864143888,1,51,8.0
kultura_i_rozrywka,Muzyka,Plyty winylowe,PINK FLOYD The Wall - 2 LP - 1979 - 1PRESS,https://allegro.pl/oferta/pink-floyd-the-wall-2-lp-1979-1press-9190156548,269,0,0.0
kultura_i_rozrywka,Muzyka,Plyty winylowe,KOLEKCJA DUØYCH P£YT WINYLOWYCH PONAD 60 SZT ( 4 ),https://allegro.pl/oferta/kolekcja-duzych-plyt-winylowych-ponad-60-szt-4-9208001977,10,0,0.0
kultura_i_rozrywka,Muzyka,Plyty winylowe,KOLEKCJA DUØYCH P£YT WINYLOWYCH PONAD 70 SZT (2),https://allegro.pl/oferta/kolekcja-duzych-plyt-winylowych-ponad-70-szt-2-9207951071,20,0,0.0
kultura_i_rozrywka,Muzyka,Gadøety muzyczne,STOPERY ZATYCZKI DO USZU HASPRO SEN RELAX T£UMI•CE,https://allegro.pl/oferta/stopery-zatyczki-do-uszu-haspro-sen-relax-tlumiace-8917682756,49,60,9.0
kultura_i_rozrywka,Muzyka,Gadøety muzyczne,Zatyczki stopery do uszu spania po≥πczone sznurkie,https://allegro.pl/oferta/zatyczki-stopery-do-uszu-spania-polaczone-sznurkie-9162059730,9,30,0.0
kultura_i_rozrywka,Muzyka,Gadøety muzyczne,ZATYCZKI STOPERY DO USZU ALPINE SLEEPSOFT + OPASKA,https://allegro.pl/oferta/zatyczki-stopery-do-uszu-alpine-sleepsoft-opaska-9087989254,54,37,2.0
kultura_i_rozrywka,Muzyka,Gadøety muzyczne,Zatyczki stopery do uszu do spania 1 para wieloraz,https://allegro.pl/oferta/zatyczki-stopery-do-uszu-do-spania-1-para-wieloraz-8055330043,7,64,10.0
kultura_i_rozrywka,Muzyka,Gadøety muzyczne,4x MICRO-CHIP SPR ØONE POWIETRZE rurka 800ml AIR,https://allegro.pl/oferta/4x-micro-chip-sprezone-powietrze-rurka-800ml-air-8294376024,52,49,6.0
kultura_i_rozrywka,Muzyka,Akcesoria,STOPERY ZATYCZKI DO USZU HASPRO SEN RELAX T£UMI•CE,https://allegro.pl/oferta/stopery-zatyczki-do-uszu-haspro-sen-relax-tlumiace-8917682756,49,60,9.0
kultura_i_rozrywka,Muzyka,Akcesoria,Zatyczki stopery do uszu spania po≥πczone sznurkie,https://allegro.pl/oferta/zatyczki-stopery-do-uszu-spania-polaczone-sznurkie-9162059730,9,30,0.0
kultura_i_rozrywka,Muzyka,Akcesoria,ZATYCZKI STOPERY DO USZU ALPINE SLEEPSOFT + OPASKA,https://allegro.pl/oferta/zatyczki-stopery-do-uszu-alpine-sleepsoft-opaska-9087989254,54,37,2.0
kultura_i_rozrywka,Muzyka,Akcesoria,Zatyczki stopery do uszu do spania 1 para wieloraz,https://allegro.pl/oferta/zatyczki-stopery-do-uszu-do-spania-1-para-wieloraz-8055330043,7,64,10.0
kultura_i_rozrywka,Muzyka,Akcesoria,4x MICRO-CHIP SPR ØONE POWIETRZE rurka 800ml AIR,https://allegro.pl/oferta/4x-micro-chip-sprezone-powietrze-rurka-800ml-air-8294376024,52,49,6.0
kultura_i_rozrywka,Filmy,Filmy na DVD,KRAINA LODU 2 (DVD) PL,https://allegro.pl/oferta/kraina-lodu-2-dvd-pl-8969978766,36,694,10.0
kultura_i_rozrywka,Filmy,Filmy na DVD,GWIEZDNE WOJNY: SKYWALKER. ODRODZENIE (DVD) PL,https://allegro.pl/oferta/gwiezdne-wojny-skywalker-odrodzenie-dvd-pl-9044056926,37,114,2.0
kultura_i_rozrywka,Filmy,Filmy na DVD,NAPRZ”D (DVD) PL,https://allegro.pl/oferta/naprzod-dvd-pl-9195642217,37,6,0.0
kultura_i_rozrywka,Filmy,Filmy na DVD,James Bond: Bond [DVD] KOLEKCJONERKA 22 FILMY,https://allegro.pl/oferta/james-bond-bond-dvd-kolekcjonerka-22-filmy-9082428315,99,5,0.0
kultura_i_rozrywka,Filmy,Filmy na DVD,Kolekcja 12 polskich kultowych filmÛw DVD orygina≥,https://allegro.pl/oferta/kolekcja-12-polskich-kultowych-filmow-dvd-oryginal-9200087731,55,0,0.0
kultura_i_rozrywka,Filmy,Filmy na Blu-ray,GWIEZDNE WOJNY: SKYWALKER. ODRODZENIE (2 BD) PL,https://allegro.pl/oferta/gwiezdne-wojny-skywalker-odrodzenie-2-bd-pl-9044169107,82,55,10.0
kultura_i_rozrywka,Filmy,Filmy na Blu-ray,GWIEZDNE WOJNY: SKYWALKER ODRODZENIE STEELBOOK BD,https://allegro.pl/oferta/gwiezdne-wojny-skywalker-odrodzenie-steelbook-bd-9173047433,99,40,7.0
kultura_i_rozrywka,Filmy,Filmy na Blu-ray,Blu-Ray OBCY 8. PASAØER "NOSTROMO" folia,https://allegro.pl/oferta/blu-ray-obcy-8-pasazer-nostromo-folia-9084594692,11,13,2.0
kultura_i_rozrywka,Filmy,Filmy na Blu-ray,PTAKI NOCY - HARLEY QUINN (BD) PL,https://allegro.pl/oferta/ptaki-nocy-harley-quinn-bd-pl-9106366774,82,0,0.0
kultura_i_rozrywka,Filmy,Filmy na Blu-ray,LOST Zagubieni Sezony 4-6 blu-ray 4 + 5 + 6,https://allegro.pl/oferta/lost-zagubieni-sezony-4-6-blu-ray-4-5-6-9207547243,160,0,0.0
kultura_i_rozrywka,Filmy,Gadøety filmowe,KIELISZEK do wina DOM Z PAPIERU LA CASA DE PAPEL,https://allegro.pl/oferta/kieliszek-do-wina-dom-z-papieru-la-casa-de-papel-9194332539,29,4,10.0
kultura_i_rozrywka,Filmy,Gadøety filmowe,KUBEK LATTE Bella - DOM Z PAPIERU LA CASA DE PAPEL,https://allegro.pl/oferta/kubek-latte-bella-dom-z-papieru-la-casa-de-papel-9201487689,28,2,5.0
kultura_i_rozrywka,Filmy,Gadøety filmowe,Szklanka DOM Z PAPIERU LA CASA DE PAPEL - GRAWER !,https://allegro.pl/oferta/szklanka-dom-z-papieru-la-casa-de-papel-grawer-9194340387,20,1,2.0
kultura_i_rozrywka,Filmy,Gadøety filmowe,KUBEK Lucyfer LUCIFER DIABE£ MORNINGSTAR,https://allegro.pl/oferta/kubek-lucyfer-lucifer-diabel-morningstar-9196888015,22,0,0.0
kultura_i_rozrywka,Filmy,Gadøety filmowe,AVADA KEDAVRA KUBEK HARRY POTTER ! Prezent LUX !,https://allegro.pl/oferta/avada-kedavra-kubek-harry-potter-prezent-lux-9212253693,18,0,0.0
kultura_i_rozrywka,Filmy,Filmy dla dzieci,KRAINA LODU 2 (DVD) PL,https://allegro.pl/oferta/kraina-lodu-2-dvd-pl-8969978766,36,694,10.0
kultura_i_rozrywka,Filmy,Filmy dla dzieci,NAPRZ”D (DVD) PL,https://allegro.pl/oferta/naprzod-dvd-pl-9195642217,37,6,0.0
kultura_i_rozrywka,Filmy,Filmy dla dzieci,Heidi. CzÍúÊ 1 DVD Folia PL,https://allegro.pl/oferta/heidi-czesc-1-dvd-folia-pl-9124624460,49,4,0.0
kultura_i_rozrywka,Filmy,Filmy dla dzieci,åWINKA PEPPA : ZESTAW DVD 125 MIN  25 ODCINK”W D-X,https://allegro.pl/oferta/swinka-peppa-zestaw-dvd-125-min-25-odcinkow-d-x-9102823931,16,36,0.0
kultura_i_rozrywka,Filmy,Filmy dla dzieci,BY£O SOBIE ØYCIE. Z£OTA KOLEKCJA HD [ BOX 6 DVD ],https://allegro.pl/oferta/bylo-sobie-zycie-zlota-kolekcja-hd-box-6-dvd-7194462324,66,49,1.0
kultura_i_rozrywka,Gadøety filmowe,Gadøety gamingowe,KLOCKOWY KUBEK PREZENT + klocki 8 KOLOR”W do LEGO,https://allegro.pl/oferta/klockowy-kubek-prezent-klocki-8-kolorow-do-lego-8690648901,40,52,10.0
kultura_i_rozrywka,Gadøety filmowe,Gadøety gamingowe,Figurka Wiedümin 3 Wampir Regis Dark Horse NOWA,https://allegro.pl/oferta/figurka-wiedzmin-3-wampir-regis-dark-horse-nowa-8840742416,209,7,0.0
kultura_i_rozrywka,Gadøety filmowe,Gadøety gamingowe,Kubek gracza prezent dzieÒ ch≥opaka HIT,https://allegro.pl/oferta/kubek-gracza-prezent-dzien-chlopaka-hit-8490391957,34,20,3.0
kultura_i_rozrywka,Gadøety filmowe,Gadøety gamingowe,LAMPKA PLAYSTATION ICONS LIGHT PP4140PS,https://allegro.pl/oferta/lampka-playstation-icons-light-pp4140ps-7855459589,78,45,8.0
kultura_i_rozrywka,Gadøety filmowe,Gadøety gamingowe,MINECRAFT Lampka Nocna 3D LED + PILOT,https://allegro.pl/oferta/minecraft-lampka-nocna-3d-led-pilot-9069022168,99,7,0.0
kultura_i_rozrywka,Gadøety filmowe,Gadøety muzyczne,KARTY LOMO BTS BANGTAN BOYS PERSONA MAP SOUL KPOP,https://allegro.pl/oferta/karty-lomo-bts-bangtan-boys-persona-map-soul-kpop-8038175415,22,18,10.0
kultura_i_rozrywka,Gadøety filmowe,Gadøety muzyczne,KOLCZYK KOLCZYKI BTS BANGTAN BOYS JIMIN KPOP KOREA,https://allegro.pl/oferta/kolczyk-kolczyki-bts-bangtan-boys-jimin-kpop-korea-7413286740,19,16,9.0
kultura_i_rozrywka,Gadøety filmowe,Gadøety muzyczne,Mini gitara klasyczna skala 1:4 prezent dla muzyka,https://allegro.pl/oferta/mini-gitara-klasyczna-skala-1-4-prezent-dla-muzyka-8180001413,70,1,1.0
kultura_i_rozrywka,Gadøety filmowe,Gadøety muzyczne,KUBEK BTS BANGTAN BOYS + IMIE + KARTONIK,https://allegro.pl/oferta/kubek-bts-bangtan-boys-imie-kartonik-9037543176,15,9,5.0
kultura_i_rozrywka,Gadøety filmowe,Gadøety muzyczne,Dakimakura Virtual Youtuber Kizuna Ai DO WYBORU,https://allegro.pl/oferta/dakimakura-virtual-youtuber-kizuna-ai-do-wyboru-9214975840,99,0,0.0
