motoryzacja,Czêœci samochodowe,Czêœci karoserii,Naklejka znamionowa lub tabliczka - ka¿da marka !,https://allegro.pl/oferta/naklejka-znamionowa-lub-tabliczka-kazda-marka-8599572520,79,70,4.0
motoryzacja,Czêœci samochodowe,Czêœci karoserii,MATA wyg³uszaj¹ca pianka KAUCZUKOWA z KLEJEM 3mm,https://allegro.pl/oferta/mata-wygluszajaca-pianka-kauczukowa-z-klejem-3mm-5850723066,3,158,10.0
motoryzacja,Czêœci samochodowe,Czêœci karoserii,MATA WYG£USZAJ¥CA 1.8mm BUTYLOWA bitum ALUBUTYL,https://allegro.pl/oferta/mata-wygluszajaca-1-8mm-butylowa-bitum-alubutyl-8902712234,89,124,8.0
motoryzacja,Czêœci samochodowe,Czêœci karoserii,MATA PIANKA WYG£USZAJ¥CA TRUDNOPALNA MASKI SILNIKA,https://allegro.pl/oferta/mata-pianka-wygluszajaca-trudnopalna-maski-silnika-5269845690,15,139,9.0
motoryzacja,Czêœci samochodowe,Czêœci karoserii,MATA PIANKA WYG£USZAJ¥CA ZESTAW PARY DRZWI MONTA¯,https://allegro.pl/oferta/mata-pianka-wygluszajaca-zestaw-pary-drzwi-montaz-5270183680,179,21,0.0
motoryzacja,Czêœci samochodowe,Oœwietlenie i reflektory,2w1 Œwiat³a LED DZIENNE + KIERUNKOWSKAZY DRL PY21W,https://allegro.pl/oferta/2w1-swiatla-led-dzienne-kierunkowskazy-drl-py21w-7026201938,79,435,8.0
motoryzacja,Czêœci samochodowe,Oœwietlenie i reflektory,Lampa 16 LED halogen roboczy szperacz 48W 12V 24V,https://allegro.pl/oferta/lampa-16-led-halogen-roboczy-szperacz-48w-12v-24v-7109523693,17,561,10.0
motoryzacja,Czêœci samochodowe,Oœwietlenie i reflektory,MODU£ ŒWIATE£ D£UGICH DZIENNYCH DRL Dzienne,https://allegro.pl/oferta/modul-swiatel-dlugich-dziennych-drl-dzienne-7048038914,118,166,3.0
motoryzacja,Czêœci samochodowe,Oœwietlenie i reflektory,Œwiat³a do jazdy dziennej LED DRL AUTOMAT homo.,https://allegro.pl/oferta/swiatla-do-jazdy-dziennej-led-drl-automat-homo-7109522009,19,249,4.0
motoryzacja,Czêœci samochodowe,Oœwietlenie i reflektory,LAMPA OBRYSOWA Obrysówka Rogowa Kierunkowskaz 2X,https://allegro.pl/oferta/lampa-obrysowa-obrysowka-rogowa-kierunkowskaz-2x-8301086814,405,0,0.0
motoryzacja,Czêœci samochodowe,Silniki i osprzêt,GWARANCJA SILNIK AVF PASSAT AUDI A4 1.9 130 KM,https://allegro.pl/oferta/gwarancja-silnik-avf-passat-audi-a4-1-9-130-km-8728857464,2500,0,0.0
motoryzacja,Czêœci samochodowe,Silniki i osprzêt,ZESTAW NAPRAWCZY KLAP KOLEKTORA AUDI 2.7 3.0 TDI,https://allegro.pl/oferta/zestaw-naprawczy-klap-kolektora-audi-2-7-3-0-tdi-8536908274,115,9,1.0
motoryzacja,Czêœci samochodowe,Silniki i osprzêt,KO£O KO£A PASOWE SZAJBA PRZEK£ADNIA - 1 HA 100,https://allegro.pl/oferta/kolo-kola-pasowe-szajba-przekladnia-1-ha-100-8356350471,36,10,2.0
motoryzacja,Czêœci samochodowe,Silniki i osprzêt,SPINKA SPINKI OS£ONY SILNIKA KPL do Audi A4 B8 A5,https://allegro.pl/oferta/spinka-spinki-oslony-silnika-kpl-do-audi-a4-b8-a5-8381815172,21,63,10.0
motoryzacja,Czêœci samochodowe,Silniki i osprzêt,OS£ONA SILNIKA POD SILNIK VW Passat B5 B6 Audi A4,https://allegro.pl/oferta/oslona-silnika-pod-silnik-vw-passat-b5-b6-audi-a4-7187192765,43,44,7.0
motoryzacja,Czêœci samochodowe,Uk³ad elektryczny i akumulatory,STEROWNIK ZAMKA CENTRALNEGO PILOT MIGACZE 2 PILOTY,https://allegro.pl/oferta/sterownik-zamka-centralnego-pilot-migacze-2-piloty-6730343028,29,149,6.0
motoryzacja,Czêœci samochodowe,Uk³ad elektryczny i akumulatory,STEROWNIK ZAMKA CENTRALNEGO 2x PILOT MIGACZ DEXXER,https://allegro.pl/oferta/sterownik-zamka-centralnego-2x-pilot-migacz-dexxer-8859702249,26,91,0.0
motoryzacja,Czêœci samochodowe,Uk³ad elektryczny i akumulatory,STEROWNIK ZAMKA CENTRALNEGO PILOT METAL MIGACZE HQ,https://allegro.pl/oferta/sterownik-zamka-centralnego-pilot-metal-migacze-hq-6271010811,59,219,3.0
motoryzacja,Czêœci samochodowe,Uk³ad elektryczny i akumulatory,CENTRALNY ZAMEK 2x PILOT SCYZORYK LOGO RTX CL9S 5D,https://allegro.pl/oferta/centralny-zamek-2x-pilot-scyzoryk-logo-rtx-cl9s-5d-5199654331,99,32,10.0
motoryzacja,Czêœci samochodowe,Uk³ad elektryczny i akumulatory,STEROWNIK ZAMKA CENTRALNEGO METALOWE PILOTY MIGACZ,https://allegro.pl/oferta/sterownik-zamka-centralnego-metalowe-piloty-migacz-7295372696,40,137,6.0
motoryzacja,Czêœci samochodowe,Uklad hamulcowy,TARCZE KLOCKI DO AUDI A4 B6 B7 A6 C5 PASSAT B5 288,https://allegro.pl/oferta/tarcze-klocki-do-audi-a4-b6-b7-a6-c5-passat-b5-288-8149611251,279,23,1.0
motoryzacja,Czêœci samochodowe,Uklad hamulcowy,TARCZE KLOCKI TY£ DO GOLF 4 IV AUDI A3 LEON FABIA,https://allegro.pl/oferta/tarcze-klocki-tyl-do-golf-4-iv-audi-a3-leon-fabia-5087076270,89,121,10.0
motoryzacja,Czêœci samochodowe,Uklad hamulcowy,NOWY ZACISK HAMULCOWY TY£ LEWY A4 A6 VW PASSAT !!,https://allegro.pl/oferta/nowy-zacisk-hamulcowy-tyl-lewy-a4-a6-vw-passat-8490753211,134,64,5.0
motoryzacja,Czêœci samochodowe,Uklad hamulcowy,Zestaw koñcówek z³¹czek do przewodów ham. 165 szt,https://allegro.pl/oferta/zestaw-koncowek-zlaczek-do-przewodow-ham-165-szt-7474766986,150,16,0.0
motoryzacja,Czêœci samochodowe,Uklad hamulcowy,2szt £¹cznik z³¹czka przewodów ham.bez zakuwania,https://allegro.pl/oferta/2szt-lacznik-zlaczka-przewodow-ham-bez-zakuwania-7728705468,33,33,2.0
motoryzacja,Czêœci samochodowe,Uk³ad zawieszenia,ZESTAW ZAWIESZENIA WAHACZE AUDI A4 A6 VW PASSAT B5,https://allegro.pl/oferta/zestaw-zawieszenia-wahacze-audi-a4-a6-vw-passat-b5-8944068190,409,90,10.0
motoryzacja,Czêœci samochodowe,Uk³ad zawieszenia,SKV WAHACZE KPL AUDI A4 A6 VW PASSAT B5 SUPERB,https://allegro.pl/oferta/skv-wahacze-kpl-audi-a4-a6-vw-passat-b5-superb-8563095496,414,60,6.0
motoryzacja,Czêœci samochodowe,Uk³ad zawieszenia,WAHACZ TULEJA £¥CZNIK TY£ DO OPEL SIGNUM VECTRA C,https://allegro.pl/oferta/wahacz-tuleja-lacznik-tyl-do-opel-signum-vectra-c-8837283965,619,11,0.0
motoryzacja,Czêœci samochodowe,Uk³ad zawieszenia,2X £¥CZNIK STABILIZATORA KPL OPEL ASTRA G H ZAFIRA,https://allegro.pl/oferta/2x-lacznik-stabilizatora-kpl-opel-astra-g-h-zafira-5889694457,40,41,4.0
motoryzacja,Czêœci samochodowe,Uk³ad zawieszenia,GUMA PODK£ADKA PODWY¯SZAJ¥CA POD SPRÊ¯YNY 30mm,https://allegro.pl/oferta/guma-podkladka-podwyzszajaca-pod-sprezyny-30mm-6552118822,12,61,6.0
motoryzacja,Czêœci samochodowe,Uk³ad wydechowy,KOÑCÓWKA WYDECHU T£UMIKA NAK£ADKA INOX NIERDZEWKA,https://allegro.pl/oferta/koncowka-wydechu-tlumika-nakladka-inox-nierdzewka-8512747365,32,65,10.0
motoryzacja,Czêœci samochodowe,Uk³ad wydechowy,T£UMIK ŒRODKOWY 2 5'' 300mm PRZELOTOWY TURBOWORKS,https://allegro.pl/oferta/tlumik-srodkowy-2-5-300mm-przelotowy-turboworks-8119157418,114,15,1.0
motoryzacja,Czêœci samochodowe,Uk³ad wydechowy,KOÑCÓWKA WYDECHU CZARNA CARBON DU¯A 90mm OKR¥G£A,https://allegro.pl/oferta/koncowka-wydechu-czarna-carbon-duza-90mm-okragla-8169384195,52,8,0.0
motoryzacja,Czêœci samochodowe,Uk³ad wydechowy,KOÑCÓWKA WYDECHU T£UMIKA NAK£ADKA INOX DWURURKA,https://allegro.pl/oferta/koncowka-wydechu-tlumika-nakladka-inox-dwururka-8233111077,69,19,2.0
motoryzacja,Czêœci samochodowe,Uk³ad wydechowy,KOÑCÓWKA WYDECHU T£UMIKA NAK£ADKA CZARNY MAT,https://allegro.pl/oferta/koncowka-wydechu-tlumika-nakladka-czarny-mat-8855568987,26,14,1.0
motoryzacja,Czêœci samochodowe,Uk³ad ch³odzenia,Rura ³¹cznik silikonowy 50mm dolot turbo woda,https://allegro.pl/oferta/rura-lacznik-silikonowy-50mm-dolot-turbo-woda-8740465916,120,1,0.0
motoryzacja,Czêœci samochodowe,Uk³ad ch³odzenia,Ch³odnica wody BMW 3 E46 316 318 320 323 325 330,https://allegro.pl/oferta/chlodnica-wody-bmw-3-e46-316-318-320-323-325-330-8579704770,138,16,9.0
motoryzacja,Czêœci samochodowe,Uk³ad ch³odzenia,CH£ODNICA WODY Z KORKIEM do Daewoo Tico,https://allegro.pl/oferta/chlodnica-wody-z-korkiem-do-daewoo-tico-7884195444,63,16,9.0
motoryzacja,Czêœci samochodowe,Uk³ad ch³odzenia,Ch³odnica wody OPEL ASTRA G 1.4/1.6/1.8/2.2 +AC,https://allegro.pl/oferta/chlodnica-wody-opel-astra-g-1-4-1-6-1-8-2-2-ac-7434975566,96,17,10.0
motoryzacja,Czêœci samochodowe,Uk³ad ch³odzenia,Ch³odnica wody VW GOLF IV/Polo/Audi A3/Octavia,https://allegro.pl/oferta/chlodnica-wody-vw-golf-iv-polo-audi-a3-octavia-7384232059,85,15,9.0
motoryzacja,Czêœci samochodowe,Wyposa¿enie wnêtrza,PEUGEOT 207 307 308 GA£KA ZMIANY BIEGÓW + MIESZEK,https://allegro.pl/oferta/peugeot-207-307-308-galka-zmiany-biegow-mieszek-7238643553,11,220,10.0
motoryzacja,Czêœci samochodowe,Wyposa¿enie wnêtrza,2M Œwiat³owód EL WIRE Taœma Ambient Pasek jak LED,https://allegro.pl/oferta/2m-swiatlowod-el-wire-tasma-ambient-pasek-jak-led-6923117776,15,103,4.0
motoryzacja,Czêœci samochodowe,Wyposa¿enie wnêtrza,POD£OKIETNIK UNIWERSALNY UCHWYT schowek - 2 kolory,https://allegro.pl/oferta/podlokietnik-uniwersalny-uchwyt-schowek-2-kolory-6424664119,60,44,2.0
motoryzacja,Czêœci samochodowe,Wyposa¿enie wnêtrza,Kieszen 1 DIN uchwyt na kubek schowek radio tuning,https://allegro.pl/oferta/kieszen-1-din-uchwyt-na-kubek-schowek-radio-tuning-8379445249,89,9,0.0
motoryzacja,Czêœci samochodowe,Wyposa¿enie wnêtrza,OŒWIETLENIE WNÊTRZA AUTA KABINY RGB LED + PILOT !,https://allegro.pl/oferta/oswietlenie-wnetrza-auta-kabiny-rgb-led-pilot-8519633568,38,144,6.0
motoryzacja,Akcesoria samochodowe,Baga¿niki,BAGA¯NIK NA 3 ROWERY UCHWYT ROWEROWY NA KLAPÊ AUTA,https://allegro.pl/oferta/bagaznik-na-3-rowery-uchwyt-rowerowy-na-klape-auta-9056778940,134,58,10.0
motoryzacja,Akcesoria samochodowe,Baga¿niki,UCHWYT ROWEROWY DO SAMOCHODU NA HAK 4 ROWERY,https://allegro.pl/oferta/uchwyt-rowerowy-do-samochodu-na-hak-4-rowery-9122350664,760,14,2.0
motoryzacja,Akcesoria samochodowe,Baga¿niki,UCHWYT BAGA¯NIK ROWEROWY NA HAK 3 ROWERY WIESZAK,https://allegro.pl/oferta/uchwyt-bagaznik-rowerowy-na-hak-3-rowery-wieszak-9209924131,298,1,0.0
motoryzacja,Akcesoria samochodowe,Baga¿niki,Baga¿nik uchwyt rowerowy na dach - rower AMOS TOUR,https://allegro.pl/oferta/bagaznik-uchwyt-rowerowy-na-dach-rower-amos-tour-7996845857,179,29,5.0
motoryzacja,Akcesoria samochodowe,Baga¿niki,Baga¿nik Rowerowy Na Klapê Norauto Norbike 3,https://allegro.pl/oferta/bagaznik-rowerowy-na-klape-norauto-norbike-3-7995619830,269,9,1.0
motoryzacja,Akcesoria samochodowe,Dywaniki,dywaniki CARLUX czarne Audi A4 B6 / B7 + stopery,https://allegro.pl/oferta/dywaniki-carlux-czarne-audi-a4-b6-b7-stopery-7825779496,40,103,8.0
motoryzacja,Akcesoria samochodowe,Dywaniki,Dywaniki Welurowe AUDI A4 A6 A3 A5 A7 A2 DYLON 8mm,https://allegro.pl/oferta/dywaniki-welurowe-audi-a4-a6-a3-a5-a7-a2-dylon-8mm-9005789123,45,115,9.0
motoryzacja,Akcesoria samochodowe,Dywaniki,AUDI A4 B5 B6 B7 A6 C5 C6 gumowe dywaniki STOPERY,https://allegro.pl/oferta/audi-a4-b5-b6-b7-a6-c5-c6-gumowe-dywaniki-stopery-7533673292,49,132,10.0
motoryzacja,Akcesoria samochodowe,Dywaniki,Dywaniki welurowe Audi A4 B6 B7 00-07r. Logo Napis,https://allegro.pl/oferta/dywaniki-welurowe-audi-a4-b6-b7-00-07r-logo-napis-9181064560,79,10,0.0
motoryzacja,Akcesoria samochodowe,Dywaniki,DYWANIKI WELUROWE OPEL ASTRA II 2 G III 3 H IV 4 J,https://allegro.pl/oferta/dywaniki-welurowe-opel-astra-ii-2-g-iii-3-h-iv-4-j-8867471202,40,103,0.0
motoryzacja,Akcesoria samochodowe,Elektronika samochodowa,TRANSMITER FM BLUETOOTH 5.0 USB wielofunkcyjny 8w1,https://allegro.pl/oferta/transmiter-fm-bluetooth-5-0-usb-wielofunkcyjny-8w1-8875143537,97,233,4.0
motoryzacja,Akcesoria samochodowe,Elektronika samochodowa,Odkurzacz samochodowy filtr HEPA 12V 120W + TORBA,https://allegro.pl/oferta/odkurzacz-samochodowy-filtr-hepa-12v-120w-torba-8617269442,79,363,10.0
motoryzacja,Akcesoria samochodowe,Elektronika samochodowa,KAMERA SAMOCHODOWA REJESTRATOR JAZDY HD KAMERKA,https://allegro.pl/oferta/kamera-samochodowa-rejestrator-jazdy-hd-kamerka-8920614569,59,143,0.0
motoryzacja,Akcesoria samochodowe,Elektronika samochodowa,TRANSMITER FM MP3 BLUETOOTH ZESTAW G£OŒNOMÓW¥CY,https://allegro.pl/oferta/transmiter-fm-mp3-bluetooth-zestaw-glosnomowacy-8727536640,37,256,5.0
motoryzacja,Akcesoria samochodowe,Elektronika samochodowa,Wielofunkcyjny TRANSMITER FM USB SD BLUETOOTH MP3,https://allegro.pl/oferta/wielofunkcyjny-transmiter-fm-usb-sd-bluetooth-mp3-7809563962,69,199,3.0
motoryzacja,Akcesoria samochodowe,Akcesoria Tuningowe,PROFESJONALNA FOLIA DO PRZYCIEMNIANIA SZYB 75x300,https://allegro.pl/oferta/profesjonalna-folia-do-przyciemniania-szyb-75x300-7118677877,41,138,1.0
motoryzacja,Akcesoria samochodowe,Akcesoria Tuningowe,FOLIA CARBON 3D KARBON OKLEINA CZARNA 152 x 50 cm,https://allegro.pl/oferta/folia-carbon-3d-karbon-okleina-czarna-152-x-50-cm-7260314019,12,432,10.0
motoryzacja,Akcesoria samochodowe,Akcesoria Tuningowe,2M Œwiat³owód EL WIRE Taœma Ambient Pasek jak LED,https://allegro.pl/oferta/2m-swiatlowod-el-wire-tasma-ambient-pasek-jak-led-6923023026,15,279,5.0
motoryzacja,Akcesoria samochodowe,Akcesoria Tuningowe,FOLIA TERMOKURCZLIWA 3M 50x3M BS ZESTAW 4 ODCIENIE,https://allegro.pl/oferta/folia-termokurczliwa-3m-50x3m-bs-zestaw-4-odcienie-8789482182,69,95,0.0
motoryzacja,Akcesoria samochodowe,Akcesoria Tuningowe,UNIWERSALNA DOK£ADKA ZDERZAKA - LIP SPOILER 2 5M,https://allegro.pl/oferta/uniwersalna-dokladka-zderzaka-lip-spoiler-2-5m-8567129488,49,166,2.0
motoryzacja,Opony i felgi,Opony do aut osobowych,4x Opony 205/55R16 Letnie JedŸ Bezpiecznie,https://allegro.pl/oferta/4x-opony-205-55r16-letnie-jedz-bezpiecznie-8874877726,429,31,1.0
motoryzacja,Opony i felgi,Opony do aut osobowych,4x 195/65R15 Opony Letnie JedŸ Bezpiecznie,https://allegro.pl/oferta/4x-195-65r15-opony-letnie-jedz-bezpiecznie-8862477698,399,85,10.0
motoryzacja,Opony i felgi,Opony do aut osobowych,4x 225/45R17 Opony Letnie JedŸ Bezpiecznie,https://allegro.pl/oferta/4x-225-45r17-opony-letnie-jedz-bezpiecznie-8918346608,469,40,3.0
motoryzacja,Opony i felgi,Opony do aut osobowych,4 Opony letnie 205/55R16 Bezpieczne PROMOCJA 2020,https://allegro.pl/oferta/4-opony-letnie-205-55r16-bezpieczne-promocja-2020-8947973972,400,42,3.0
motoryzacja,Opony i felgi,Opony do aut osobowych,4x Opony 185/65R15 Letnie JedŸ Bezpiecznie,https://allegro.pl/oferta/4x-opony-185-65r15-letnie-jedz-bezpiecznie-8874872975,389,24,0.0
motoryzacja,Opony i felgi,Opony do motocykli i skuterów,MICHELIN PILOT POWER 120/70ZR17 + 180/55ZR17 2020r,https://allegro.pl/oferta/michelin-pilot-power-120-70zr17-180-55zr17-2020r-9020663890,650,27,4.0
motoryzacja,Opony i felgi,Opony do motocykli i skuterów,1x opona 120/70ZR17 PIRELLI ANGEL ST F 58W,https://allegro.pl/oferta/1x-opona-120-70zr17-pirelli-angel-st-f-58w-8974336650,244,63,10.0
motoryzacja,Opony i felgi,Opony do motocykli i skuterów,METZELER ROADTEC Z6 INTERACT 120/70ZR17+160/60ZR17,https://allegro.pl/oferta/metzeler-roadtec-z6-interact-120-70zr17-160-60zr17-9050981835,396,25,3.0
motoryzacja,Opony i felgi,Opony do motocykli i skuterów,PIRELLI ANGEL ST 120/70/17 180/55/17 2019!!!,https://allegro.pl/oferta/pirelli-angel-st-120-70-17-180-55-17-2019-8372513630,570,37,6.0
motoryzacja,Opony i felgi,Opony do motocykli i skuterów,160/60/17 120/60/17 Pirelli Angel ST ŒWIE¯E!,https://allegro.pl/oferta/160-60-17-120-60-17-pirelli-angel-st-swieze-8859185168,539,5,0.0
motoryzacja,Opony i felgi,Felgi aluminiowe i stalowe,Felgi 16 VW Golf 5 6 7 Jetta  Touran Caddy 5x112,https://allegro.pl/oferta/felgi-16-vw-golf-5-6-7-jetta-touran-caddy-5x112-9131418420,999,30,2.0
motoryzacja,Opony i felgi,Felgi aluminiowe i stalowe,Felgi 16 SKODA OCTAVIA KAROQ VW GOLF PASSAT SHARAN,https://allegro.pl/oferta/felgi-16-skoda-octavia-karoq-vw-golf-passat-sharan-9167977827,1599,55,3.0
motoryzacja,Opony i felgi,Felgi aluminiowe i stalowe,ORYGINALNE 16 5x112 VW PASSAT GOLF T-ROC TIGUAN,https://allegro.pl/oferta/oryginalne-16-5x112-vw-passat-golf-t-roc-tiguan-8903360336,1349,6,0.0
motoryzacja,Opony i felgi,Felgi aluminiowe i stalowe,NOWE FELGI 16 CAL 5X112 Audi A3 8P 8V A4 B5 B6 A6,https://allegro.pl/oferta/nowe-felgi-16-cal-5x112-audi-a3-8p-8v-a4-b5-b6-a6-9210240053,949,1,0.0
motoryzacja,Opony i felgi,Felgi aluminiowe i stalowe,ORYGINALNE FELGI 16 5x112 VW GOLF PASSAT TIGUAN,https://allegro.pl/oferta/oryginalne-felgi-16-5x112-vw-golf-passat-tiguan-8502104971,1349,162,10.0
motoryzacja,Warsztat,Narzêdzia rêczne,ZESTAW NARZÊDZIOWY KLUCZE NASADOWE 160 SZT + YATO,https://allegro.pl/oferta/zestaw-narzedziowy-klucze-nasadowe-160-szt-yato-5773193178,209,211,10.0
motoryzacja,Warsztat,Narzêdzia rêczne,NEO ZESTAW KLUCZY NASADOWYCH 1/2 1/4 110el 08-666,https://allegro.pl/oferta/neo-zestaw-kluczy-nasadowych-1-2-1-4-110el-08-666-6785630233,648,34,0.0
motoryzacja,Warsztat,Narzêdzia rêczne,NEO TOOLS 08-684 Uniwersalny zestaw narzêdzi 56 el,https://allegro.pl/oferta/neo-tools-08-684-uniwersalny-zestaw-narzedzi-56-el-8245178871,213,181,8.0
motoryzacja,Warsztat,Narzêdzia rêczne,YATO ZESTAW KLUCZY NASADOWYCH 1/4" 56 el 4501,https://allegro.pl/oferta/yato-zestaw-kluczy-nasadowych-1-4-56-el-4501-7495113277,99,92,4.0
motoryzacja,Warsztat,Narzêdzia rêczne,ZESTAW KLUCZY 225 el KLUCZE NASADOWE YATO YT-38941,https://allegro.pl/oferta/zestaw-kluczy-225-el-klucze-nasadowe-yato-yt-38941-8731710631,527,27,0.0
motoryzacja,Warsztat,Narzêdzia specjalistyczne,LISTWA MAGNETYCZNA NARZÊDZIOWA NARZEDZIA 3 EL,https://allegro.pl/oferta/listwa-magnetyczna-narzedziowa-narzedzia-3-el-6653768234,29,54,10.0
motoryzacja,Warsztat,Narzêdzia specjalistyczne,NEO ZESTAW ŒCIERNICE czyszczenia piast zestaw 6el,https://allegro.pl/oferta/neo-zestaw-sciernice-czyszczenia-piast-zestaw-6el-8947513855,64,7,0.0
motoryzacja,Warsztat,Narzêdzia specjalistyczne,POPS A DENT DING KING ZESTAW DO USUWANIA WGNIECEÑ,https://allegro.pl/oferta/pops-a-dent-ding-king-zestaw-do-usuwania-wgniecen-8328585389,16,25,4.0
motoryzacja,Warsztat,Narzêdzia specjalistyczne,POMPKA SAMOCHODOWA ROWEROWA NO¯NA,https://allegro.pl/oferta/pompka-samochodowa-rowerowa-nozna-9039818674,18,35,6.0
motoryzacja,Warsztat,Narzêdzia specjalistyczne,ZESTAW DO POMIARU BICIA TARCZ HAMULCOWYCH WA£ÓW,https://allegro.pl/oferta/zestaw-do-pomiaru-bicia-tarcz-hamulcowych-walow-8716653871,88,39,7.0
motoryzacja,Warsztat,Sprzêt warsztatowy,YATO SZAFKA NARZÊDZIOWA WARSZTATOWA YT-55299,https://allegro.pl/oferta/yato-szafka-narzedziowa-warsztatowa-yt-55299-6989620688,1059,2,0.0
motoryzacja,Warsztat,Sprzêt warsztatowy,PODNOŒNIK SAMOCHODOWY hydrauliczny ¿aba lewarek MP,https://allegro.pl/oferta/podnosnik-samochodowy-hydrauliczny-zaba-lewarek-mp-8918041225,151,944,10.0
motoryzacja,Warsztat,Sprzêt warsztatowy,PODNOŒNIK SAMOCHODOWY LEWAREK ¯ABA 2T + KOBY£KI 3T,https://allegro.pl/oferta/podnosnik-samochodowy-lewarek-zaba-2t-kobylki-3t-8198772104,129,396,4.0
motoryzacja,Warsztat,Sprzêt warsztatowy,Tablica narzêdziowa warsztatowa 78x170 cm œcianka,https://allegro.pl/oferta/tablica-narzedziowa-warsztatowa-78x170-cm-scianka-8745711921,241,284,3.0
motoryzacja,Warsztat,Sprzêt warsztatowy,SZAFKA NARZÊDZIOWA WÓZEK WARSZTATOWY TAGRED 251EL!,https://allegro.pl/oferta/szafka-narzedziowa-wozek-warsztatowy-tagred-251el-7813519042,1499,38,0.0
motoryzacja,Warsztat,Narzêdzia diagnostyczne,NAJLEPSZY interfejs USB VAG KKL we wtyku OBD2 PL,https://allegro.pl/oferta/najlepszy-interfejs-usb-vag-kkl-we-wtyku-obd2-pl-7200310087,54,554,5.0
motoryzacja,Warsztat,Narzêdzia diagnostyczne,ELM327 iCar2 Vgate OBD2 Interfejs Bluetooth Polski,https://allegro.pl/oferta/elm327-icar2-vgate-obd2-interfejs-bluetooth-polski-8194134208,48,950,10.0
motoryzacja,Warsztat,Narzêdzia diagnostyczne,Najtañszy skaner OBD2 Vscan j.polski od dealera !,https://allegro.pl/oferta/najtanszy-skaner-obd2-vscan-j-polski-od-dealera-5466993981,119,139,0.0
motoryzacja,Warsztat,Narzêdzia diagnostyczne,Interfejs ELM 327 Bluetooth MINI BT OBD2,https://allegro.pl/oferta/interfejs-elm-327-bluetooth-mini-bt-obd2-8118710150,22,350,3.0
motoryzacja,Warsztat,Narzêdzia diagnostyczne,ELM327 iCar 2 Vgate OBD2 Interfejs Bluetooth iCar2,https://allegro.pl/oferta/elm327-icar-2-vgate-obd2-interfejs-bluetooth-icar2-8862905622,49,410,3.0
motoryzacja,Do motocykli,Czêœci motocyklowe,WYŒWIETLACZ BIEGÓW wskaŸnik motocykla motocyklowy,https://allegro.pl/oferta/wyswietlacz-biegow-wskaznik-motocykla-motocyklowy-7957066307,109,48,0.0
motoryzacja,Do motocykli,Czêœci motocyklowe,AKUMULATOR ¯ELOWY 12V 7Ah YTX7A-BS SKUTER 2T 4T,https://allegro.pl/oferta/akumulator-zelowy-12v-7ah-ytx7a-bs-skuter-2t-4t-8023967947,74,297,10.0
motoryzacja,Do motocykli,Czêœci motocyklowe,SKUTER 4T GY6 139QMB TUNING ODBLOKOWANY GANIK,https://allegro.pl/oferta/skuter-4t-gy6-139qmb-tuning-odblokowany-gaznik-6935433542,79,131,4.0
motoryzacja,Do motocykli,Czêœci motocyklowe,£ADOWARKA PROSTOWNIK IMPULSOWY 6V 12V ¯el AGM,https://allegro.pl/oferta/ladowarka-prostownik-impulsowy-6v-12v-zel-agm-8981464204,89,213,7.0
motoryzacja,Do motocykli,Czêœci motocyklowe,MANETKI GRIPY CROSS PROTAPER RÓ¯NE KOLORY GRATIS!,https://allegro.pl/oferta/manetki-gripy-cross-protaper-rozne-kolory-gratis-7723380922,21,38,0.0
motoryzacja,Do motocykli,Kaski motocyklowe,LS2 FF353 RAPID KASK MOTOCYKLOWY CZ MAT GRATIS M,https://allegro.pl/oferta/ls2-ff353-rapid-kask-motocyklowy-cz-mat-gratis-m-7663437127,225,48,7.0
motoryzacja,Do motocykli,Kaski motocyklowe,KASK OTWARTY NA MOTOR SKUTER MOTOCYKL QUAD SZYBA L,https://allegro.pl/oferta/kask-otwarty-na-motor-skuter-motocykl-quad-szyba-l-8418499467,120,72,10.0
motoryzacja,Do motocykli,Kaski motocyklowe,1CZARNA SZYBA 1 PRZEZROCZYSTA KASK MOTOCYKLOWY 3.0,https://allegro.pl/oferta/1czarna-szyba-1-przezroczysta-kask-motocyklowy-3-0-9054361694,319,3,0.0
motoryzacja,Do motocykli,Kaski motocyklowe,Kask MOTOCYKLOWY ORZESZEK he³m retro +gogle GRATIS,https://allegro.pl/oferta/kask-motocyklowy-orzeszek-helm-retro-gogle-gratis-8111749722,59,68,9.0
motoryzacja,Do motocykli,Kaski motocyklowe,KASK MOTOR TURYSTYCZNY DOSTAJESZ CZARN¥ SZYBÊ XS,https://allegro.pl/oferta/kask-motor-turystyczny-dostajesz-czarna-szybe-xs-8741083380,198,2,0.0
motoryzacja,Do motocykli,Odzie¿ motocyklowa,KURTKA MOTOCYKLOWA TEKSTYLNA ADRENALINE PYRAMID L,https://allegro.pl/oferta/kurtka-motocyklowa-tekstylna-adrenaline-pyramid-l-7282785081,329,110,10.0
motoryzacja,Do motocykli,Odzie¿ motocyklowa,SHIMA MESH PRO Kurtka motocyklowa + GRATISY,https://allegro.pl/oferta/shima-mesh-pro-kurtka-motocyklowa-gratisy-8364291303,499,21,0.0
motoryzacja,Do motocykli,Odzie¿ motocyklowa,KOMINIARKA MASKA CZASZKA na MOTOR QUAD pod KASK,https://allegro.pl/oferta/kominiarka-maska-czaszka-na-motor-quad-pod-kask-9068610077,25,87,7.0
motoryzacja,Do motocykli,Odzie¿ motocyklowa,MÊSKA KURTKA MOTOCYKLOWA ADRENALINE PYRAMID CZARNA,https://allegro.pl/oferta/meska-kurtka-motocyklowa-adrenaline-pyramid-czarna-7851870435,289,28,1.0
motoryzacja,Do motocykli,Odzie¿ motocyklowa,Bandama OXIMO MOTORSPORT chusta komin na twarz,https://allegro.pl/oferta/bandama-oximo-motorsport-chusta-komin-na-twarz-9188617871,15,58,4.0
motoryzacja,Do motocykli,Stela¿e motocyklowe,Stela¿e kufrów bocznych Honda Crossrunner 800,https://allegro.pl/oferta/stelaze-kufrow-bocznych-honda-crossrunner-800-9064198052,590,0,0
motoryzacja,Do motocykli,Stela¿e motocyklowe,GIVI 522F STELA¯ KUFRA SUZUKI GSF 600 /1200 BANDIT,https://allegro.pl/oferta/givi-522f-stelaz-kufra-suzuki-gsf-600-1200-bandit-9025041922,208,0,0
motoryzacja,Do motocykli,Stela¿e motocyklowe,Stela¿ Oparcia Uchwyt Yamaha XV 125 250 Virago,https://allegro.pl/oferta/stelaz-oparcia-uchwyt-yamaha-xv-125-250-virago-9105287730,179,0,0
motoryzacja,Do motocykli,Stela¿e motocyklowe,MB Stela¿ pod kufer centralny Kawasaki ZR-7 ZR-7S,https://allegro.pl/oferta/mb-stelaz-pod-kufer-centralny-kawasaki-zr-7-zr-7s-9197763050,207,0,0
motoryzacja,Do motocykli,Stela¿e motocyklowe,GIVI 351FZ STELA¯ KUFRA YAMAHA FZ6 S2 / 600 FazeR,https://allegro.pl/oferta/givi-351fz-stelaz-kufra-yamaha-fz6-s2-600-fazer-9025032881,316,1,0
motoryzacja,Chemia,Oleje silnikowe,MOTUL 5100 MA2 4T 10W40 4L + FILTR OLEJU GRATIS,https://allegro.pl/oferta/motul-5100-ma2-4t-10w40-4l-filtr-oleju-gratis-6011224866,127,796,10.0
motoryzacja,Chemia,Oleje silnikowe,Valvoline Maxlife 10W40 5L,https://allegro.pl/oferta/valvoline-maxlife-10w40-5l-7832605455,74,295,1.0
motoryzacja,Chemia,Oleje silnikowe,CASTROL EDGE PROFESSIONAL LONGLIFE III 5W30 SLX 4L,https://allegro.pl/oferta/castrol-edge-professional-longlife-iii-5w30-slx-4l-6438699975,133,274,0.0
motoryzacja,Chemia,Oleje silnikowe,Motul 8100 X-Clean+ 5W30 5L,https://allegro.pl/oferta/motul-8100-x-clean-5w30-5l-7832605803,137,257,0.0
motoryzacja,Chemia,Oleje silnikowe,General Motors GM DEXOS2 5W30 - 5L + GRATIS,https://allegro.pl/oferta/general-motors-gm-dexos2-5w30-5l-gratis-8822489374,79,335,1.0
motoryzacja,Chemia,Mycie i pielêgnacja,SOFT99 Fusso Coat 12 Months Dark Colour Wax Wosk,https://allegro.pl/oferta/soft99-fusso-coat-12-months-dark-colour-wax-wosk-6126352950,154,384,4.0
motoryzacja,Chemia,Mycie i pielêgnacja,BUTELKA Z ATOMIZEREM ROZPYLACZ SPRYSKIWACZ 750ml,https://allegro.pl/oferta/butelka-z-atomizerem-rozpylacz-spryskiwacz-750ml-8457999695,4,821,10.0
motoryzacja,Chemia,Mycie i pielêgnacja,AKTYWNA PIANA DO MYCIA SAMOCHODÓW AUTA 5L,https://allegro.pl/oferta/aktywna-piana-do-mycia-samochodow-auta-5l-6969829123,60,437,4.0
motoryzacja,Chemia,Mycie i pielêgnacja,K2 DU¯Y ZESTAW KOSMETYKÓW DO PIELÊGNACJI AUTA,https://allegro.pl/oferta/k2-duzy-zestaw-kosmetykow-do-pielegnacji-auta-7446339115,129,146,0.0
motoryzacja,Chemia,Mycie i pielêgnacja,ADBL Vampire Liquid 1L Krwawi¹ca felga +gratis,https://allegro.pl/oferta/adbl-vampire-liquid-1l-krwawiaca-felga-gratis-7218533505,38,212,1.0
motoryzacja,Chemia,P³yny eksploatacyjne,CERAMIZER ONE-SHOT ! EDYCJA LIMITOWANA !,https://allegro.pl/oferta/ceramizer-one-shot-edycja-limitowana-8999420189,40,232,1.0
motoryzacja,Chemia,P³yny eksploatacyjne,K2 NANO SPRYSK LETNI P£YN DO SPRYSKIWACZY 5L LEJEK,https://allegro.pl/oferta/k2-nano-sprysk-letni-plyn-do-spryskiwaczy-5l-lejek-9015854010,7,608,7.0
motoryzacja,Chemia,P³yny eksploatacyjne,Prima Woda demineralizowana 4 x 5L Do ¿elazka 20L,https://allegro.pl/oferta/prima-woda-demineralizowana-4-x-5l-do-zelazka-20l-9081559293,17,529,5.0
motoryzacja,Chemia,P³yny eksploatacyjne,CERAMIZER CS do regeneracji silnika,https://allegro.pl/oferta/ceramizer-cs-do-regeneracji-silnika-8711854610,64,161,0.0
motoryzacja,Chemia,P³yny eksploatacyjne,LETNI P£YN DO SPRYSKIWACZY - K2 NANO SPRYSK - 5L,https://allegro.pl/oferta/letni-plyn-do-spryskiwaczy-k2-nano-sprysk-5l-8822489383,8,844,10.0
motoryzacja,Chemia,Chemia blacharsko - lakiernicza,LAKIER W SPREJU SPRAY FARBA DECO 400ml KOLORY,https://allegro.pl/oferta/lakier-w-spreju-spray-farba-deco-400ml-kolory-6185182652,9,301,8.0
motoryzacja,Chemia,Chemia blacharsko - lakiernicza,KA¯DY KOLOR RAL PÓ£MAT 16 - 40% FARBA SPRAY 400ML,https://allegro.pl/oferta/kazdy-kolor-ral-polmat-16-40-farba-spray-400ml-8738225315,25,64,0.0
motoryzacja,Chemia,Chemia blacharsko - lakiernicza,e-lakiernik LAKIER ZAPRAWKA + 2 SPECJALNE PÊDZELKI,https://allegro.pl/oferta/e-lakiernik-lakier-zaprawka-2-specjalne-pedzelki-6307471616,19,331,9.0
motoryzacja,Chemia,Chemia blacharsko - lakiernicza,DU¯Y ZESTAW DO REGENERACJI POLEROWANIA REFLEKTORÓW,https://allegro.pl/oferta/duzy-zestaw-do-regeneracji-polerowania-reflektorow-8933688367,44,361,10.0
motoryzacja,Chemia,Chemia blacharsko - lakiernicza,Lakier farba do zacisków hamulcowych Foliatec,https://allegro.pl/oferta/lakier-farba-do-zaciskow-hamulcowych-foliatec-7288495071,99,148,3.0
motoryzacja,Czêœci do maszyn,Czêœci do maszyn rolniczych,SIEDZENIE DZIELONE URSUS C-330 C-360 385 ZETOR MF,https://allegro.pl/oferta/siedzenie-dzielone-ursus-c-330-c-360-385-zetor-mf-8534916050,280,116,9.0
motoryzacja,Czêœci do maszyn,Czêœci do maszyn rolniczych,ROZRUSZNIK SZYBKOOBROTOWY URSUS C330 C360 ZETOR,https://allegro.pl/oferta/rozrusznik-szybkoobrotowy-ursus-c330-c360-zetor-8957976577,245,127,10.0
motoryzacja,Czêœci do maszyn,Czêœci do maszyn rolniczych,CIÊG£A BOCZNE BELKA RAMIÊ C-360 C360 CBM PRODUCENT,https://allegro.pl/oferta/ciegla-boczne-belka-ramie-c-360-c360-cbm-producent-7533533580,599,1,0.0
motoryzacja,Czêœci do maszyn,Czêœci do maszyn rolniczych,Lampy przednie reflektory 2szt. C-328 C-330 C-360,https://allegro.pl/oferta/lampy-przednie-reflektory-2szt-c-328-c-330-c-360-7696877033,79,80,6.0
motoryzacja,Czêœci do maszyn,Czêœci do maszyn rolniczych,£¥CZNIK CENTRALNY HYDRAULICZNY URSUS C-330 i C-360,https://allegro.pl/oferta/lacznik-centralny-hydrauliczny-ursus-c-330-i-c-360-9128487932,530,1,0.0
motoryzacja,Czêœci do maszyn,Czêœci do maszyn budowlanych,Bezprzewodowy zestaw kamera + Monitor 5'' 12V/24V,https://allegro.pl/oferta/bezprzewodowy-zestaw-kamera-monitor-5-12v-24v-8155046251,440,1,0.0
motoryzacja,Czêœci do maszyn,Czêœci do maszyn budowlanych,Pompa hydrauliczna JCB BOSCH REX 8014-18 20/925320,https://allegro.pl/oferta/pompa-hydrauliczna-jcb-bosch-rex-8014-18-20-925320-9206949096,1899,1,0.0
motoryzacja,Czêœci do maszyn,Czêœci do maszyn budowlanych,Smar JCB Special HP 24 szt. x 400g CZÊŒCI JCB,https://allegro.pl/oferta/smar-jcb-special-hp-24-szt-x-400g-czesci-jcb-9203402947,280,7,5.0
motoryzacja,Czêœci do maszyn,Czêœci do maszyn budowlanych,Pompa pompka paliwa elektryczna niskiego ciœnienia,https://allegro.pl/oferta/pompa-pompka-paliwa-elektryczna-niskiego-cisnienia-9047343920,68,12,10.0
motoryzacja,Czêœci do maszyn,Czêœci do maszyn budowlanych,Lampa ostrzegawcza kogut led stroboskop PREMIUM,https://allegro.pl/oferta/lampa-ostrzegawcza-kogut-led-stroboskop-premium-7995679666,159,1,0.0
motoryzacja,Czêœci do maszyn,Czeœci do innych pojazdów,Rozrusznik BRIGGS STRATTON kosiarka 14 zêbów,https://allegro.pl/oferta/rozrusznik-briggs-stratton-kosiarka-14-zebow-5498177299,169,56,10.0
motoryzacja,Czêœci do maszyn,Czeœci do innych pojazdów,ROZRUSZNIK KOSIARKI BRIGGS STRATTON 16zêbów Gdynia,https://allegro.pl/oferta/rozrusznik-kosiarki-briggs-stratton-16zebow-gdynia-6617392601,129,36,6.0
motoryzacja,Czêœci do maszyn,Czeœci do innych pojazdów,>Agro-Mar< WSPOMAGANIE NA ORBITROL MTZ 52 82,https://allegro.pl/oferta/agro-mar-wspomaganie-na-orbitrol-mtz-52-82-7354815205,1438,1,0.0
motoryzacja,Czêœci do maszyn,Czeœci do innych pojazdów,>Agro-Mar< WSPOMAGANIE NA ORBITROL MTZ 52 82,https://allegro.pl/oferta/agro-mar-wspomaganie-na-orbitrol-mtz-52-82-7354817332,1438,0,0.0
motoryzacja,Czêœci do maszyn,Czeœci do innych pojazdów,Prostownik ³adowarka Benning tebetron 48/150A,https://allegro.pl/oferta/prostownik-ladowarka-benning-tebetron-48-150a-7013766067,1476,0,0.0
