supermarket,Produkty spo¿ywcze,Kawy,Kawa ziarnista LAVAZZA CREMA E AROMA 1 kg,https://allegro.pl/oferta/kawa-ziarnista-lavazza-crema-e-aroma-1-kg-7521980697,38,3529,10.0,10.0
supermarket,Produkty spo¿ywcze,Kawy,Kawa Brazylia Santos 2kg Œwie¿o Palona Arabika100%,https://allegro.pl/oferta/kawa-brazylia-santos-2kg-swiezo-palona-arabika100-9070191500,77,1918,5.0,0.0
supermarket,Produkty spo¿ywcze,Kawy,Kawa ziarnista Lavazza Qualita Oro 1kg,https://allegro.pl/oferta/kawa-ziarnista-lavazza-qualita-oro-1kg-8305397970,50,1833,5.0,7.0
supermarket,Produkty spo¿ywcze,Kawy,Dolce Gusto Kapsu³ki Milky Way Mars Twix Zestaw,https://allegro.pl/oferta/dolce-gusto-kapsulki-milky-way-mars-twix-zestaw-9059604648,59,170,0.0,4.0
supermarket,Produkty spo¿ywcze,Kawy,Kawa ziarnista LAVAZZA EXPERT GUSTO FORTE 1kg,https://allegro.pl/oferta/kawa-ziarnista-lavazza-expert-gusto-forte-1kg-7574165680,37,1451,4.0,10.0
supermarket,Produkty spo¿ywcze,Herbaty,Zielona herbata RAJSKI PTAK mango papaja REWELACJA,https://allegro.pl/oferta/zielona-herbata-rajski-ptak-mango-papaja-rewelacja-6830777364,6,546,10.0,10.0
supermarket,Produkty spo¿ywcze,Herbaty,herbata zielona matcha - 100g,https://allegro.pl/oferta/herbata-zielona-matcha-100g-8912984512,15,147,0.0,6.0
supermarket,Produkty spo¿ywcze,Herbaty,Herbata zielona MATCHA JAPOÑSKA Funmatsu 100g,https://allegro.pl/oferta/herbata-zielona-matcha-japonska-funmatsu-100g-8633350461,29,137,0.0,0.0
supermarket,Produkty spo¿ywcze,Herbaty,Matcha sproszkowana ZIELONA herbata 100g zdrowa,https://allegro.pl/oferta/matcha-sproszkowana-zielona-herbata-100g-zdrowa-6516117071,15,149,0.0,6.0
supermarket,Produkty spo¿ywcze,Herbaty,Czerwona PU-ERH Wenus MALINA POMARAÑCZA pycha 50g,https://allegro.pl/oferta/czerwona-pu-erh-wenus-malina-pomarancza-pycha-50g-6830759886,8,303,4.0,9.0
supermarket,Produkty spo¿ywcze,Yerba Mate,Yerba Mate CBSe ENERGIA MOCNA 0.5kg 500g + GRATIS,https://allegro.pl/oferta/yerba-mate-cbse-energia-mocna-0-5kg-500g-gratis-7870939693,10,1060,10.0,10.0
supermarket,Produkty spo¿ywcze,Yerba Mate,Zestaw Yerba Mate Green 500g Tykwa Bombilla 10x50g,https://allegro.pl/oferta/zestaw-yerba-mate-green-500g-tykwa-bombilla-10x50g-8385131882,29,536,4.0,2.0
supermarket,Produkty spo¿ywcze,Yerba Mate,Yerba Mate Yerbomos 3.0 Tykwa Bombilla Termos 3w1,https://allegro.pl/oferta/yerba-mate-yerbomos-3-0-tykwa-bombilla-termos-3w1-8522940053,34,215,0.0,0.0
supermarket,Produkty spo¿ywcze,Yerba Mate,Yerba Verde Mate Green Cactus 0 5kg 500g Kaktusowa,https://allegro.pl/oferta/yerba-verde-mate-green-cactus-0-5kg-500g-kaktusowa-6888530260,14,622,5.0,8.0
supermarket,Produkty spo¿ywcze,Yerba Mate,Yerba Verde Mate Green Owoce Tropikalne 500g 0 5k,https://allegro.pl/oferta/yerba-verde-mate-green-owoce-tropikalne-500g-0-5k-7164255305,14,715,6.0,8.0
supermarket,Produkty spo¿ywcze,Zdrowa ¿ywnoœæ,NASIONA CHIA 1kg - SZA£WIA HISZPAÑSKA - MIGOgroup,https://allegro.pl/oferta/nasiona-chia-1kg-szalwia-hiszpanska-migogroup-6005481417,11,848,5.0,10.0
supermarket,Produkty spo¿ywcze,Zdrowa ¿ywnoœæ,Kie³kownica 3 Szalki + 6 opakowañ nasion kie³ki,https://allegro.pl/oferta/kielkownica-3-szalki-6-opakowan-nasion-kielki-8977090032,31,547,1.0,0.0
supermarket,Produkty spo¿ywcze,Zdrowa ¿ywnoœæ,KIE£KOWNICA 3 SZALKI + 10 opakowañ nasion - KIE£KI,https://allegro.pl/oferta/kielkownica-3-szalki-10-opakowan-nasion-kielki-8525693393,30,944,7.0,1.0
supermarket,Produkty spo¿ywcze,Zdrowa ¿ywnoœæ,ALLNUTRITION NUTLOVE CRUNCH 500 g KREM KOKOSOWY,https://allegro.pl/oferta/allnutrition-nutlove-crunch-500-g-krem-kokosowy-9145378695,29,1151,10.0,1.0
supermarket,Produkty spo¿ywcze,Zdrowa ¿ywnoœæ,KIE£KOWNICA BIO-NATURA 3 SZALKI NACZYNIE NA KIE£KI,https://allegro.pl/oferta/kielkownica-bio-natura-3-szalki-naczynie-na-kielki-6061370960,20,508,0.0,5.0
supermarket,Produkty spo¿ywcze,Bakalie orzechy pestki,ORZECHY NERKOWCA 1kg PO£ÓWKI Nerkowce 1000g,https://allegro.pl/oferta/orzechy-nerkowca-1kg-polowki-nerkowce-1000g-7548747980,28,1475,5.0,0.0
supermarket,Produkty spo¿ywcze,Bakalie orzechy pestki,ŒLIWKI SUSZONE 1KG BEZ PESTEK ŒLIWKA - MIGOgroup,https://allegro.pl/oferta/sliwki-suszone-1kg-bez-pestek-sliwka-migogroup-6766065453,14,1856,10.0,7.0
supermarket,Produkty spo¿ywcze,Bakalie orzechy pestki,¯URAWINA SUSZONA BEZ KONSERWANTÓW 1Kg,https://allegro.pl/oferta/zurawina-suszona-bez-konserwantow-1kg-6005552919,24,1236,1.0,2.0
supermarket,Produkty spo¿ywcze,Bakalie orzechy pestki,Orzechy NERKOWCA 1kg PO£ÓWKI Nerkowce NATURALNE,https://allegro.pl/oferta/orzechy-nerkowca-1kg-polowki-nerkowce-naturalne-9129304293,29,1138,0.0,0.0
supermarket,Produkty spo¿ywcze,Bakalie orzechy pestki,DAKTYLE Suszone Bez Pestek 1kg  PYSZNE - MIGOgroup,https://allegro.pl/oferta/daktyle-suszone-bez-pestek-1kg-pyszne-migogroup-7569468429,8,1726,8.0,10.0
supermarket,Produkty spo¿ywcze,Dekoracje cukiernicze,Barwniki Spo¿ywcze w Proszku Zestaw 10szt Barwnik,https://allegro.pl/oferta/barwniki-spozywcze-w-proszku-zestaw-10szt-barwnik-7551334460,23,913,5.0,2.0
supermarket,Produkty spo¿ywcze,Dekoracje cukiernicze,Dro¿d¿e œwie¿e 1 kg,https://allegro.pl/oferta/drozdze-swieze-1-kg-9068721426,4,1752,10.0,10.0
supermarket,Produkty spo¿ywcze,Dekoracje cukiernicze,Tylki  rêkaw cukierniczy  dekorator - 26 szt.,https://allegro.pl/oferta/tylki-rekaw-cukierniczy-dekorator-26-szt-9185909870,29,136,1.0,0.0
supermarket,Produkty spo¿ywcze,Dekoracje cukiernicze,BARWNIKI SPO¯YWCZE W PROSZKU ZESTAW 10szt BARWNIK,https://allegro.pl/oferta/barwniki-spozywcze-w-proszku-zestaw-10szt-barwnik-7580494813,22,694,4.0,3.0
supermarket,Produkty spo¿ywcze,Dekoracje cukiernicze,PSI PATROL op³atek dekoracyjny+ 2 obwódki na tort,https://allegro.pl/oferta/psi-patrol-oplatek-dekoracyjny-2-obwodki-na-tort-9176877501,20,28,0.0,4.0
supermarket,Produkty spo¿ywcze,Produkty sypkie,M¹ka ¿ytnia razowa pe³ne ziarno typ 2000 chlebowa,https://allegro.pl/oferta/maka-zytnia-razowa-pelne-ziarno-typ-2000-chlebowa-9081497975,5,2948,10.0,0.0
supermarket,Produkty spo¿ywcze,Produkty sypkie,M¹ka ¿ytnia na chleb chlebowa typ 720 struna,https://allegro.pl/oferta/maka-zytnia-na-chleb-chlebowa-typ-720-struna-9081456591,5,3066,10.0,0.0
supermarket,Produkty spo¿ywcze,Produkty sypkie,M¹ka na pizzê typ 00 w³oska opakowanie strunowe,https://allegro.pl/oferta/maka-na-pizze-typ-00-wloska-opakowanie-strunowe-9118506582,5,1968,6.0,0.0
supermarket,Produkty spo¿ywcze,Produkty sypkie,M¹ka pszenna chlebowa typ 750 struna na chleb,https://allegro.pl/oferta/maka-pszenna-chlebowa-typ-750-struna-na-chleb-9081363049,5,2496,8.0,0.0
supermarket,Produkty spo¿ywcze,Produkty sypkie,M¥KA ¯YTNIA 720 1KG (chlebowa) z M£YNA z KUJAW!,https://allegro.pl/oferta/maka-zytnia-720-1kg-chlebowa-z-mlyna-z-kujaw-9144579669,3,215,0.0,10.0
supermarket,Produkty spo¿ywcze,Oliwa olej ocet,Olej z czarnuszki 500ml Warmiñska Manufaktura,https://allegro.pl/oferta/olej-z-czarnuszki-500ml-warminska-manufaktura-6719116704,47,789,10.0,0.0
supermarket,Produkty spo¿ywcze,Oliwa olej ocet,OLEJ KOKOSOWY NIERAFINOWANY 900ml EXTRA VIRGIN,https://allegro.pl/oferta/olej-kokosowy-nierafinowany-900ml-extra-virgin-6304534031,25,783,10.0,7.0
supermarket,Produkty spo¿ywcze,Oliwa olej ocet,Olej lniany 500ml Warmiñska Manufaktura,https://allegro.pl/oferta/olej-lniany-500ml-warminska-manufaktura-6719476933,16,424,4.0,10.0
supermarket,Produkty spo¿ywcze,Oliwa olej ocet,OLEJ KOKOSOWY nierafinowany Virgin 900ml + GRATIS,https://allegro.pl/oferta/olej-kokosowy-nierafinowany-virgin-900ml-gratis-8635768690,20,350,2.0,9.0
supermarket,Produkty spo¿ywcze,Oliwa olej ocet,<0 2% Oliwa z oliwek Extra Virgin Premium 1L,https://allegro.pl/oferta/0-2-oliwa-z-oliwek-extra-virgin-premium-1l-6526967944,42,225,0.0,2.0
supermarket,Produkty spo¿ywcze,Oliwa z oliwek,<0 2% Oliwa z oliwek Extra Virgin Premium 1L,https://allegro.pl/oferta/0-2-oliwa-z-oliwek-extra-virgin-premium-1l-6526967944,42,225,10.0,9.0
supermarket,Produkty spo¿ywcze,Oliwa z oliwek,Oliwa San Giovanni 1 litr extra 1 litr OUTLET,https://allegro.pl/oferta/oliwa-san-giovanni-1-litr-extra-1-litr-outlet-9222192374,23,19,0.0,10.0
supermarket,Produkty spo¿ywcze,Oliwa z oliwek,<0 2% Najlepsza OLIWA Z OLIWEK 5L  ZBIÓR 2019,https://allegro.pl/oferta/0-2-najlepsza-oliwa-z-oliwek-5l-zbior-2019-7902595183,159,179,8.0,0.0
supermarket,Produkty spo¿ywcze,Oliwa z oliwek,Oliwa Extra Vergine 1 litr niska cena tanio outlet,https://allegro.pl/oferta/oliwa-extra-vergine-1-litr-niska-cena-tanio-outlet-9087649779,24,45,2.0,10.0
supermarket,Produkty spo¿ywcze,Oliwa z oliwek,Il casolare - w³oska oliwa extra niefiltrowana 1l,https://allegro.pl/oferta/il-casolare-wloska-oliwa-extra-niefiltrowana-1l-8933441328,58,10,0.0,7.0
supermarket,Artyku³y dla zwierz¹t,Dla psów,Legowisko DWUSTRONNE 6 kolorów 80 imiê GRATIS !!!,https://allegro.pl/oferta/legowisko-dwustronne-6-kolorow-80-imie-gratis-8721196782,69,284,0.0,2.0
supermarket,Artyku³y dla zwierz¹t,Dla psów,FURMINATOR DLA PSA SZCZOTKA TRYMER ZWIERZ¥T 10cm,https://allegro.pl/oferta/furminator-dla-psa-szczotka-trymer-zwierzat-10cm-9002878829,26,380,1.0,8.0
supermarket,Artyku³y dla zwierz¹t,Dla psów,OBRO¯A PRZECIW PCH£OM KLESZCZOM DLA DU¯YCH PSÓW,https://allegro.pl/oferta/obroza-przeciw-pchlom-kleszczom-dla-duzych-psow-7836654833,14,1086,10.0,10.0
supermarket,Artyku³y dla zwierz¹t,Dla psów,POS£ANIE LEGOWISKO 75x65 WODOODPORNE kolory,https://allegro.pl/oferta/poslanie-legowisko-75x65-wodoodporne-kolory-8580724275,79,563,3.0,0.0
supermarket,Artyku³y dla zwierz¹t,Dla psów,Legowisko materia³owe dla psa kot L,https://allegro.pl/oferta/legowisko-materialowe-dla-psa-kot-l-7560284072,56,631,4.0,4.0
supermarket,Artyku³y dla zwierz¹t,Dla kotów,DRAPAK DLA KOTA WIE¯A LEGOWISKO DOMEK 5 POZIOMÓW,https://allegro.pl/oferta/drapak-dla-kota-wieza-legowisko-domek-5-poziomow-8251788547,108,263,2.0,0.0
supermarket,Artyku³y dla zwierz¹t,Dla kotów,SIATKA NA BALKON DLA KOTA PTAKI GO£ÊBIE 3 KOLORY,https://allegro.pl/oferta/siatka-na-balkon-dla-kota-ptaki-golebie-3-kolory-6720105154,5,536,10.0,10.0
supermarket,Artyku³y dla zwierz¹t,Dla kotów,PESS BIO krople 4 sztuki pch³y kleszcze kot pies,https://allegro.pl/oferta/pess-bio-krople-4-sztuki-pchly-kleszcze-kot-pies-9049093754,24,535,10.0,8.0
supermarket,Artyku³y dla zwierz¹t,Dla kotów,TRANSPORTER DLA PSA KOTA LEGOWISKO KOJEC + GRATIS,https://allegro.pl/oferta/transporter-dla-psa-kota-legowisko-kojec-gratis-7544206092,34,319,4.0,7.0
supermarket,Artyku³y dla zwierz¹t,Dla kotów,Lekkie Szelki dla kota bezuciskowe + smycz r. S,https://allegro.pl/oferta/lekkie-szelki-dla-kota-bezuciskowe-smycz-r-s-8671484390,21,183,0.0,8.0
supermarket,Artyku³y dla zwierz¹t,Akwarystyka,ZESTAW ROŒLIN £ATWYCH W UPRAWIE NA 3 PLANY +GRATIS,https://allegro.pl/oferta/zestaw-roslin-latwych-w-uprawie-na-3-plany-gratis-7372482232,23,416,6.0,10.0
supermarket,Artyku³y dla zwierz¹t,Akwarystyka,ZESTAW £ATWYCH ROŒLIN DO AKWARIUM + PÊSETA GRATIS,https://allegro.pl/oferta/zestaw-latwych-roslin-do-akwarium-peseta-gratis-7310845128,24,695,10.0,9.0
supermarket,Artyku³y dla zwierz¹t,Akwarystyka,AKWARIUM 60 LED CZARNE + FULL WYPOSA¯ENIE - V1,https://allegro.pl/oferta/akwarium-60-led-czarne-full-wyposazenie-v1-6619980104,209,95,1.0,0.0
supermarket,Artyku³y dla zwierz¹t,Akwarystyka,AKWARIUM ZESTAW AKWARIOWY DLA RYB BOJOWNIKA 3L,https://allegro.pl/oferta/akwarium-zestaw-akwariowy-dla-ryb-bojownika-3l-7058738674,39,46,0.0,9.0
supermarket,Artyku³y dla zwierz¹t,Akwarystyka,GA£ÊZATKA na rurce bambusa ¯YWA ozdoba do akwarium,https://allegro.pl/oferta/galezatka-na-rurce-bambusa-zywa-ozdoba-do-akwarium-6832738218,14,262,3.0,10.0
supermarket,Artyku³y dla zwierz¹t,Dla gryzoni i królików,KLATKA DLA CHOMIKA TEDDY LUX ROCKY PLATFORMA G137,https://allegro.pl/oferta/klatka-dla-chomika-teddy-lux-rocky-platforma-g137-5861690758,88,370,3.0,0.0
supermarket,Artyku³y dla zwierz¹t,Dla gryzoni i królików,Klatka dla królika i œwinki morskiej 100cm.,https://allegro.pl/oferta/klatka-dla-krolika-i-swinki-morskiej-100cm-9194652458,91,95,0.0,0.0
supermarket,Artyku³y dla zwierz¹t,Dla gryzoni i królików,¯WIREK DREWNIANY POD£O¯E DLA KOTA GRYZONI KRÓLIKA,https://allegro.pl/oferta/zwirek-drewniany-podloze-dla-kota-gryzoni-krolika-5809438372,13,686,6.0,9.0
supermarket,Artyku³y dla zwierz¹t,Dla gryzoni i królików,DU¯A TANIA KLATKA DLA CHOMIKA PIÊTRA TUNEL DRABINY,https://allegro.pl/oferta/duza-tania-klatka-dla-chomika-pietra-tunel-drabiny-7427008948,91,248,2.0,0.0
supermarket,Artyku³y dla zwierz¹t,Dla gryzoni i królików,SIANO DLA GRYZONI KRÓLIKA ŒWINKI MORSKIEJ 30L,https://allegro.pl/oferta/siano-dla-gryzoni-krolika-swinki-morskiej-30l-6725432371,3,1013,10.0,10.0
supermarket,Artyku³y dla zwierz¹t,Terrarystyka,Zestaw startowy Formikarium Novus + Messor mrówki,https://allegro.pl/oferta/zestaw-startowy-formikarium-novus-messor-mrowki-8731633045,189,38,2.0,6.0
supermarket,Artyku³y dla zwierz¹t,Terrarystyka,TERRARIUM PUSTYNNE 70x40x40 DLA GEKONA,https://allegro.pl/oferta/terrarium-pustynne-70x40x40-dla-gekona-8863202360,469,1,0.0,0.0
supermarket,Artyku³y dla zwierz¹t,Terrarystyka,AA5b HIGROMETR LCD TERMOMETR Z SONDA TERRARIUM,https://allegro.pl/oferta/aa5b-higrometr-lcd-termometr-z-sonda-terrarium-6920407006,9,173,10.0,10.0
supermarket,Artyku³y dla zwierz¹t,Terrarystyka,AA4 TERMOMETR ELEKTRONICZNY LCD Z SOND¥ CO PIECA,https://allegro.pl/oferta/aa4-termometr-elektroniczny-lcd-z-sonda-co-pieca-6160993452,7,147,8.0,10.0
supermarket,Artyku³y dla zwierz¹t,Terrarystyka,Mrówki Lasius niger +wyposa¿enie formikarium,https://allegro.pl/oferta/mrowki-lasius-niger-wyposazenie-formikarium-8444805359,40,19,1.0,9.0
supermarket,Artyku³y dla zwierz¹t,Dla ptaków egzotycznych,S³onecznik ³uskany ³uszczony 1kg PIEKARNICZY 1000g,https://allegro.pl/oferta/slonecznik-luskany-luszczony-1kg-piekarniczy-1000g-7502901672,6,677,10.0,10.0
supermarket,Artyku³y dla zwierz¹t,Dla ptaków egzotycznych,KLATKA XXL WOLIERA dla ptaków papugi papug 100 cm,https://allegro.pl/oferta/klatka-xxl-woliera-dla-ptakow-papugi-papug-100-cm-6701281735,289,27,0.0,0.0
supermarket,Artyku³y dla zwierz¹t,Dla ptaków egzotycznych,KARMA UNIWERSALNA DLA PTAKÓW ECONOMY 5KG PAPUG,https://allegro.pl/oferta/karma-uniwersalna-dla-ptakow-economy-5kg-papug-8141328917,12,92,1.0,10.0
supermarket,Artyku³y dla zwierz¹t,Dla ptaków egzotycznych,KLATKA DLA PTAKÓW WOLIERA DLA PAPUG PawHut,https://allegro.pl/oferta/klatka-dla-ptakow-woliera-dla-papug-pawhut-8696630539,279,6,0.0,0.0
supermarket,Artyku³y dla zwierz¹t,Dla ptaków egzotycznych,KARMA DLA PTAKÓW DZIKICH ZIMUJ¥CYCH ZIARNO 5KG,https://allegro.pl/oferta/karma-dla-ptakow-dzikich-zimujacych-ziarno-5kg-7625353893,11,90,1.0,10.0
supermarket,Artyku³y dla zwierz¹t,Karma dla psa,BRIT PREMIUM ADULT L LARGE 15kg,https://allegro.pl/oferta/brit-premium-adult-l-large-15kg-6961962851,100,997,10.0,1.0
supermarket,Artyku³y dla zwierz¹t,Karma dla psa,DOLINA NOTECI PREMIUM SASZETKA 10X500G MIX SMAKÓW,https://allegro.pl/oferta/dolina-noteci-premium-saszetka-10x500g-mix-smakow-8203947840,43,758,7.0,10.0
supermarket,Artyku³y dla zwierz¹t,Karma dla psa,Divinus Performance DLA OWCZARKA 42% miêsa 20kg,https://allegro.pl/oferta/divinus-performance-dla-owczarka-42-miesa-20kg-8396689493,105,577,5.0,0.0
supermarket,Artyku³y dla zwierz¹t,Karma dla psa,DOLINA NOTECI RAFI CLASSIC KARMA MIX 24x1240g,https://allegro.pl/oferta/dolina-noteci-rafi-classic-karma-mix-24x1240g-7695670555,106,207,0.0,0.0
supermarket,Artyku³y dla zwierz¹t,Karma dla psa,24x400g ANIMONDA Gran Carno GranCarno ADULT 24H,https://allegro.pl/oferta/24x400g-animonda-gran-carno-grancarno-adult-24h-6655219992,99,330,2.0,1.0
supermarket,Artyku³y dla zwierz¹t,Karma dla kota,WHISKAS 80x100g Mix smaków + 12xPotrawka GRATIS,https://allegro.pl/oferta/whiskas-80x100g-mix-smakow-12xpotrawka-gratis-8930749628,107,780,10.0,0.0
supermarket,Artyku³y dla zwierz¹t,Karma dla kota,BASIL KARMA DLA KOTA PUSZKA 415g 30szt MIX SMAKÓW,https://allegro.pl/oferta/basil-karma-dla-kota-puszka-415g-30szt-mix-smakow-8935420729,47,506,6.0,10.0
supermarket,Artyku³y dla zwierz¹t,Karma dla kota,WHISKAS Sterile z kurczakiem 14kg,https://allegro.pl/oferta/whiskas-sterile-z-kurczakiem-14kg-8082544893,77,723,9.0,5.0
supermarket,Artyku³y dla zwierz¹t,Karma dla kota,Purina GOURMET GOLD MIX smaków karma 32x85g,https://allegro.pl/oferta/purina-gourmet-gold-mix-smakow-karma-32x85g-8684481455,56,121,0.0,9.0
supermarket,Artyku³y dla zwierz¹t,Karma dla kota,Dolina Noteci Rafi MIX SMAKÓW 24x415g KOT CAT,https://allegro.pl/oferta/dolina-noteci-rafi-mix-smakow-24x415g-kot-cat-8717988189,58,243,2.0,8.0
supermarket,Artyku³y dla zwierz¹t,Legowiska dla psa,Legowisko DWUSTRONNE 6 kolorów 80 imiê GRATIS !!!,https://allegro.pl/oferta/legowisko-dwustronne-6-kolorow-80-imie-gratis-8721196782,69,284,3.0,2.0
supermarket,Artyku³y dla zwierz¹t,Legowiska dla psa,POS£ANIE LEGOWISKO 75x65 WODOODPORNE kolory,https://allegro.pl/oferta/poslanie-legowisko-75x65-wodoodporne-kolory-8580724275,79,563,9.0,0.0
supermarket,Artyku³y dla zwierz¹t,Legowiska dla psa,Legowisko materia³owe dla psa kot L,https://allegro.pl/oferta/legowisko-materialowe-dla-psa-kot-l-7560284072,56,631,10.0,4.0
supermarket,Artyku³y dla zwierz¹t,Legowiska dla psa,Legowisko materia³owe dla psa kot LEGOWISKA roz L,https://allegro.pl/oferta/legowisko-materialowe-dla-psa-kot-legowiska-roz-l-8971290038,56,350,4.0,4.0
supermarket,Artyku³y dla zwierz¹t,Legowiska dla psa,Ma³e legowisko psa kota kanapa kojec ³ó¿ko 64/48R1,https://allegro.pl/oferta/male-legowisko-psa-kota-kanapa-kojec-lozko-64-48r1-7484683854,27,154,0.0,10.0
supermarket,Utrzymanie czystoœci,Proszki do prania,SIMPLICOL BARWNIK FARBA DO TKANIN UBRAÑ CZARNY,https://allegro.pl/oferta/simplicol-barwnik-farba-do-tkanin-ubran-czarny-7164563717,26,472,10.0,10.0
supermarket,Utrzymanie czystoœci,Proszki do prania,Waschkonig Proszek Niemiecki Color 7 5kg,https://allegro.pl/oferta/waschkonig-proszek-niemiecki-color-7-5kg-7967560588,33,130,2.0,9.0
supermarket,Utrzymanie czystoœci,Proszki do prania,Pulver PROSZEK PRANIA KOLOR UNI 18KG + P£YN DE,https://allegro.pl/oferta/pulver-proszek-prania-kolor-uni-18kg-plyn-de-7814032576,47,87,1.0,8.0
supermarket,Utrzymanie czystoœci,Proszki do prania,2x PERSIL Color + Universal NIEMIECKI Najnowszy,https://allegro.pl/oferta/2x-persil-color-universal-niemiecki-najnowszy-8492331142,135,24,0.0,0.0
supermarket,Utrzymanie czystoœci,Proszki do prania,Vizir uniwersalny proszek do prania 100 prañ,https://allegro.pl/oferta/vizir-uniwersalny-proszek-do-prania-100-pran-8187377010,49,86,1.0,8.0
supermarket,Utrzymanie czystoœci,Suszarki na pranie,SUSZARKA NA PRANIE DO UBRAÑ I BIELIZNY TELESKOPOWA,https://allegro.pl/oferta/suszarka-na-pranie-do-ubran-i-bielizny-teleskopowa-7375493997,100,518,6.0,7.0
supermarket,Utrzymanie czystoœci,Suszarki na pranie,DU¯A SUSZARKA NA PRANIE DO BIELIZNY UBRAÑ PROMOCJA,https://allegro.pl/oferta/duza-suszarka-na-pranie-do-bielizny-ubran-promocja-6289171152,129,256,3.0,4.0
supermarket,Utrzymanie czystoœci,Suszarki na pranie,VILEDA SUSZARKA DO PRANIA UNIWERSAL MA£A DO DOMU,https://allegro.pl/oferta/vileda-suszarka-do-prania-uniwersal-mala-do-domu-7287916484,66,451,5.0,10.0
supermarket,Utrzymanie czystoœci,Suszarki na pranie,SUSZARKA NA PRANIE DO BIELIZNY UBRAÑ+GRATIS VILEDA,https://allegro.pl/oferta/suszarka-na-pranie-do-bielizny-ubran-gratis-vileda-8854822218,99,37,0.0,7.0
supermarket,Utrzymanie czystoœci,Suszarki na pranie,VILEDA Suszarka Balkonowa Do Prania INFINITY,https://allegro.pl/oferta/vileda-suszarka-balkonowa-do-prania-infinity-7287831584,179,830,10.0,0.0
supermarket,Utrzymanie czystoœci,Deski do prasowania,VILEDA Deska do prasowania VIVA EXPRESS SMART PLUS,https://allegro.pl/oferta/vileda-deska-do-prasowania-viva-express-smart-plus-7231107574,122,334,10.0,9.0
supermarket,Utrzymanie czystoœci,Deski do prasowania,Deska do prasowania WSZYSTKOMAJ¥CA + RÊKAWNIK,https://allegro.pl/oferta/deska-do-prasowania-wszystkomajaca-rekawnik-5288615657,129,298,9.0,8.0
supermarket,Utrzymanie czystoœci,Deski do prasowania,VILEDA Deska do prasowania Viva Express Smart,https://allegro.pl/oferta/vileda-deska-do-prasowania-viva-express-smart-6852739778,108,204,5.0,10.0
supermarket,Utrzymanie czystoœci,Deski do prasowania,Vileda Deska do Prasowania Total Reflect Plus,https://allegro.pl/oferta/vileda-deska-do-prasowania-total-reflect-plus-7474609756,229,103,1.0,0.0
supermarket,Utrzymanie czystoœci,Deski do prasowania,VILEDA Deska do prasowania Viva Express Smart,https://allegro.pl/oferta/vileda-deska-do-prasowania-viva-express-smart-7287897921,108,79,0.0,10.0
supermarket,Utrzymanie czystoœci,Myd³a kuchenne,Bia³oruskie SZARE MYD£O 72% bez dodatków,https://allegro.pl/oferta/bialoruskie-szare-mydlo-72-bez-dodatkow-7793575619,2,125,0.0,10.0
supermarket,Utrzymanie czystoœci,Myd³a kuchenne,Myd³o w p³ynie Pati mleko i miód 5 L,https://allegro.pl/oferta/mydlo-w-plynie-pati-mleko-i-miod-5-l-7815847892,16,238,7.0,8.0
supermarket,Utrzymanie czystoœci,Myd³a kuchenne,BIA£Y JELEÑ MYD£O W P£YNIE KOZIE MLEKO 5L. ZAPAS,https://allegro.pl/oferta/bialy-jelen-mydlo-w-plynie-kozie-mleko-5l-zapas-8739944460,49,284,10.0,4.0
supermarket,Utrzymanie czystoœci,Myd³a kuchenne,NIEMIECKIE MYD£O W P£YNIE HIPOALRGICZNE 4x5L= 20L,https://allegro.pl/oferta/niemieckie-mydlo-w-plynie-hipoalrgiczne-4x5l-20l-8265829650,79,197,5.0,0.0
supermarket,Utrzymanie czystoœci,Myd³a kuchenne,MYD£O W P£YNIE BIA£Y JELEÑ HIPOALERGICZNE 5 L,https://allegro.pl/oferta/mydlo-w-plynie-bialy-jelen-hipoalergiczne-5-l-6799770653,38,143,1.0,5.0
supermarket,Utrzymanie czystoœci,Kosze na œmieci,WIADRO KOSZ DO SEGREGACJI Z POKRYW¥ KPL 4 KOLORY,https://allegro.pl/oferta/wiadro-kosz-do-segregacji-z-pokrywa-kpl-4-kolory-8967044889,49,364,2.0,8.0
supermarket,Utrzymanie czystoœci,Kosze na œmieci,KOSZ DO SEGREGACJI ŒMIECI ODPADÓW 6w1 POJEMNY EKO,https://allegro.pl/oferta/kosz-do-segregacji-smieci-odpadow-6w1-pojemny-eko-9197810039,149,72,0.0,0.0
supermarket,Utrzymanie czystoœci,Kosze na œmieci,STOJAK KOSZ DO SEGREGACJI ŒMIECI /ODP 3 STANOWISKA,https://allegro.pl/oferta/stojak-kosz-do-segregacji-smieci-odp-3-stanowiska-6431171015,64,1474,10.0,7.0
supermarket,Utrzymanie czystoœci,Kosze na œmieci,KOSZ POJEMNIK NA ŒMIECI ODPADY 240L MOCNY,https://allegro.pl/oferta/kosz-pojemnik-na-smieci-odpady-240l-mocny-8952403787,135,462,3.0,1.0
supermarket,Utrzymanie czystoœci,Kosze na œmieci,NAKLEJKI NA KOSZ du¿e 5 szt segregacja œmieci 30cm,https://allegro.pl/oferta/naklejki-na-kosz-duze-5-szt-segregacja-smieci-30cm-9068279956,20,221,1.0,10.0
supermarket,Utrzymanie czystoœci,Mopy,VILEDA mop 1-2 Spray MAX ze spryskiwaczem,https://allegro.pl/oferta/vileda-mop-1-2-spray-max-ze-spryskiwaczem-8954402687,76,974,10.0,10.0
supermarket,Utrzymanie czystoœci,Mopy,VILEDA MOP OBROTOWY P³aski Ultramat TURBO,https://allegro.pl/oferta/vileda-mop-obrotowy-plaski-ultramat-turbo-7143898019,115,635,0.0,5.0
supermarket,Utrzymanie czystoœci,Mopy,Mop obrotowy Vileda Easy Wring ULTRAMAT Turbo ZEST,https://allegro.pl/oferta/mop-obrotowy-vileda-easy-wring-ultramat-turbo-zest-9133870560,149,881,7.0,0.0
supermarket,Utrzymanie czystoœci,Mopy,VILEDA MOP OBROTOWY P³aski Ultramat Turbo XL 42CM!,https://allegro.pl/oferta/vileda-mop-obrotowy-plaski-ultramat-turbo-xl-42cm-8100576835,134,798,5.0,2.0
supermarket,Utrzymanie czystoœci,Mopy,ZESTAW Vileda Ultramax Box Mop+ Wiadro + Wyciskacz,https://allegro.pl/oferta/zestaw-vileda-ultramax-box-mop-wiadro-wyciskacz-8771638253,85,665,1.0,9.0
supermarket,Utrzymanie czystoœci,Tabletki do zmywarki,Finish Tabletki do zmywarki Quantum Max 100 szt.,https://allegro.pl/oferta/finish-tabletki-do-zmywarki-quantum-max-100-szt-7845689770,54,6182,10.0,10.0
supermarket,Utrzymanie czystoœci,Tabletki do zmywarki,Fairy Platinum tabletki do zmywarek 100 szt.,https://allegro.pl/oferta/fairy-platinum-tabletki-do-zmywarek-100-szt-8100632319,64,2962,5.0,8.0
supermarket,Utrzymanie czystoœci,Tabletki do zmywarki,Kapsu³ki do zmywarki Fairy Platinum All in One Lem,https://allegro.pl/oferta/kapsulki-do-zmywarki-fairy-platinum-all-in-one-lem-9099525768,98,43,0.0,3.0
supermarket,Utrzymanie czystoœci,Tabletki do zmywarki,Fairy Tabletki Do Zmywarki Platinum 5x40=200 szt.,https://allegro.pl/oferta/fairy-tabletki-do-zmywarki-platinum-5x40-200-szt-9129197068,119,2022,3.0,0.0
supermarket,Utrzymanie czystoœci,Tabletki do zmywarki,Fairy Platinum Tabletki do zmywarek 200 sztuk,https://allegro.pl/oferta/fairy-platinum-tabletki-do-zmywarek-200-sztuk-7991482313,119,816,1.0,0.0
supermarket,Utrzymanie czystoœci,Œrodki czyszcz¹ce,ŒRODEK DO CZYSZCZENIA ELEWACJI KOSTKI KARCHER 5L,https://allegro.pl/oferta/srodek-do-czyszczenia-elewacji-kostki-karcher-5l-7368506965,55,208,5.0,1.0
supermarket,Utrzymanie czystoœci,Œrodki czyszcz¹ce,Faberlic_ œrodek do czyszczenia piekarników i kuch,https://allegro.pl/oferta/faberlic-srodek-do-czyszczenia-piekarnikow-i-kuch-8125105455,11,169,4.0,10.0
supermarket,Utrzymanie czystoœci,Œrodki czyszcz¹ce,P³yn do dezynfekcji r¹k i powierzchni Bomasept 5L,https://allegro.pl/oferta/plyn-do-dezynfekcji-rak-i-powierzchni-bomasept-5l-9214390203,61,27,0.0,0.0
supermarket,Utrzymanie czystoœci,Œrodki czyszcz¹ce,Domestos p³yn do toalet Pine Citrus 2 x 750 ml,https://allegro.pl/oferta/domestos-plyn-do-toalet-pine-citrus-2-x-750-ml-9148036600,13,314,8.0,9.0
supermarket,Utrzymanie czystoœci,Œrodki czyszcz¹ce,FROSCH EKOLOGICZNY SPRAY USUWA TRUDNY KAMIEÑ 0 5 l,https://allegro.pl/oferta/frosch-ekologiczny-spray-usuwa-trudny-kamien-0-5-l-7591038755,9,389,10.0,10.0
supermarket,Utrzymanie czystoœci,P³yny do p³ukania,LENOR p³yn do p³ukania Parfumelle zestaw 6x1420 ml,https://allegro.pl/oferta/lenor-plyn-do-plukania-parfumelle-zestaw-6x1420-ml-9040478073,64,2491,10.0,3.0
supermarket,Utrzymanie czystoœci,P³yny do p³ukania,SOFTLAN KONCENTRAT 1l P£YN DO P£UKANIA DU¯Y WYBÓR,https://allegro.pl/oferta/softlan-koncentrat-1l-plyn-do-plukania-duzy-wybor-7713017707,6,311,1.0,10.0
supermarket,Utrzymanie czystoœci,P³yny do p³ukania,Coccolino P³yn do P³ukania Zestaw 5x1 45l (290 pr),https://allegro.pl/oferta/coccolino-plyn-do-plukania-zestaw-5x1-45l-290-pr-9225672756,49,9,0.0,5.0
supermarket,Utrzymanie czystoœci,P³yny do p³ukania,LENOR P³yn do p³ukania Spring Awakening 6x1 8l,https://allegro.pl/oferta/lenor-plyn-do-plukania-spring-awakening-6x1-8l-8703599720,94,418,2.0,0.0
supermarket,Utrzymanie czystoœci,P³yny do p³ukania,LENOR P³yn do p³ukania Spring Awakening 1 8l,https://allegro.pl/oferta/lenor-plyn-do-plukania-spring-awakening-1-8l-8703289347,16,529,2.0,9.0
supermarket,Popularne,Kawa ziarnista,Kawa ziarnista LAVAZZA CREMA E AROMA 1 kg,https://allegro.pl/oferta/kawa-ziarnista-lavazza-crema-e-aroma-1-kg-7521980697,38,3529,10.0,10.0
supermarket,Popularne,Kawa ziarnista,Kawa Brazylia Santos 2kg Œwie¿o Palona Arabika100%,https://allegro.pl/oferta/kawa-brazylia-santos-2kg-swiezo-palona-arabika100-9070191500,77,1918,2.0,0.0
supermarket,Popularne,Kawa ziarnista,Kawa ziarnista Lavazza Qualita Oro 1kg,https://allegro.pl/oferta/kawa-ziarnista-lavazza-qualita-oro-1kg-8305397970,50,1833,2.0,7.0
supermarket,Popularne,Kawa ziarnista,Kawa ziarnista LAVAZZA EXPERT GUSTO FORTE 1kg,https://allegro.pl/oferta/kawa-ziarnista-lavazza-expert-gusto-forte-1kg-7574165680,37,1451,0.0,10.0
supermarket,Popularne,Kawa ziarnista,Kawa ziarnista LAVAZZA DOLCE CAFFE CREMA 1 kg,https://allegro.pl/oferta/kawa-ziarnista-lavazza-dolce-caffe-crema-1-kg-6728220971,42,1541,0.0,9.0
supermarket,Popularne,Makaron,MAKARON DLA DZIECI MINIONKI 500g KSZTA£TY MELISSA,https://allegro.pl/oferta/makaron-dla-dzieci-minionki-500g-ksztalty-melissa-9082499223,4,21,3.0,10.0
supermarket,Popularne,Makaron,LUBELLA 400g œwidry,https://allegro.pl/oferta/lubella-400g-swidry-9060973879,4,59,10.0,10.0
supermarket,Popularne,Makaron,Lubella Makaron spaghetti 500g,https://allegro.pl/oferta/lubella-makaron-spaghetti-500g-9202406398,4,3,0.0,10.0
supermarket,Popularne,Makaron,MAKARON SPAGHETTI GRYCZANY SOBA 250g BEZ GLUTENU,https://allegro.pl/oferta/makaron-spaghetti-gryczany-soba-250g-bez-glutenu-8464687503,9,20,3.0,9.0
supermarket,Popularne,Makaron,Makaron Pasta Reggia œwiderki 5kg W£OSKI,https://allegro.pl/oferta/makaron-pasta-reggia-swiderki-5kg-wloski-8479196720,40,29,5.0,0.0
supermarket,Popularne,M¹ka,M¹ka ¿ytnia razowa pe³ne ziarno typ 2000 chlebowa,https://allegro.pl/oferta/maka-zytnia-razowa-pelne-ziarno-typ-2000-chlebowa-9081497975,5,2949,10.0,0.0
supermarket,Popularne,M¹ka,M¹ka ¿ytnia na chleb chlebowa typ 720 struna,https://allegro.pl/oferta/maka-zytnia-na-chleb-chlebowa-typ-720-struna-9081456591,5,3067,10.0,0.0
supermarket,Popularne,M¹ka,M¹ka na pizzê typ 00 w³oska opakowanie strunowe,https://allegro.pl/oferta/maka-na-pizze-typ-00-wloska-opakowanie-strunowe-9118506582,5,1968,6.0,0.0
supermarket,Popularne,M¹ka,M¹ka pszenna chlebowa typ 750 struna na chleb,https://allegro.pl/oferta/maka-pszenna-chlebowa-typ-750-struna-na-chleb-9081363049,5,2497,8.0,0.0
supermarket,Popularne,M¹ka,M¥KA ¯YTNIA 720 1KG (chlebowa) z M£YNA z KUJAW!,https://allegro.pl/oferta/maka-zytnia-720-1kg-chlebowa-z-mlyna-z-kujaw-9144579669,3,215,0.0,10.0
supermarket,Popularne,Suszarki i ociekacze do naczyñ,DWUPOZIOMOWA SUSZARKA DO NACZYÑ DUNYA SZARO-CZARNA,https://allegro.pl/oferta/dwupoziomowa-suszarka-do-naczyn-dunya-szaro-czarna-8565907002,37,134,4.0,8.0
supermarket,Popularne,Suszarki i ociekacze do naczyñ,SUSZARKA DO NACZYÑ DWUPOZIOMOWA STOJ¥CA OCIEKACZ,https://allegro.pl/oferta/suszarka-do-naczyn-dwupoziomowa-stojaca-ociekacz-8951473153,36,185,10.0,8.0
supermarket,Popularne,Suszarki i ociekacze do naczyñ,SUSZARKA DO NACZYÑ dwupoziomowa KH1355 CZARNA,https://allegro.pl/oferta/suszarka-do-naczyn-dwupoziomowa-kh1355-czarna-8087035790,69,96,0.0,0.0
supermarket,Popularne,Suszarki i ociekacze do naczyñ,Suszarka Do Naczyñ Dwupoziomowa Ociekacz DO Naczyñ,https://allegro.pl/oferta/suszarka-do-naczyn-dwupoziomowa-ociekacz-do-naczyn-8521063245,59,141,5.0,2.0
supermarket,Popularne,Suszarki i ociekacze do naczyñ,SUSZARKA DO NACZYÑ OCIEKACZ RATTANOWA 2 POZIOMOWA,https://allegro.pl/oferta/suszarka-do-naczyn-ociekacz-rattanowa-2-poziomowa-7389525462,29,140,5.0,10.0
supermarket,Popularne,Worki na œmieci,ZESTAW WORKÓW NA ŒMIECI DO SEGREGACJI 3X120L 10SZT,https://allegro.pl/oferta/zestaw-workow-na-smieci-do-segregacji-3x120l-10szt-8948102530,12,382,4.0,8.0
supermarket,Popularne,Worki na œmieci,WORKI NA ŒMIECI 240L 10SZT BARDZO MOCNE!,https://allegro.pl/oferta/worki-na-smieci-240l-10szt-bardzo-mocne-6993959730,3,480,9.0,10.0
supermarket,Popularne,Worki na œmieci,WORKI NA ŒMIECI DO SEGREGACJI KOSZ ODPADY 120 l,https://allegro.pl/oferta/worki-na-smieci-do-segregacji-kosz-odpady-120-l-8897060272,42,287,0.0,0.0
supermarket,Popularne,Worki na œmieci,WORKI NA ŒMIECI SEGREGACJI ODPADÓW KOSZ 60l 50szt,https://allegro.pl/oferta/worki-na-smieci-segregacji-odpadow-kosz-60l-50szt-8203310029,9,290,0.0,8.0
supermarket,Popularne,Worki na œmieci,WORKI NA ŒMIECI CZARNE MOCNE 120L/10 sztuk,https://allegro.pl/oferta/worki-na-smieci-czarne-mocne-120l-10-sztuk-8356847439,2,509,10.0,10.0
supermarket,Popularne,Odœwie¿acze powietrza,WK£AD zapas Great AIR ODŒWIE¯ACZ 12szt,https://allegro.pl/oferta/wklad-zapas-great-air-odswiezacz-12szt-8104074905,63,150,7.0,2.0
supermarket,Popularne,Odœwie¿acze powietrza,WK£AD zapas AIR POLO ODŒWIE¯ACZ 12szt,https://allegro.pl/oferta/wklad-zapas-air-polo-odswiezacz-12szt-8088771140,61,72,2.0,3.0
supermarket,Popularne,Odœwie¿acze powietrza,Air Wick Mist zestaw odœwie¿acz + 2 wk³ady,https://allegro.pl/oferta/air-wick-mist-zestaw-odswiezacz-2-wklady-9014475438,59,213,10.0,4.0
supermarket,Popularne,Odœwie¿acze powietrza,Air Wick Mist Odœwie¿acz Mgie³ka Melon Ogórek,https://allegro.pl/oferta/air-wick-mist-odswiezacz-mgielka-melon-ogorek-8278011695,41,29,0.0,10.0
supermarket,Popularne,Odœwie¿acze powietrza,Zestaw Air Wick Freshmatic Komplet + 6 wk³adów,https://allegro.pl/oferta/zestaw-air-wick-freshmatic-komplet-6-wkladow-8856793963,70,72,2.0,0.0
supermarket,Popularne,¯wirek dla kota,Jrs Cats Best Eco Eko Plus ¿wirek drewniany 40l,https://allegro.pl/oferta/jrs-cats-best-eco-eko-plus-zwirek-drewniany-40l-6976505459,87,725,7.0,0.0
supermarket,Popularne,¯wirek dla kota,¯WIREK SILIKONOWY PREMIUM DLA KOTA ARISTOCAT 30 4L,https://allegro.pl/oferta/zwirek-silikonowy-premium-dla-kota-aristocat-30-4l-8294864709,84,956,10.0,0.0
supermarket,Popularne,¯wirek dla kota,¯WIREK DREWNIANY 15KG ZAPACH LASU 40L DO KUWET,https://allegro.pl/oferta/zwirek-drewniany-15kg-zapach-lasu-40l-do-kuwet-8614299630,18,390,3.0,10.0
supermarket,Popularne,¯wirek dla kota,¯WIREK SILIKONOWY PREMIUM DLA KOTA PETSTORY 30 4L,https://allegro.pl/oferta/zwirek-silikonowy-premium-dla-kota-petstory-30-4l-9194358368,79,113,0.0,1.0
supermarket,Popularne,¯wirek dla kota,¯WIREK DREWNIANY DLA KOTA KRÓLIKA NATURALNY 15KG,https://allegro.pl/oferta/zwirek-drewniany-dla-kota-krolika-naturalny-15kg-7842755867,15,380,3.0,10.0
supermarket,Popularne,Kuwety dla kotów,KUWETA Z FILTREM TOALETA DLA KOTA + ¯WIREK £OPATKA,https://allegro.pl/oferta/kuweta-z-filtrem-toaleta-dla-kota-zwirek-lopatka-6727911836,37,209,7.0,8.0
supermarket,Popularne,Kuwety dla kotów,CURVER Kuweta toaleta dla kota grafit/szary,https://allegro.pl/oferta/curver-kuweta-toaleta-dla-kota-grafit-szary-8687631624,116,273,10.0,0.0
supermarket,Popularne,Kuwety dla kotów,KUWETA TOALETA DLA KOTA Z RAMK¥ NA ¯WIREK 4 KOLORY,https://allegro.pl/oferta/kuweta-toaleta-dla-kota-z-ramka-na-zwirek-4-kolory-8614341557,22,178,5.0,10.0
supermarket,Popularne,Kuwety dla kotów,KUWETA filtr DLA KOTA TOALETA KOTÓW SAVICs KRYTA,https://allegro.pl/oferta/kuweta-filtr-dla-kota-toaleta-kotow-savics-kryta-6803512877,56,77,0.0,6.0
supermarket,Popularne,Kuwety dla kotów,KUWETA Z FILTREM TOALETA KRYTA DLA KOTA NA ¯WIREK,https://allegro.pl/oferta/kuweta-z-filtrem-toaleta-kryta-dla-kota-na-zwirek-8837358195,31,108,2.0,9.0
supermarket,Popularne,Filtry do akwarium,AQUAEL FILTR WEWNÊTRZNY PAT MINI 400l/h AKWARIUM,https://allegro.pl/oferta/aquael-filtr-wewnetrzny-pat-mini-400l-h-akwarium-6958191816,29,303,10.0,10.0
supermarket,Popularne,Filtry do akwarium,AQUAEL FILTR DO AKWARIUM TURBO 500 DO 150L +GRATIS,https://allegro.pl/oferta/aquael-filtr-do-akwarium-turbo-500-do-150l-gratis-6929281463,65,151,4.0,5.0
supermarket,Popularne,Filtry do akwarium,FILTR RO3 OSMOZA AKWARYSTYCZNA 75 GPD RO 3 KOMPLET,https://allegro.pl/oferta/filtr-ro3-osmoza-akwarystyczna-75-gpd-ro-3-komplet-6190235268,99,100,2.0,0.0
supermarket,Popularne,Filtry do akwarium,FILTR KASKADOWY DO AKWARIUM - SKIMMER + MIKROMEC,https://allegro.pl/oferta/filtr-kaskadowy-do-akwarium-skimmer-mikromec-8915059665,28,60,1.0,10.0
supermarket,Popularne,Filtry do akwarium,AQUAEL FAN-1 PLUS Filtr wewnêtrzny akwarium do100L,https://allegro.pl/oferta/aquael-fan-1-plus-filtr-wewnetrzny-akwarium-do100l-5989753897,57,33,0.0,6.0
