supermarket,Produkty spo¿ywcze,Kawy,Kawa ziarnista LAVAZZA CREMA E AROMA 1 kg,https://allegro.pl/oferta/kawa-ziarnista-lavazza-crema-e-aroma-1-kg-7521980697,38,3885,10.0
supermarket,Produkty spo¿ywcze,Kawy,Kawa Brazylia Santos 2kg Œwie¿o Palona Arabika100%,https://allegro.pl/oferta/kawa-brazylia-santos-2kg-swiezo-palona-arabika100-9070191500,77,1854,1.0
supermarket,Produkty spo¿ywcze,Kawy,Kawa ziarnista LAVAZZA EXPERT GUSTO FORTE 1kg,https://allegro.pl/oferta/kawa-ziarnista-lavazza-expert-gusto-forte-1kg-7574165680,37,1540,0.0
supermarket,Produkty spo¿ywcze,Kawy,Kawa ziarnista Lavazza Qualita Oro 1kg,https://allegro.pl/oferta/kawa-ziarnista-lavazza-qualita-oro-1kg-8305397970,50,1992,2.0
supermarket,Produkty spo¿ywcze,Kawy,Kawa ziarnista LAVAZZA DOLCE CAFFE CREMA 1 kg,https://allegro.pl/oferta/kawa-ziarnista-lavazza-dolce-caffe-crema-1-kg-6728220971,42,1590,0.0
supermarket,Produkty spo¿ywcze,Herbaty,Zielona herbata RAJSKI PTAK mango papaja REWELACJA,https://allegro.pl/oferta/zielona-herbata-rajski-ptak-mango-papaja-rewelacja-6830777364,6,577,10.0
supermarket,Produkty spo¿ywcze,Herbaty,herbata zielona matcha - 100g,https://allegro.pl/oferta/herbata-zielona-matcha-100g-8912984512,15,151,2.0
supermarket,Produkty spo¿ywcze,Herbaty,Ahmad Twelve 12 Smaków WYJ¥TKOWY Zestaw Herbat HIT,https://allegro.pl/oferta/ahmad-twelve-12-smakow-wyjatkowy-zestaw-herbat-hit-7863425014,32,71,0.0
supermarket,Produkty spo¿ywcze,Herbaty,Herbata JAPOÑSKA SENCHA kagoshima orygina³ GRATIS,https://allegro.pl/oferta/herbata-japonska-sencha-kagoshima-oryginal-gratis-7028637278,36,74,0.0
supermarket,Produkty spo¿ywcze,Herbaty,Matcha sproszkowana ZIELONA herbata 100g zdrowa,https://allegro.pl/oferta/matcha-sproszkowana-zielona-herbata-100g-zdrowa-6516117071,15,147,2.0
supermarket,Produkty spo¿ywcze,Yerba Mate,Yerba Mate CBSe ENERGIA MOCNA 0.5kg 500g + GRATIS,https://allegro.pl/oferta/yerba-mate-cbse-energia-mocna-0-5kg-500g-gratis-7870939693,10,1081,10.0
supermarket,Produkty spo¿ywcze,Yerba Mate,Zestaw Yerba Mate Green 500g Tykwa Bombilla 10x50g,https://allegro.pl/oferta/zestaw-yerba-mate-green-500g-tykwa-bombilla-10x50g-8385131882,29,527,0.0
supermarket,Produkty spo¿ywcze,Yerba Mate,Yerba Mate PAJARITO ELABORADA con palo 1kg 1000g,https://allegro.pl/oferta/yerba-mate-pajarito-elaborada-con-palo-1kg-1000g-7809183402,21,893,7.0
supermarket,Produkty spo¿ywcze,Yerba Mate,Yerba Mate 1KG NAJLEPSZE GATUNKI 10x100g na START,https://allegro.pl/oferta/yerba-mate-1kg-najlepsze-gatunki-10x100g-na-start-6886848439,25,604,1.0
supermarket,Produkty spo¿ywcze,Yerba Mate,Yerba Verde Mate Green Cactus 0 5kg 500g Kaktusowa,https://allegro.pl/oferta/yerba-verde-mate-green-cactus-0-5kg-500g-kaktusowa-6888530260,12,594,1.0
supermarket,Produkty spo¿ywcze,Zdrowa ¿ywnoœæ,ALLNUTRITION NUTLOVE CRUNCH 500 g KREM KOKOSOWY,https://allegro.pl/oferta/allnutrition-nutlove-crunch-500-g-krem-kokosowy-9145378695,29,1058,10.0
supermarket,Produkty spo¿ywcze,Zdrowa ¿ywnoœæ,NASIONA CHIA 1kg - SZA£WIA HISZPAÑSKA - MIGOgroup,https://allegro.pl/oferta/nasiona-chia-1kg-szalwia-hiszpanska-migogroup-6005481417,11,805,7.0
supermarket,Produkty spo¿ywcze,Zdrowa ¿ywnoœæ,KIE£KOWNICA 3 SZALKI + 10 opakowañ nasion - KIE£KI,https://allegro.pl/oferta/kielkownica-3-szalki-10-opakowan-nasion-kielki-8525693393,30,965,9.0
supermarket,Produkty spo¿ywcze,Zdrowa ¿ywnoœæ,Kie³kownica 3 Szalki + 6 opakowañ nasion kie³ki,https://allegro.pl/oferta/kielkownica-3-szalki-6-opakowan-nasion-kielki-8977090032,31,589,4.0
supermarket,Produkty spo¿ywcze,Zdrowa ¿ywnoœæ,ALLNUTRITION NUTLOVE CRUNCH 500g KREM CZEKOLADOWY,https://allegro.pl/oferta/allnutrition-nutlove-crunch-500g-krem-czekoladowy-9105663910,29,294,0.0
supermarket,Produkty spo¿ywcze,Bakalie orzechy pestki,¯URAWINA SUSZONA BEZ KONSERWANTÓW 1Kg,https://allegro.pl/oferta/zurawina-suszona-bez-konserwantow-1kg-6005552919,24,1191,2.0
supermarket,Produkty spo¿ywcze,Bakalie orzechy pestki,ORZECHY NERKOWCA 1kg PO£ÓWKI Nerkowce 1000g,https://allegro.pl/oferta/orzechy-nerkowca-1kg-polowki-nerkowce-1000g-7548747980,33,1563,5.0
supermarket,Produkty spo¿ywcze,Bakalie orzechy pestki,DAKTYLE Suszone Bez Pestek 1kg  PYSZNE - MIGOgroup,https://allegro.pl/oferta/daktyle-suszone-bez-pestek-1kg-pyszne-migogroup-7569468429,8,1825,8.0
supermarket,Produkty spo¿ywcze,Bakalie orzechy pestki,S£ONECZNIK £uskany 1kg 100% naturalny ŒWIE¯Y,https://allegro.pl/oferta/slonecznik-luskany-1kg-100-naturalny-swiezy-7324915036,8,2040,10.0
supermarket,Produkty spo¿ywcze,Bakalie orzechy pestki,Orzechy NERKOWCA 1kg PO£ÓWKI Nerkowce NATURALNE,https://allegro.pl/oferta/orzechy-nerkowca-1kg-polowki-nerkowce-naturalne-9129304293,29,1013,0.0
supermarket,Produkty spo¿ywcze,Dekoracje cukiernicze,Barwniki Spo¿ywcze w Proszku Zestaw 10szt Barwnik,https://allegro.pl/oferta/barwniki-spozywcze-w-proszku-zestaw-10szt-barwnik-7551334460,23,964,3.0
supermarket,Produkty spo¿ywcze,Dekoracje cukiernicze,Dro¿d¿e œwie¿e 1 kg,https://allegro.pl/oferta/drozdze-swieze-1-kg-9068721426,5,2732,3.0
supermarket,Produkty spo¿ywcze,Dekoracje cukiernicze,BARWNIKI SPO¯YWCZE W PROSZKU ZESTAW 10szt BARWNIK,https://allegro.pl/oferta/barwniki-spozywcze-w-proszku-zestaw-10szt-barwnik-7580494813,22,742,10.0
supermarket,Produkty spo¿ywcze,Dekoracje cukiernicze,Tylki  rêkaw cukierniczy  dekorator - 26 szt.,https://allegro.pl/oferta/tylki-rekaw-cukierniczy-dekorator-26-szt-9185909870,29,109,0.0
supermarket,Produkty spo¿ywcze,Dekoracje cukiernicze,PSI PATROL op³atek dekoracyjny+ 2 obwódki na tort,https://allegro.pl/oferta/psi-patrol-oplatek-dekoracyjny-2-obwodki-na-tort-9176877501,20,27,0.0
supermarket,Produkty spo¿ywcze,Produkty sypkie,M¹ka na pizzê typ 00 w³oska opakowanie strunowe,https://allegro.pl/oferta/maka-na-pizze-typ-00-wloska-opakowanie-strunowe-9118506582,5,2242,10.0
supermarket,Produkty spo¿ywcze,Produkty sypkie,M¹ka ¿ytnia razowa pe³ne ziarno typ 2000 chlebowa,https://allegro.pl/oferta/maka-zytnia-razowa-pelne-ziarno-typ-2000-chlebowa-9081497975,5,3481,6.0
supermarket,Produkty spo¿ywcze,Produkty sypkie,M¹ka ¿ytnia na chleb chlebowa typ 720 struna,https://allegro.pl/oferta/maka-zytnia-na-chleb-chlebowa-typ-720-struna-9081456591,5,3575,10.0
supermarket,Produkty spo¿ywcze,Produkty sypkie,Mega zestaw - ¯ywnoœæ  konserwy  przetwory  oliwa,https://allegro.pl/oferta/mega-zestaw-zywnosc-konserwy-przetwory-oliwa-9148869526,216,31,0.0
supermarket,Produkty spo¿ywcze,Produkty sypkie,M¹ka pszenna chlebowa typ 750 struna na chleb,https://allegro.pl/oferta/maka-pszenna-chlebowa-typ-750-struna-na-chleb-9081363049,5,2962,8.0
supermarket,Produkty spo¿ywcze,Oliwa olej ocet,Olej z czarnuszki 500ml Warmiñska Manufaktura,https://allegro.pl/oferta/olej-z-czarnuszki-500ml-warminska-manufaktura-6719116704,47,861,10.0
supermarket,Produkty spo¿ywcze,Oliwa olej ocet,OLEJ KOKOSOWY NIERAFINOWANY 900ml EXTRA VIRGIN,https://allegro.pl/oferta/olej-kokosowy-nierafinowany-900ml-extra-virgin-6304534031,25,842,10.0
supermarket,Produkty spo¿ywcze,Oliwa olej ocet,Olej lniany 500ml Warmiñska Manufaktura,https://allegro.pl/oferta/olej-lniany-500ml-warminska-manufaktura-6719476933,16,469,2.0
supermarket,Produkty spo¿ywcze,Oliwa olej ocet,OLEJ KOKOSOWY nierafinowany Virgin 900ml + GRATIS,https://allegro.pl/oferta/olej-kokosowy-nierafinowany-virgin-900ml-gratis-8635768690,20,364,4.0
supermarket,Produkty spo¿ywcze,Oliwa olej ocet,<0 2% Oliwa z oliwek Extra Virgin Premium 1L,https://allegro.pl/oferta/0-2-oliwa-z-oliwek-extra-virgin-premium-1l-6526967944,42,239,0.0
supermarket,Produkty spo¿ywcze,Oliwa z oliwek,<0 2% Oliwa z oliwek Extra Virgin Premium 1L,https://allegro.pl/oferta/0-2-oliwa-z-oliwek-extra-virgin-premium-1l-6526967944,42,239,10.0
supermarket,Produkty spo¿ywcze,Oliwa z oliwek,<0 2% Najlepsza OLIWA Z OLIWEK 5L  ZBIÓR 2019,https://allegro.pl/oferta/0-2-najlepsza-oliwa-z-oliwek-5l-zbior-2019-7902595183,159,195,8.0
supermarket,Produkty spo¿ywcze,Oliwa z oliwek,Grecka OLIWA Z OLIWEK do sma¿enia POMACE SANSA 5L,https://allegro.pl/oferta/grecka-oliwa-z-oliwek-do-smazenia-pomace-sansa-5l-7507534992,84,48,2.0
supermarket,Produkty spo¿ywcze,Oliwa z oliwek,Oliwa Extra Vergine 1 litr niska cena tanio outlet,https://allegro.pl/oferta/oliwa-extra-vergine-1-litr-niska-cena-tanio-outlet-9087649779,24,34,1.0
supermarket,Produkty spo¿ywcze,Oliwa z oliwek,Il casolare - w³oska oliwa extra niefiltrowana 1l,https://allegro.pl/oferta/il-casolare-wloska-oliwa-extra-niefiltrowana-1l-8933441328,58,7,0.0
supermarket,Artyku³y dla zwierz¹t,Dla psów,Legowisko DWUSTRONNE 6 kolorów 80 imiê GRATIS !!!,https://allegro.pl/oferta/legowisko-dwustronne-6-kolorow-80-imie-gratis-8721196782,69,272,2.0
supermarket,Artyku³y dla zwierz¹t,Dla psów,FURMINATOR DLA PSA SZCZOTKA TRYMER ZWIERZ¥T 10cm,https://allegro.pl/oferta/furminator-dla-psa-szczotka-trymer-zwierzat-10cm-9002878829,26,373,3.0
supermarket,Artyku³y dla zwierz¹t,Dla psów,POS£ANIE LEGOWISKO 75x65 WODOODPORNE kolory,https://allegro.pl/oferta/poslanie-legowisko-75x65-wodoodporne-kolory-8580724275,79,572,5.0
supermarket,Artyku³y dla zwierz¹t,Dla psów,MASZYNKA DO STRZY¯ENIA PSÓW ZWIERZ¥T CAMRY +ZESTAW,https://allegro.pl/oferta/maszynka-do-strzyzenia-psow-zwierzat-camry-zestaw-8615998199,159,951,10.0
supermarket,Artyku³y dla zwierz¹t,Dla psów,BUDA DLA PSA RÓ¯NE KOLORY OCIEPLANA XL +GRATIS!,https://allegro.pl/oferta/buda-dla-psa-rozne-kolory-ocieplana-xl-gratis-8472454648,289,127,0.0
supermarket,Artyku³y dla zwierz¹t,Dla kotów,DRAPAK DLA KOTA WIE¯A LEGOWISKO DOMEK 5 POZIOMÓW,https://allegro.pl/oferta/drapak-dla-kota-wieza-legowisko-domek-5-poziomow-8251788547,108,250,4.0
supermarket,Artyku³y dla zwierz¹t,Dla kotów,SIATKA NA BALKON DLA KOTA PTAKI GO£ÊBIE 3 KOLORY,https://allegro.pl/oferta/siatka-na-balkon-dla-kota-ptaki-golebie-3-kolory-6720105154,5,537,0.0
supermarket,Artyku³y dla zwierz¹t,Dla kotów,TRANSPORTER DLA PSA KOTA LEGOWISKO KOJEC + GRATIS,https://allegro.pl/oferta/transporter-dla-psa-kota-legowisko-kojec-gratis-7544206092,34,307,1.0
supermarket,Artyku³y dla zwierz¹t,Dla kotów,¯WIREK SILIKONOWY PREMIUM DLA KOTA ARISTOCAT 30 4L,https://allegro.pl/oferta/zwirek-silikonowy-premium-dla-kota-aristocat-30-4l-8294864709,84,1056,4.0
supermarket,Artyku³y dla zwierz¹t,Dla kotów,Jrs Cats Best Eco Eko Plus ¿wirek drewniany 40l,https://allegro.pl/oferta/jrs-cats-best-eco-eko-plus-zwirek-drewniany-40l-6976505459,87,757,10.0
supermarket,Artyku³y dla zwierz¹t,Akwarystyka,ZESTAW ROŒLIN £ATWYCH W UPRAWIE NA 3 PLANY +GRATIS,https://allegro.pl/oferta/zestaw-roslin-latwych-w-uprawie-na-3-plany-gratis-7372482232,23,425,6.0
supermarket,Artyku³y dla zwierz¹t,Akwarystyka,ZESTAW £ATWYCH ROŒLIN DO AKWARIUM + PÊSETA GRATIS,https://allegro.pl/oferta/zestaw-latwych-roslin-do-akwarium-peseta-gratis-7310845128,24,716,10.0
supermarket,Artyku³y dla zwierz¹t,Akwarystyka,AKWARIUM 60 LED CZARNE + FULL WYPOSA¯ENIE - V1,https://allegro.pl/oferta/akwarium-60-led-czarne-full-wyposazenie-v1-6619980104,209,100,1.0
supermarket,Artyku³y dla zwierz¹t,Akwarystyka,GA£ÊZATKA na rurce bambusa ¯YWA ozdoba do akwarium,https://allegro.pl/oferta/galezatka-na-rurce-bambusa-zywa-ozdoba-do-akwarium-6832738218,14,267,3.0
supermarket,Artyku³y dla zwierz¹t,Akwarystyka,AKWARIUM ZESTAW AKWARIOWY DLA RYB BOJOWNIKA 3L,https://allegro.pl/oferta/akwarium-zestaw-akwariowy-dla-ryb-bojownika-3l-7058738674,39,54,0.0
supermarket,Artyku³y dla zwierz¹t,Dla gryzoni i królików,Klatka dla królika i œwinki morskiej 100cm.,https://allegro.pl/oferta/klatka-dla-krolika-i-swinki-morskiej-100cm-9194652458,91,74,0.0
supermarket,Artyku³y dla zwierz¹t,Dla gryzoni i królików,KLATKA DLA CHOMIKA TEDDY LUX ROCKY PLATFORMA G137,https://allegro.pl/oferta/klatka-dla-chomika-teddy-lux-rocky-platforma-g137-5861690758,88,360,4.0
supermarket,Artyku³y dla zwierz¹t,Dla gryzoni i królików,¯WIREK DREWNIANY POD£O¯E DLA KOTA GRYZONI KRÓLIKA,https://allegro.pl/oferta/zwirek-drewniany-podloze-dla-kota-gryzoni-krolika-5809438372,13,740,10.0
supermarket,Artyku³y dla zwierz¹t,Dla gryzoni i królików,DU¯A TANIA KLATKA DLA CHOMIKA PIÊTRA TUNEL DRABINY,https://allegro.pl/oferta/duza-tania-klatka-dla-chomika-pietra-tunel-drabiny-7427008948,91,240,3.0
supermarket,Artyku³y dla zwierz¹t,Dla gryzoni i królików,Klatka dla królika i œwinki morskiej 120cm.,https://allegro.pl/oferta/klatka-dla-krolika-i-swinki-morskiej-120cm-9194665022,119,58,0.0
supermarket,Artyku³y dla zwierz¹t,Terrarystyka,Zestaw startowy Formikarium Novus + Messor mrówki,https://allegro.pl/oferta/zestaw-startowy-formikarium-novus-messor-mrowki-8731633045,189,39,2.0
supermarket,Artyku³y dla zwierz¹t,Terrarystyka,AA4 TERMOMETR ELEKTRONICZNY LCD Z SOND¥ CO PIECA,https://allegro.pl/oferta/aa4-termometr-elektroniczny-lcd-z-sonda-co-pieca-6160993452,7,149,9.0
supermarket,Artyku³y dla zwierz¹t,Terrarystyka,AA5b HIGROMETR LCD TERMOMETR Z SONDA TERRARIUM,https://allegro.pl/oferta/aa5b-higrometr-lcd-termometr-z-sonda-terrarium-6920407006,9,170,10.0
supermarket,Artyku³y dla zwierz¹t,Terrarystyka,TERRARIUM PUSTYNNE 70x40x40 DLA GEKONA,https://allegro.pl/oferta/terrarium-pustynne-70x40x40-dla-gekona-8863202360,469,1,0.0
supermarket,Artyku³y dla zwierz¹t,Terrarystyka,Termometr Higrometr Wilgotnoœciomierz Cyfrowy 2w1,https://allegro.pl/oferta/termometr-higrometr-wilgotnosciomierz-cyfrowy-2w1-8545514474,9,161,9.0
supermarket,Artyku³y dla zwierz¹t,Dla ptaków egzotycznych,S³onecznik ³uskany ³uszczony 1kg PIEKARNICZY 1000g,https://allegro.pl/oferta/slonecznik-luskany-luszczony-1kg-piekarniczy-1000g-7502901672,6,749,10.0
supermarket,Artyku³y dla zwierz¹t,Dla ptaków egzotycznych,KLATKA XXL WOLIERA dla ptaków papugi papug 100 cm,https://allegro.pl/oferta/klatka-xxl-woliera-dla-ptakow-papugi-papug-100-cm-6701281735,289,26,0.0
supermarket,Artyku³y dla zwierz¹t,Dla ptaków egzotycznych,KARMA UNIWERSALNA DLA PTAKÓW ECONOMY 5KG PAPUG,https://allegro.pl/oferta/karma-uniwersalna-dla-ptakow-economy-5kg-papug-8141328917,12,100,1.0
supermarket,Artyku³y dla zwierz¹t,Dla ptaków egzotycznych,KARMA DLA PTAKÓW DZIKICH ZIMUJ¥CYCH ZIARNO 5KG,https://allegro.pl/oferta/karma-dla-ptakow-dzikich-zimujacych-ziarno-5kg-7625353893,11,88,1.0
supermarket,Artyku³y dla zwierz¹t,Dla ptaków egzotycznych,KLATKA DLA PTAKÓW WOLIERA DLA PAPUG PawHut,https://allegro.pl/oferta/klatka-dla-ptakow-woliera-dla-papug-pawhut-8696630539,279,5,0.0
supermarket,Artyku³y dla zwierz¹t,Karma dla psa,DOLINA NOTECI PREMIUM SASZETKA 10X500G MIX SMAKÓW,https://allegro.pl/oferta/dolina-noteci-premium-saszetka-10x500g-mix-smakow-8203947840,43,787,6.0
supermarket,Artyku³y dla zwierz¹t,Karma dla psa,BRIT Premium Adult Large L 15 kg + Przysmak Gratis,https://allegro.pl/oferta/brit-premium-adult-large-l-15-kg-przysmak-gratis-8248585110,102,629,5.0
supermarket,Artyku³y dla zwierz¹t,Karma dla psa,BRIT PREMIUM ADULT L LARGE 15kg,https://allegro.pl/oferta/brit-premium-adult-l-large-15kg-6961962851,103,1085,10.0
supermarket,Artyku³y dla zwierz¹t,Karma dla psa,Divinus Performance DLA OWCZARKA 42% miêsa 20kg,https://allegro.pl/oferta/divinus-performance-dla-owczarka-42-miesa-20kg-8396689493,105,623,4.0
supermarket,Artyku³y dla zwierz¹t,Karma dla psa,BRIT PREMIUM BY NATURE ADULT LARGE L 15KG,https://allegro.pl/oferta/brit-premium-by-nature-adult-large-l-15kg-7471066489,100,255,0.0
supermarket,Artyku³y dla zwierz¹t,Karma dla kota,WHISKAS 80x100g Mix smaków + 12xPotrawka GRATIS,https://allegro.pl/oferta/whiskas-80x100g-mix-smakow-12xpotrawka-gratis-8930749628,107,979,10.0
supermarket,Artyku³y dla zwierz¹t,Karma dla kota,BASIL KARMA DLA KOTA PUSZKA 415g 30szt MIX SMAKÓW,https://allegro.pl/oferta/basil-karma-dla-kota-puszka-415g-30szt-mix-smakow-8935420729,47,529,5.0
supermarket,Artyku³y dla zwierz¹t,Karma dla kota,WHISKAS Sterile z kurczakiem 14kg,https://allegro.pl/oferta/whiskas-sterile-z-kurczakiem-14kg-8082544893,77,771,8.0
supermarket,Artyku³y dla zwierz¹t,Karma dla kota,WHISKAS Adult z wo³owin¹ i marchewk¹ 14kg,https://allegro.pl/oferta/whiskas-adult-z-wolowina-i-marchewka-14kg-7922410225,73,260,2.0
supermarket,Artyku³y dla zwierz¹t,Karma dla kota,Purina GOURMET GOLD MIX smaków karma 32x85g,https://allegro.pl/oferta/purina-gourmet-gold-mix-smakow-karma-32x85g-8684481455,56,121,0.0
supermarket,Artyku³y dla zwierz¹t,Legowiska dla psa,Legowisko DWUSTRONNE 6 kolorów 80 imiê GRATIS !!!,https://allegro.pl/oferta/legowisko-dwustronne-6-kolorow-80-imie-gratis-8721196782,69,272,1.0
supermarket,Artyku³y dla zwierz¹t,Legowiska dla psa,POS£ANIE LEGOWISKO 75x65 WODOODPORNE kolory,https://allegro.pl/oferta/poslanie-legowisko-75x65-wodoodporne-kolory-8580724275,79,572,8.0
supermarket,Artyku³y dla zwierz¹t,Legowiska dla psa,Legowisko materia³owe dla psa kot L,https://allegro.pl/oferta/legowisko-materialowe-dla-psa-kot-l-7560284072,56,639,10.0
supermarket,Artyku³y dla zwierz¹t,Legowiska dla psa,Legowisko materia³owe dla psa kot LEGOWISKA roz L,https://allegro.pl/oferta/legowisko-materialowe-dla-psa-kot-legowiska-roz-l-8971290038,56,349,0.0
supermarket,Artyku³y dla zwierz¹t,Legowiska dla psa,POS£ANIE LEGOWISKO 100x75 wodoodporne KOLORY,https://allegro.pl/oferta/poslanie-legowisko-100x75-wodoodporne-kolory-8592074535,89,238,3.0
supermarket,Utrzymanie czystoœci,Proszki do prania,SIMPLICOL BARWNIK FARBA DO TKANIN UBRAÑ CZARNY,https://allegro.pl/oferta/simplicol-barwnik-farba-do-tkanin-ubran-czarny-7164563717,26,486,10.0
supermarket,Utrzymanie czystoœci,Proszki do prania,Pulver PROSZEK PRANIA KOLOR UNI 18KG + P£YN DE,https://allegro.pl/oferta/pulver-proszek-prania-kolor-uni-18kg-plyn-de-7814032576,47,88,1.0
supermarket,Utrzymanie czystoœci,Proszki do prania,Waschkonig Proszek Niemiecki Color 7 5kg,https://allegro.pl/oferta/waschkonig-proszek-niemiecki-color-7-5kg-7967560588,33,128,2.0
supermarket,Utrzymanie czystoœci,Proszki do prania,BORAX 10H2O BORAKS wiadro 5kg 99 9% FV 23,https://allegro.pl/oferta/borax-10h2o-boraks-wiadro-5kg-99-9-fv-23-7681164068,25,229,4.0
supermarket,Utrzymanie czystoœci,Proszki do prania,2x PERSIL Color + Universal NIEMIECKI Najnowszy,https://allegro.pl/oferta/2x-persil-color-universal-niemiecki-najnowszy-8492331142,135,20,0.0
supermarket,Utrzymanie czystoœci,Suszarki na pranie,DU¯A SUSZARKA NA PRANIE DO BIELIZNY UBRAÑ PROMOCJA,https://allegro.pl/oferta/duza-suszarka-na-pranie-do-bielizny-ubran-promocja-6289171152,126,253,2.0
supermarket,Utrzymanie czystoœci,Suszarki na pranie,SUSZARKA NA PRANIE DO UBRAÑ I BIELIZNY TELESKOPOWA,https://allegro.pl/oferta/suszarka-na-pranie-do-ubran-i-bielizny-teleskopowa-7375493997,100,504,5.0
supermarket,Utrzymanie czystoœci,Suszarki na pranie,SUSZARKA NA PRANIE DO BIELIZNY UBRAÑ+GRATIS VILEDA,https://allegro.pl/oferta/suszarka-na-pranie-do-bielizny-ubran-gratis-vileda-8854822218,99,32,0.0
supermarket,Utrzymanie czystoœci,Suszarki na pranie,VILEDA SUSZARKA DO PRANIA UNIWERSAL MA£A DO DOMU,https://allegro.pl/oferta/vileda-suszarka-do-prania-uniwersal-mala-do-domu-7287916484,66,398,4.0
supermarket,Utrzymanie czystoœci,Suszarki na pranie,VILEDA Suszarka Balkonowa Do Prania INFINITY,https://allegro.pl/oferta/vileda-suszarka-balkonowa-do-prania-infinity-7287831584,179,982,10.0
supermarket,Utrzymanie czystoœci,Deski do prasowania,VILEDA Deska do prasowania VIVA EXPRESS SMART PLUS,https://allegro.pl/oferta/vileda-deska-do-prasowania-viva-express-smart-plus-7231107574,122,331,10.0
supermarket,Utrzymanie czystoœci,Deski do prasowania,Deska do prasowania WSZYSTKOMAJ¥CA + RÊKAWNIK,https://allegro.pl/oferta/deska-do-prasowania-wszystkomajaca-rekawnik-5288615657,129,298,9.0
supermarket,Utrzymanie czystoœci,Deski do prasowania,VILEDA Deska do prasowania Viva Express Smart,https://allegro.pl/oferta/vileda-deska-do-prasowania-viva-express-smart-6852739778,108,200,5.0
supermarket,Utrzymanie czystoœci,Deski do prasowania,Vileda Deska do Prasowania Total Reflect Plus,https://allegro.pl/oferta/vileda-deska-do-prasowania-total-reflect-plus-7474609756,229,107,1.0
supermarket,Utrzymanie czystoœci,Deski do prasowania,DESKA DO PRASOWANIA DU¯A DO GENERATORA PARY,https://allegro.pl/oferta/deska-do-prasowania-duza-do-generatora-pary-8687765299,139,81,0.0
supermarket,Utrzymanie czystoœci,Myd³a kuchenne,P³yn do mycia_dezynfekcja_r¹k powierzchni 1L,https://allegro.pl/oferta/plyn-do-mycia-dezynfekcja-rak-powierzchni-1l-9121623049,29,198,5.0
supermarket,Utrzymanie czystoœci,Myd³a kuchenne,BIA£Y JELEÑ MYD£O W P£YNIE KOZIE MLEKO 5L. ZAPAS,https://allegro.pl/oferta/bialy-jelen-mydlo-w-plynie-kozie-mleko-5l-zapas-8739944460,49,278,10.0
supermarket,Utrzymanie czystoœci,Myd³a kuchenne,Bia³oruskie SZARE MYD£O 72% bez dodatków,https://allegro.pl/oferta/bialoruskie-szare-mydlo-72-bez-dodatkow-7793575619,2,137,0.0
supermarket,Utrzymanie czystoœci,Myd³a kuchenne,MYD£O W P£YNIE ANTYBAKTERYJNE ATTIS 5L Z GLICERYN¥,https://allegro.pl/oferta/mydlo-w-plynie-antybakteryjne-attis-5l-z-gliceryna-9153177990,27,104,2.0
supermarket,Utrzymanie czystoœci,Myd³a kuchenne,MYD£O W P£YNIE BIA£Y JELEÑ HIPOALERGICZNE 5 L,https://allegro.pl/oferta/mydlo-w-plynie-bialy-jelen-hipoalergiczne-5-l-6799770653,37,135,2.0
supermarket,Utrzymanie czystoœci,Kosze na œmieci,NAKLEJKI NA KOSZ du¿e 5 szt segregacja œmieci 30cm,https://allegro.pl/oferta/naklejki-na-kosz-duze-5-szt-segregacja-smieci-30cm-9068279956,20,222,9.0
supermarket,Utrzymanie czystoœci,Kosze na œmieci,WIADRO KOSZ DO SEGREGACJI Z POKRYW¥ KPL 4 KOLORY,https://allegro.pl/oferta/wiadro-kosz-do-segregacji-z-pokrywa-kpl-4-kolory-8967044889,49,405,5.0
supermarket,Utrzymanie czystoœci,Kosze na œmieci,KOSZ DO SEGREGACJI ŒMIECI ODPADÓW 6w1 POJEMNY EKO,https://allegro.pl/oferta/kosz-do-segregacji-smieci-odpadow-6w1-pojemny-eko-9197810039,139,47,1.0
supermarket,Utrzymanie czystoœci,Kosze na œmieci,KOSZ POJEMNIK NA ŒMIECI ODPADY 240L MOCNY,https://allegro.pl/oferta/kosz-pojemnik-na-smieci-odpady-240l-mocny-8952403787,135,468,10.0
supermarket,Utrzymanie czystoœci,Kosze na œmieci,NAKLEJKI NA KOSZE NA ŒMIECI ŒMIETNIK 20cm 6 szt,https://allegro.pl/oferta/naklejki-na-kosze-na-smieci-smietnik-20cm-6-szt-8245136711,21,17,0.0
supermarket,Utrzymanie czystoœci,Mopy,ZESTAW Vileda Ultramax Box Mop+ Wiadro + Wyciskacz,https://allegro.pl/oferta/zestaw-vileda-ultramax-box-mop-wiadro-wyciskacz-8771638253,83,654,2.0
supermarket,Utrzymanie czystoœci,Mopy,VILEDA MOP OBROTOWY P³aski Ultramat Turbo XL 42CM!,https://allegro.pl/oferta/vileda-mop-obrotowy-plaski-ultramat-turbo-xl-42cm-8100576835,134,793,6.0
supermarket,Utrzymanie czystoœci,Mopy,VILEDA MOP OBROTOWY P³aski Ultramat TURBO,https://allegro.pl/oferta/vileda-mop-obrotowy-plaski-ultramat-turbo-7143898019,115,566,0.0
supermarket,Utrzymanie czystoœci,Mopy,VILEDA MOP OBROTOWY Easy Wring and Clean TURBO,https://allegro.pl/oferta/vileda-mop-obrotowy-easy-wring-and-clean-turbo-8442156431,105,764,5.0
supermarket,Utrzymanie czystoœci,Mopy,VILEDA mop 1-2 Spray MAX ze spryskiwaczem,https://allegro.pl/oferta/vileda-mop-1-2-spray-max-ze-spryskiwaczem-8954402687,76,964,10.0
supermarket,Utrzymanie czystoœci,Tabletki do zmywarki,Finish Tabletki do zmywarki Quantum Max 100 szt.,https://allegro.pl/oferta/finish-tabletki-do-zmywarki-quantum-max-100-szt-7845689770,54,6964,10.0
supermarket,Utrzymanie czystoœci,Tabletki do zmywarki,Fairy Platinum tabletki do zmywarek 100 szt.,https://allegro.pl/oferta/fairy-platinum-tabletki-do-zmywarek-100-szt-8100632319,64,3355,5.0
supermarket,Utrzymanie czystoœci,Tabletki do zmywarki,Fairy Tabletki Do Zmywarki Platinum 5x40=200 szt.,https://allegro.pl/oferta/fairy-tabletki-do-zmywarki-platinum-5x40-200-szt-9129197068,119,1900,3.0
supermarket,Utrzymanie czystoœci,Tabletki do zmywarki,Kapsu³ki do zmywarki Fairy Platinum All in One Lem,https://allegro.pl/oferta/kapsulki-do-zmywarki-fairy-platinum-all-in-one-lem-9099525768,98,41,0.0
supermarket,Utrzymanie czystoœci,Tabletki do zmywarki,Finish Quantum MAX Tabletki Zmywarki 100szt,https://allegro.pl/oferta/finish-quantum-max-tabletki-zmywarki-100szt-9032523350,53,3142,4.0
supermarket,Utrzymanie czystoœci,Œrodki czyszcz¹ce,ŒRODEK DO CZYSZCZENIA ELEWACJI KOSTKI KARCHER 5L,https://allegro.pl/oferta/srodek-do-czyszczenia-elewacji-kostki-karcher-5l-7368506965,55,194,4.0
supermarket,Utrzymanie czystoœci,Œrodki czyszcz¹ce,Domestos p³yn do toalet Pine Citrus 2 x 750 ml,https://allegro.pl/oferta/domestos-plyn-do-toalet-pine-citrus-2-x-750-ml-9148036600,13,287,6.0
supermarket,Utrzymanie czystoœci,Œrodki czyszcz¹ce,P³yn do dezynfekcji r¹k i powierzchni Bomasept 5L,https://allegro.pl/oferta/plyn-do-dezynfekcji-rak-i-powierzchni-bomasept-5l-9214390203,67,11,0.0
supermarket,Utrzymanie czystoœci,Œrodki czyszcz¹ce,P£YN DO MYCIA OKIEN KARCHER RM500 WV KONCENTRAT,https://allegro.pl/oferta/plyn-do-mycia-okien-karcher-rm500-wv-koncentrat-8938864122,24,473,10.0
supermarket,Utrzymanie czystoœci,Œrodki czyszcz¹ce,Faberlic_ œrodek do czyszczenia piekarników i kuch,https://allegro.pl/oferta/faberlic-srodek-do-czyszczenia-piekarnikow-i-kuch-8125105455,11,155,3.0
supermarket,Utrzymanie czystoœci,P³yny do p³ukania,LENOR p³yn do p³ukania Parfumelle zestaw 6x1420 ml,https://allegro.pl/oferta/lenor-plyn-do-plukania-parfumelle-zestaw-6x1420-ml-9040478073,64,2903,10.0
supermarket,Utrzymanie czystoœci,P³yny do p³ukania,SOFTLAN KONCENTRAT 1l P£YN DO P£UKANIA DU¯Y WYBÓR,https://allegro.pl/oferta/softlan-koncentrat-1l-plyn-do-plukania-duzy-wybor-7713017707,6,328,1.0
supermarket,Utrzymanie czystoœci,P³yny do p³ukania,LENOR P³yn do p³ukania Spring Awakening 6x1 8l,https://allegro.pl/oferta/lenor-plyn-do-plukania-spring-awakening-6x1-8l-8703599720,94,425,1.0
supermarket,Utrzymanie czystoœci,P³yny do p³ukania,Tesori d'Oriente Bia³e pi¿mo P³yn do p³ukania 750,https://allegro.pl/oferta/tesori-d-oriente-biale-pizmo-plyn-do-plukania-750-6492266776,12,137,0.0
supermarket,Utrzymanie czystoœci,P³yny do p³ukania,Silan Fresh Mix P³yn do P³ukania 3x925ml (111 pr),https://allegro.pl/oferta/silan-fresh-mix-plyn-do-plukania-3x925ml-111-pr-9089693084,20,115,0.0
supermarket,Popularne,Kawa ziarnista,Kawa ziarnista LAVAZZA CREMA E AROMA 1 kg,https://allegro.pl/oferta/kawa-ziarnista-lavazza-crema-e-aroma-1-kg-7521980697,38,3887,10.0
supermarket,Popularne,Kawa ziarnista,Kawa Brazylia Santos 2kg Œwie¿o Palona Arabika100%,https://allegro.pl/oferta/kawa-brazylia-santos-2kg-swiezo-palona-arabika100-9070191500,77,1854,1.0
supermarket,Popularne,Kawa ziarnista,Kawa ziarnista LAVAZZA EXPERT GUSTO FORTE 1kg,https://allegro.pl/oferta/kawa-ziarnista-lavazza-expert-gusto-forte-1kg-7574165680,37,1540,0.0
supermarket,Popularne,Kawa ziarnista,Kawa ziarnista Lavazza Qualita Oro 1kg,https://allegro.pl/oferta/kawa-ziarnista-lavazza-qualita-oro-1kg-8305397970,50,1993,2.0
supermarket,Popularne,Kawa ziarnista,Kawa ziarnista LAVAZZA DOLCE CAFFE CREMA 1 kg,https://allegro.pl/oferta/kawa-ziarnista-lavazza-dolce-caffe-crema-1-kg-6728220971,42,1590,0.0
supermarket,Popularne,Makaron,LUBELLA 400g œwidry,https://allegro.pl/oferta/lubella-400g-swidry-9060973879,4,66,4.0
supermarket,Popularne,Makaron,MAKARON DLA DZIECI MINIONKI 500g KSZTA£TY MELISSA,https://allegro.pl/oferta/makaron-dla-dzieci-minionki-500g-ksztalty-melissa-9082499223,4,20,0.0
supermarket,Popularne,Makaron,LUBELLA MAKARON 5 JAJECZNY KRAJANKA 200G,https://allegro.pl/oferta/lubella-makaron-5-jajeczny-krajanka-200g-9195101646,2,3,10.0
supermarket,Popularne,Makaron,LUBELLA MAKARON WST¥¯KI CIÊTE 500 G,https://allegro.pl/oferta/lubella-makaron-wstazki-ciete-500-g-9119138953,4,23,5.0
supermarket,Popularne,Makaron,MAKARON SPAGHETTI GRYCZANY SOBA 250g BEZ GLUTENU,https://allegro.pl/oferta/makaron-spaghetti-gryczany-soba-250g-bez-glutenu-8464687503,9,21,5.0
supermarket,Popularne,M¹ka,M¹ka ¿ytnia razowa pe³ne ziarno typ 2000 chlebowa,https://allegro.pl/oferta/maka-zytnia-razowa-pelne-ziarno-typ-2000-chlebowa-9081497975,5,3479,10.0
supermarket,Popularne,M¹ka,M¹ka na pizzê typ 00 w³oska opakowanie strunowe,https://allegro.pl/oferta/maka-na-pizze-typ-00-wloska-opakowanie-strunowe-9118506582,5,2242,6.0
supermarket,Popularne,M¹ka,M¹ka ¿ytnia na chleb chlebowa typ 720 struna,https://allegro.pl/oferta/maka-zytnia-na-chleb-chlebowa-typ-720-struna-9081456591,5,3577,10.0
supermarket,Popularne,M¹ka,M¹ka pszenna chlebowa typ 750 struna na chleb,https://allegro.pl/oferta/maka-pszenna-chlebowa-typ-750-struna-na-chleb-9081363049,5,2963,8.0
supermarket,Popularne,M¹ka,M¹ka ¯ytnia Typ 720 Chlebowa 5 kg.,https://allegro.pl/oferta/maka-zytnia-typ-720-chlebowa-5-kg-9145468404,18,487,0.0
supermarket,Popularne,Suszarki i ociekacze do naczyñ,DWUPOZIOMOWA SUSZARKA DO NACZYÑ DUNYA SZARO-CZARNA,https://allegro.pl/oferta/dwupoziomowa-suszarka-do-naczyn-dunya-szaro-czarna-8565907002,37,135,6.0
supermarket,Popularne,Suszarki i ociekacze do naczyñ,SUSZARKA DO NACZYÑ DWUPOZIOMOWA STOJ¥CA OCIEKACZ,https://allegro.pl/oferta/suszarka-do-naczyn-dwupoziomowa-stojaca-ociekacz-8951473153,36,174,3.0
supermarket,Popularne,Suszarki i ociekacze do naczyñ,SUSZARKA DO NACZYÑ dwupoziomowa KH1355 CZARNA,https://allegro.pl/oferta/suszarka-do-naczyn-dwupoziomowa-kh1355-czarna-8087035790,69,109,10.0
supermarket,Popularne,Suszarki i ociekacze do naczyñ,SUSZARKA DO NACZYÑ OCIEKACZ SILIKON KAMILLE,https://allegro.pl/oferta/suszarka-do-naczyn-ociekacz-silikon-kamille-7295368989,55,165,9.0
supermarket,Popularne,Suszarki i ociekacze do naczyñ,SUSZARKA DO NACZYÑ OCIEKACZ RATTANOWA 2 POZIOMOWA,https://allegro.pl/oferta/suszarka-do-naczyn-ociekacz-rattanowa-2-poziomowa-7389525462,29,141,0.0
supermarket,Popularne,Worki na œmieci,WORKI NA ŒMIECI 240L 10SZT BARDZO MOCNE!,https://allegro.pl/oferta/worki-na-smieci-240l-10szt-bardzo-mocne-6993959730,3,510,9.0
supermarket,Popularne,Worki na œmieci,ZESTAW WORKÓW NA ŒMIECI DO SEGREGACJI 3X120L 10SZT,https://allegro.pl/oferta/zestaw-workow-na-smieci-do-segregacji-3x120l-10szt-8948102530,12,390,4.0
supermarket,Popularne,Worki na œmieci,WORKI NA ŒMIECI SEGREGACJI ODPADÓW KOSZ 60l 50szt,https://allegro.pl/oferta/worki-na-smieci-segregacji-odpadow-kosz-60l-50szt-8203310029,9,321,1.0
supermarket,Popularne,Worki na œmieci,WORKI NA ŒMIECI CZARNE MOCNE 120L/10 sztuk,https://allegro.pl/oferta/worki-na-smieci-czarne-mocne-120l-10-sztuk-8356847439,2,543,10.0
supermarket,Popularne,Worki na œmieci,WORKI NA ŒMIECI DO SEGREGACJI KOSZ ODPADY 120 l,https://allegro.pl/oferta/worki-na-smieci-do-segregacji-kosz-odpady-120-l-8897060272,42,305,0.0
supermarket,Popularne,Odœwie¿acze powietrza,WK£AD zapas AIR POLO ODŒWIE¯ACZ 12szt,https://allegro.pl/oferta/wklad-zapas-air-polo-odswiezacz-12szt-8088771140,61,76,6.0
supermarket,Popularne,Odœwie¿acze powietrza,WK£AD zapas Great AIR ODŒWIE¯ACZ 12szt,https://allegro.pl/oferta/wklad-zapas-great-air-odswiezacz-12szt-8104074905,62,150,2.0
supermarket,Popularne,Odœwie¿acze powietrza,Air Wick Mist zestaw odœwie¿acz + 2 wk³ady,https://allegro.pl/oferta/air-wick-mist-zestaw-odswiezacz-2-wklady-9014475438,59,228,10.0
supermarket,Popularne,Odœwie¿acze powietrza,Air Wick Mist Odœwie¿acz Mgie³ka Melon Ogórek,https://allegro.pl/oferta/air-wick-mist-odswiezacz-mgielka-melon-ogorek-8278011695,41,31,0.0
supermarket,Popularne,Odœwie¿acze powietrza,Zestaw Air polo Automatic+12Great air Odœwie¿acz,https://allegro.pl/oferta/zestaw-air-polo-automatic-12great-air-odswiezacz-9098838737,84,21,2.0
supermarket,Popularne,¯wirek dla kota,¯WIREK SILIKONOWY PREMIUM DLA KOTA ARISTOCAT 30 4L,https://allegro.pl/oferta/zwirek-silikonowy-premium-dla-kota-aristocat-30-4l-8294864709,84,1055,10.0
supermarket,Popularne,¯wirek dla kota,Jrs Cats Best Eco Eko Plus ¿wirek drewniany 40l,https://allegro.pl/oferta/jrs-cats-best-eco-eko-plus-zwirek-drewniany-40l-6976505459,87,757,7.0
supermarket,Popularne,¯wirek dla kota,¯WIREK DREWNIANY DLA KOTA KRÓLIKA NATURALNY 15KG,https://allegro.pl/oferta/zwirek-drewniany-dla-kota-krolika-naturalny-15kg-7842755867,15,401,3.0
supermarket,Popularne,¯wirek dla kota,¯WIREK DREWNIANY 15KG ZAPACH LASU 40L DO KUWET,https://allegro.pl/oferta/zwirek-drewniany-15kg-zapach-lasu-40l-do-kuwet-8614299630,18,426,3.0
supermarket,Popularne,¯wirek dla kota,¯WIREK SILIKONOWY PREMIUM DLA KOTA PETSTORY 30 4L,https://allegro.pl/oferta/zwirek-silikonowy-premium-dla-kota-petstory-30-4l-9194358368,78,97,0.0
supermarket,Popularne,Kuwety dla kotów,CURVER Kuweta toaleta dla kota grafit/szary,https://allegro.pl/oferta/curver-kuweta-toaleta-dla-kota-grafit-szary-8687631624,116,276,10.0
supermarket,Popularne,Kuwety dla kotów,KUWETA Z FILTREM TOALETA DLA KOTA + ¯WIREK £OPATKA,https://allegro.pl/oferta/kuweta-z-filtrem-toaleta-dla-kota-zwirek-lopatka-6727911836,37,204,7.0
supermarket,Popularne,Kuwety dla kotów,KUWETA TOALETA DLA KOTA Z RAMK¥ NA ¯WIREK 4 KOLORY,https://allegro.pl/oferta/kuweta-toaleta-dla-kota-z-ramka-na-zwirek-4-kolory-8614341557,22,182,6.0
supermarket,Popularne,Kuwety dla kotów,CURVER KUWETA DLA KOTA Z FILTREM I £OPATK¥ + KARMA,https://allegro.pl/oferta/curver-kuweta-dla-kota-z-filtrem-i-lopatka-karma-5313978124,135,14,0.0
supermarket,Popularne,Kuwety dla kotów,KUWETA KRYTA NA ¯WIREK TOALETA DLA KOTA SZARA,https://allegro.pl/oferta/kuweta-kryta-na-zwirek-toaleta-dla-kota-szara-8835437752,36,151,5.0
supermarket,Popularne,Filtry do akwarium,AQUAEL FILTR WEWNÊTRZNY PAT MINI 400l/h AKWARIUM,https://allegro.pl/oferta/aquael-filtr-wewnetrzny-pat-mini-400l-h-akwarium-6958191816,29,312,10.0
supermarket,Popularne,Filtry do akwarium,FILTR KASKADOWY DO AKWARIUM - SKIMMER + MIKROMEC,https://allegro.pl/oferta/filtr-kaskadowy-do-akwarium-skimmer-mikromec-8915059665,28,67,2.0
supermarket,Popularne,Filtry do akwarium,AQUAEL FILTR DO AKWARIUM TURBO 500 DO 150L +GRATIS,https://allegro.pl/oferta/aquael-filtr-do-akwarium-turbo-500-do-150l-gratis-6929281463,65,153,5.0
supermarket,Popularne,Filtry do akwarium,FILTR RO3 OSMOZA AKWARYSTYCZNA 75 GPD RO 3 KOMPLET,https://allegro.pl/oferta/filtr-ro3-osmoza-akwarystyczna-75-gpd-ro-3-komplet-6190235268,99,99,3.0
supermarket,Popularne,Filtry do akwarium,JBL CristalProfi e902 GREENLINE FILTR ZEWNÊTRZNY,https://allegro.pl/oferta/jbl-cristalprofi-e902-greenline-filtr-zewnetrzny-8746849665,398,13,0.0
