zdrowie,Korekcja wzroku,Soczewki kontaktowe,Soczewki Acuvue Oasys 6 szt.,https://allegro.pl/oferta/soczewki-acuvue-oasys-6-szt-6735541786,55,909,9.0
zdrowie,Korekcja wzroku,Soczewki kontaktowe,SOFLENS 59 COMFORT Bausch&Lomb BC 8.6 / 6 szt.,https://allegro.pl/oferta/soflens-59-comfort-bausch-lomb-bc-8-6-6-szt-7513204992,35,952,10.0
zdrowie,Korekcja wzroku,Soczewki kontaktowe,ACUVUE OASYS with HYDRACLEAR PLUS 6szt. BC:8 4mm,https://allegro.pl/oferta/acuvue-oasys-with-hydraclear-plus-6szt-bc-8-4mm-8139174622,63,328,2.0
zdrowie,Korekcja wzroku,Soczewki kontaktowe,Soczewki Acuvue Oasys Hydraclear 6szt. od J&J,https://allegro.pl/oferta/soczewki-acuvue-oasys-hydraclear-6szt-od-j-j-7146809242,56,203,0.0
zdrowie,Korekcja wzroku,Soczewki kontaktowe,Acuvue Oasys Hydraclear 6 szt.,https://allegro.pl/oferta/acuvue-oasys-hydraclear-6-szt-8625746993,56,206,0.0
zdrowie,Korekcja wzroku,P³yny do soczewek,BAUSCH & LOMB RENU MULTIPLUS 360ML+POJEMNICZEK,https://allegro.pl/oferta/bausch-lomb-renu-multiplus-360ml-pojemniczek-6960149335,22,600,10.0
zdrowie,Korekcja wzroku,P³yny do soczewek,Horien Ultra Comfort 500 ml P³yn do soczewek!!,https://allegro.pl/oferta/horien-ultra-comfort-500-ml-plyn-do-soczewek-8510616748,16,357,3.0
zdrowie,Korekcja wzroku,P³yny do soczewek,P³yn do soczewek Renu Multiplus 360ml,https://allegro.pl/oferta/plyn-do-soczewek-renu-multiplus-360ml-6581119524,20,231,0.0
zdrowie,Korekcja wzroku,P³yny do soczewek,Aseptyczny P£YN DO SOCZEWEK evO2lution 360 ml,https://allegro.pl/oferta/aseptyczny-plyn-do-soczewek-evo2lution-360-ml-8275121510,13,311,2.0
zdrowie,Korekcja wzroku,P³yny do soczewek,P³yn do soczewek Opti Free Express 2 x 355 ml,https://allegro.pl/oferta/plyn-do-soczewek-opti-free-express-2-x-355-ml-5469471142,55,262,1.0
zdrowie,Korekcja wzroku,Oprawki do okularów,Z£OTE Okulary OPRAWKI AVIATOR Pilotki ZERÓWKI Gold,https://allegro.pl/oferta/zlote-okulary-oprawki-aviator-pilotki-zerowki-gold-6760576754,79,8,10.0
zdrowie,Korekcja wzroku,Oprawki do okularów,OPRAWKI OKULARY RAY BAN RAYBAN RB5356 2012 54-19,https://allegro.pl/oferta/oprawki-okulary-ray-ban-rayban-rb5356-2012-54-19-9138560566,199,0,0.0
zdrowie,Korekcja wzroku,Oprawki do okularów,OKULARY DAMSKIE KOREKCYJNE PLUSY DO CZYTANIA +1.00,https://allegro.pl/oferta/okulary-damskie-korekcyjne-plusy-do-czytania-1-00-8900088544,45,5,6.0
zdrowie,Korekcja wzroku,Oprawki do okularów,ZERÓWKI okulary OPRAWKI Damskie Kocie korekcyjne,https://allegro.pl/oferta/zerowki-okulary-oprawki-damskie-kocie-korekcyjne-7557958609,99,3,4.0
zdrowie,Korekcja wzroku,Oprawki do okularów,DEKOPTICA Oprawka Okularowa BELLA KOCIE OCZY,https://allegro.pl/oferta/dekoptica-oprawka-okularowa-bella-kocie-oczy-6624955685,92,1,1.0
zdrowie,Korekcja wzroku,Krople do oczu,SAFLOHYAL - Przeciwzapalne krople do oczu 10 ml,https://allegro.pl/oferta/saflohyal-przeciwzapalne-krople-do-oczu-10-ml-9202567444,22,2,0.0
zdrowie,Korekcja wzroku,Krople do oczu,MSM + SREBRO HYDROSOL BÓL INFEKCJE OPUCHLIZNA OCZU,https://allegro.pl/oferta/msm-srebro-hydrosol-bol-infekcje-opuchlizna-oczu-7641303269,69,26,6.0
zdrowie,Korekcja wzroku,Krople do oczu,Krople nawil¿aj¹ce HORIEN AQUA COMFORT 15 ml!,https://allegro.pl/oferta/krople-nawilzajace-horien-aqua-comfort-15-ml-7616904403,6,42,10.0
zdrowie,Korekcja wzroku,Krople do oczu,Nawil¿aj¹co-powlekaj¹ce krople do oczu SOCZEWKI,https://allegro.pl/oferta/nawilzajaco-powlekajace-krople-do-oczu-soczewki-9202047950,28,1,2.0
zdrowie,Korekcja wzroku,Krople do oczu,Krople nawil¿aj¹ce BioAir 10ml z Hialuronianem,https://allegro.pl/oferta/krople-nawilzajace-bioair-10ml-z-hialuronianem-8502226445,9,11,0.0
zdrowie,Higiena jamy ustnej,Szczoteczki elektryczne,SZCZOTECZKA ELEKTRYCZNA BRAUN ORAL B + GRATISY,https://allegro.pl/oferta/szczoteczka-elektryczna-braun-oral-b-gratisy-8718444345,54,1402,10.0
zdrowie,Higiena jamy ustnej,Szczoteczki elektryczne,SZCZOTECZKA SONICZNA PHILIPS SONICARE + GRATISY,https://allegro.pl/oferta/szczoteczka-soniczna-philips-sonicare-gratisy-9159672892,149,258,1.0
zdrowie,Higiena jamy ustnej,Szczoteczki elektryczne,Szczoteczka Elektryczna Oral-B Vitality 100 Zestaw,https://allegro.pl/oferta/szczoteczka-elektryczna-oral-b-vitality-100-zestaw-7907510504,97,631,4.0
zdrowie,Higiena jamy ustnej,Szczoteczki elektryczne,SZCZOTECZKA ELEKTRYCZNA DZIECI KSIÊ¯NICZKI +GRATIS,https://allegro.pl/oferta/szczoteczka-elektryczna-dzieci-ksiezniczki-gratis-8853914791,54,163,0.0
zdrowie,Higiena jamy ustnej,Szczoteczki elektryczne,SZCZOTECZKA ORAL-B ELEKTRYCZNA DO ZÊBÓW + DODATKI,https://allegro.pl/oferta/szczoteczka-oral-b-elektryczna-do-zebow-dodatki-7561524238,44,455,2.0
zdrowie,Higiena jamy ustnej,Koñcówki do szczoteczek,Koñcówki Do Szczoteczki Elektrycznej Oral-B 12 szt,https://allegro.pl/oferta/koncowki-do-szczoteczki-elektrycznej-oral-b-12-szt-8092436255,19,1476,10.0
zdrowie,Higiena jamy ustnej,Koñcówki do szczoteczek,BRAUN ORAL-B CROSS ACTION 100% ORYGINALNA KOÑCÓWKA,https://allegro.pl/oferta/braun-oral-b-cross-action-100-oryginalna-koncowka-7210734704,9,1396,9.0
zdrowie,Higiena jamy ustnej,Koñcówki do szczoteczek,8x KOÑCÓWKI do SZCZOTECZKI ORAL B BRAUN + GRATIS,https://allegro.pl/oferta/8x-koncowki-do-szczoteczki-oral-b-braun-gratis-8384958817,13,1244,8.0
zdrowie,Higiena jamy ustnej,Koñcówki do szczoteczek,Koñcówki Do Szczoteczki Oral-B - 3 Modele 12 sztuk,https://allegro.pl/oferta/koncowki-do-szczoteczki-oral-b-3-modele-12-sztuk-7209604634,24,658,0.0
zdrowie,Higiena jamy ustnej,Koñcówki do szczoteczek,KOÑCÓWKI DO ORAL B PRECISION CLEAN ORYGINA£+GRATIS,https://allegro.pl/oferta/koncowki-do-oral-b-precision-clean-oryginal-gratis-8362966694,17,273,3.0
zdrowie,Higiena jamy ustnej,Wybielanie zêbów,Paski wybielaj¹ce Bright White NEW 28 szt+GRATIS,https://allegro.pl/oferta/paski-wybielajace-bright-white-new-28-szt-gratis-5605300588,19,1231,10.0
zdrowie,Higiena jamy ustnej,Wybielanie zêbów,PASKI WYBIELAJ¥CE BRIGHT WHITE NEW 56 SZT + GRATIS,https://allegro.pl/oferta/paski-wybielajace-bright-white-new-56-szt-gratis-7644710599,40,478,3.0
zdrowie,Higiena jamy ustnej,Wybielanie zêbów,¯EL DO WYBIELANIA ZÊBÓW OPALESCENCE4*16_MAX ZESTAW,https://allegro.pl/oferta/zel-do-wybielania-zebow-opalescence4-16-max-zestaw-8868324145,125,234,1.0
zdrowie,Higiena jamy ustnej,Wybielanie zêbów,ZESTAW WYBIELANIA ZÊBÓW USA 3 x ¯EL NAK£ADKA LAMPA,https://allegro.pl/oferta/zestaw-wybielania-zebow-usa-3-x-zel-nakladka-lampa-8623326921,165,99,0.0
zdrowie,Higiena jamy ustnej,Wybielanie zêbów,NAK£ADKI na zêby TERMOKURCZLIWE 2 szt. WYBIELANIE,https://allegro.pl/oferta/nakladki-na-zeby-termokurczliwe-2-szt-wybielanie-7572943807,7,119,0.0
zdrowie,Higiena jamy ustnej,Pasty do zêbów,CZARNA PASTA DO ZÊBÓW Z WÊGLEM BEAUTY FORMULAS,https://allegro.pl/oferta/czarna-pasta-do-zebow-z-weglem-beauty-formulas-8057425536,5,369,10.0
zdrowie,Higiena jamy ustnej,Pasty do zêbów,Wybielaj¹ca pasta do zêbów z fluorem AP-24 NU SKIN,https://allegro.pl/oferta/wybielajaca-pasta-do-zebow-z-fluorem-ap-24-nu-skin-8224195644,49,154,0.0
zdrowie,Higiena jamy ustnej,Pasty do zêbów,ECODENTA CZARNA PASTA D/ZÊBÓW WYBIELAJ¥CA Z WÊGLEM,https://allegro.pl/oferta/ecodenta-czarna-pasta-d-zebow-wybielajaca-z-weglem-6721922241,11,351,9.0
zdrowie,Higiena jamy ustnej,Pasty do zêbów,BLEND-A-MED PASTA DO ZÊBÓW Z EKSTRAKTEM KORY DÊBU,https://allegro.pl/oferta/blend-a-med-pasta-do-zebow-z-ekstraktem-kory-debu-8703648978,3,163,0.0
zdrowie,Higiena jamy ustnej,Pasty do zêbów,ELMEX Junior 75ml Pasta dla dzieci 6-12 lat,https://allegro.pl/oferta/elmex-junior-75ml-pasta-dla-dzieci-6-12-lat-9145809405,7,179,1.0
zdrowie,Leki bez recepty,Leki na potencjê,Inventum 4tabl. - erekcja potencja,https://allegro.pl/oferta/inventum-4tabl-erekcja-potencja-8476924660,18,118,5.0
zdrowie,Leki bez recepty,Leki na potencjê,Maxigra Go 4tabl. erekcja potencja syldenafil,https://allegro.pl/oferta/maxigra-go-4tabl-erekcja-potencja-syldenafil-8206427427,18,235,10.0
zdrowie,Leki bez recepty,Leki na potencjê,Inventum 4 tabl. najtaniej sildenafil potencja,https://allegro.pl/oferta/inventum-4-tabl-najtaniej-sildenafil-potencja-9180343110,18,58,2.0
zdrowie,Leki bez recepty,Leki na potencjê,AP Maxigra Go 25mg sprawnoœæ sex potencja wzwód 4x,https://allegro.pl/oferta/ap-maxigra-go-25mg-sprawnosc-sex-potencja-wzwod-4x-7778469680,19,81,3.0
zdrowie,Leki bez recepty,Leki na potencjê,Maxigra Go 12 tabl. mê¿czyzna potencja,https://allegro.pl/oferta/maxigra-go-12-tabl-mezczyzna-potencja-9216630302,51,10,0.0
zdrowie,Leki bez recepty,Leki na alergiê,AP Aleric Deslo Active 5 mg alergia 10 tab,https://allegro.pl/oferta/ap-aleric-deslo-active-5-mg-alergia-10-tab-7476475595,9,49,9.0
zdrowie,Leki bez recepty,Leki na alergiê,Allegra 120 mg alergia uczulenie lek 10x,https://allegro.pl/oferta/allegra-120-mg-alergia-uczulenie-lek-10x-8982065870,10,43,7.0
zdrowie,Leki bez recepty,Leki na alergiê,Allertec WZF alergia uczulenie 7 tabletek,https://allegro.pl/oferta/allertec-wzf-alergia-uczulenie-7-tabletek-8875936674,4,57,10.0
zdrowie,Leki bez recepty,Leki na alergiê,Hydrocortisonum 0 5% krem 15 g uczulenie alergia,https://allegro.pl/oferta/hydrocortisonum-0-5-krem-15-g-uczulenie-alergia-9195541080,7,8,1.0
zdrowie,Leki bez recepty,Leki na alergiê,Otrivin Allergy (2 5 mg+0 25mg)/ml nos katar 15 ml,https://allegro.pl/oferta/otrivin-allergy-2-5-mg-0-25mg-ml-nos-katar-15-ml-9201474243,19,2,0.0
zdrowie,Leki bez recepty,Rzucanie palenia,Nicorette Spray rzuæ palenie nikotyna 13.2 ml 150x,https://allegro.pl/oferta/nicorette-spray-rzuc-palenie-nikotyna-13-2-ml-150x-9205975435,45,6,0.0
zdrowie,Leki bez recepty,Rzucanie palenia,Nicorette FreshFruit 2mg gumy rzucanie palenia 105,https://allegro.pl/oferta/nicorette-freshfruit-2mg-gumy-rzucanie-palenia-105-9208402910,63,6,0.0
zdrowie,Leki bez recepty,Rzucanie palenia,AP Nicorette Invisipatch Rzuæ Palenie 7 plastrów,https://allegro.pl/oferta/ap-nicorette-invisipatch-rzuc-palenie-7-plastrow-7768524730,60,15,10.0
zdrowie,Leki bez recepty,Rzucanie palenia,Nicorette Coolmint 4 mg 20 tabletek do ssania,https://allegro.pl/oferta/nicorette-coolmint-4-mg-20-tabletek-do-ssania-9052810067,17,14,9.0
zdrowie,Leki bez recepty,Rzucanie palenia,Nicorette Classic Gum 4 mg 105 gum do ¿ucia,https://allegro.pl/oferta/nicorette-classic-gum-4-mg-105-gum-do-zucia-8933482451,59,14,9.0
zdrowie,Leki bez recepty,Leki przeciwbólowe,Ketonal Active 50mg ból stan zapalny mocny 20x,https://allegro.pl/oferta/ketonal-active-50mg-bol-stan-zapalny-mocny-20x-8424180786,16,117,10.0
zdrowie,Leki bez recepty,Leki przeciwbólowe,Voltaren MAX ból najmocniejszy diclofenac ¿el 180g,https://allegro.pl/oferta/voltaren-max-bol-najmocniejszy-diclofenac-zel-180g-9185571729,59,7,0.0
zdrowie,Leki bez recepty,Leki przeciwbólowe,Paracetamol Polfa£ódŸ 500 mg APTEKA 50 tabl,https://allegro.pl/oferta/paracetamol-polfalodz-500-mg-apteka-50-tabl-9137799194,16,80,7.0
zdrowie,Leki bez recepty,Leki przeciwbólowe,Apap 500 mg ból gor¹czka 100 tabl paracetamol,https://allegro.pl/oferta/apap-500-mg-bol-goraczka-100-tabl-paracetamol-9132534732,39,47,4.0
zdrowie,Leki bez recepty,Leki przeciwbólowe,Bengay legenda maœæ przeciwbólowa ból 50 g,https://allegro.pl/oferta/bengay-legenda-masc-przeciwbolowa-bol-50-g-9206436183,15,4,0.0
zdrowie,Suplementy diety,Chrom,OstroVit Chromium 200 90 tabs CHROM ODCHUDZANIE,https://allegro.pl/oferta/ostrovit-chromium-200-90-tabs-chrom-odchudzanie-8457570045,14,340,10.0
zdrowie,Suplementy diety,Chrom,OLIMP CHROM ACTIV 60tabl METABOLIZM ODCHUDZANIE,https://allegro.pl/oferta/olimp-chrom-activ-60tabl-metabolizm-odchudzanie-7230826337,12,75,1.0
zdrowie,Suplementy diety,Chrom,CHITOSAN + CHROM VITADIET 120 kapsu³ek odchudzanie,https://allegro.pl/oferta/chitosan-chrom-vitadiet-120-kapsulek-odchudzanie-9090447129,31,62,0.0
zdrowie,Suplementy diety,Chrom,CHROM organiczny 200 µg 60 tabl VITADIET,https://allegro.pl/oferta/chrom-organiczny-200-g-60-tabl-vitadiet-9021463139,5,58,0.0
zdrowie,Suplementy diety,Chrom,OLIMP CHROM ACTIV 60tabl METABOLIZM ODCHUDZANIE,https://allegro.pl/oferta/olimp-chrom-activ-60tabl-metabolizm-odchudzanie-8856694544,12,75,1.0
zdrowie,Suplementy diety,Tran,OLIMP GOLD OMEGA 3 60kaps ZDROWE MOCNE SERCE,https://allegro.pl/oferta/olimp-gold-omega-3-60kaps-zdrowe-mocne-serce-7234293553,25,86,10.0
zdrowie,Suplementy diety,Tran,ECOMER GOLD 60 KAPSU£EK,https://allegro.pl/oferta/ecomer-gold-60-kapsulek-8578655435,33,36,4.0
zdrowie,Suplementy diety,Tran,OLIMP ODPORMAX 60kaps TRAN MAKSYMALNA ODPORNOŒÆ,https://allegro.pl/oferta/olimp-odpormax-60kaps-tran-maksymalna-odpornosc-9138910634,24,32,4.0
zdrowie,Suplementy diety,Tran,NOW Foods OMEGA 3 EPA/DHA bez cholesterolu SERCE,https://allegro.pl/oferta/now-foods-omega-3-epa-dha-bez-cholesterolu-serce-9087994749,24,4,0.0
zdrowie,Suplementy diety,Tran,OLIMP OMEGA 3 60kaps 1000mg ZDROWE SERCE TRAN,https://allegro.pl/oferta/olimp-omega-3-60kaps-1000mg-zdrowe-serce-tran-7234503028,17,22,0.0
zdrowie,Suplementy diety,Witamina D3,D-VITUM FORTE D3 K2 MK7 D 2000 IU 50mcg 120 kaps,https://allegro.pl/oferta/d-vitum-forte-d3-k2-mk7-d-2000-iu-50mcg-120-kaps-9163261645,52,92,8.0
zdrowie,Suplementy diety,Witamina D3,OLIMP GOLD-VIT D3+K2 SPORT EDITION 60kaps WITAMINY,https://allegro.pl/oferta/olimp-gold-vit-d3-k2-sport-edition-60kaps-witaminy-7836291739,40,116,10.0
zdrowie,Suplementy diety,Witamina D3,BIOARON NAJLEPSZA WITAMINA D KROPLE TWIST-OFF x 90,https://allegro.pl/oferta/bioaron-najlepsza-witamina-d-krople-twist-off-x-90-9204532365,13,3,0.0
zdrowie,Suplementy diety,Witamina D3,WITAMINA D3 4000IU FORTE +K2 MK7 100mcg - 120 kaps,https://allegro.pl/oferta/witamina-d3-4000iu-forte-k2-mk7-100mcg-120-kaps-7174829327,109,28,2.0
zdrowie,Suplementy diety,Witamina D3,Nature.PRO Witamina D3 10000 IU 180 tabletek,https://allegro.pl/oferta/nature-pro-witamina-d3-10000-iu-180-tabletek-8213948625,29,30,2.0
zdrowie,Suplementy diety,Ashwaganda,KFD ASHWAGANDHA 66+ FORTE - 180 TABLETEK,https://allegro.pl/oferta/kfd-ashwagandha-66-forte-180-tabletek-7591907119,27,736,10.0
zdrowie,Suplementy diety,Ashwaganda,OstroVit Ashwagandha VEGE 60 caps 700mg MEGA SILNA,https://allegro.pl/oferta/ostrovit-ashwagandha-vege-60-caps-700mg-mega-silna-8438499224,19,551,7.0
zdrowie,Suplementy diety,Ashwaganda,SWANSON ASHWAGANDHA ¿eñ-szeñ indyjski STRES PAMIÊÆ,https://allegro.pl/oferta/swanson-ashwagandha-zen-szen-indyjski-stres-pamiec-6564669473,18,329,0.0
zdrowie,Suplementy diety,Ashwaganda,OLIMP Ashwagandha 600mg 60kap ¯EÑ-SZEÑ INDYJSKI,https://allegro.pl/oferta/olimp-ashwagandha-600mg-60kap-zen-szen-indyjski-6934425701,28,188,3.0
zdrowie,Suplementy diety,Ashwaganda,KFD RÓ¯ENIEC GÓRSKI (RHODIOLA ROSEA) -90 TABLETEK,https://allegro.pl/oferta/kfd-rozeniec-gorski-rhodiola-rosea-90-tabletek-8546418320,29,186,0.0
zdrowie,Urz¹dzenia medyczne,Inhalatory,INHALATOR NEBULIZATOR KOMPRESOROWY 2xMASKA,https://allegro.pl/oferta/inhalator-nebulizator-kompresorowy-2xmaska-7017054447,68,350,10.0
zdrowie,Urz¹dzenia medyczne,Inhalatory,Microlife inhalator NEB 100B nebulizator,https://allegro.pl/oferta/microlife-inhalator-neb-100b-nebulizator-7274560552,109,142,4.0
zdrowie,Urz¹dzenia medyczne,Inhalatory,Waporyzator Hecig Casper Trio 3w1 Susz+Wosk,https://allegro.pl/oferta/waporyzator-hecig-casper-trio-3w1-susz-wosk-9099737649,147,6,0.0
zdrowie,Urz¹dzenia medyczne,Inhalatory,ORYG. ZAB£OCKA MGIE£KA SOLANKOWA 950 ML INHALATOR,https://allegro.pl/oferta/oryg-zablocka-mgielka-solankowa-950-ml-inhalator-6018219308,10,197,6.0
zdrowie,Urz¹dzenia medyczne,Inhalatory,INHALATOR NEBULIZATOR TECH-MED MA£Y CICHY PODRÓ¯NY,https://allegro.pl/oferta/inhalator-nebulizator-tech-med-maly-cichy-podrozny-7124769986,69,42,1.0
zdrowie,Urz¹dzenia medyczne,Termometry,TERMOMETR BEZDOTYKOWY - LEKARSKI - NA PODCZERWIEÑ,https://allegro.pl/oferta/termometr-bezdotykowy-lekarski-na-podczerwien-9141945991,199,71,9.0
zdrowie,Urz¹dzenia medyczne,Termometry,Medyczny bezdotykowy termometr na czo³o,https://allegro.pl/oferta/medyczny-bezdotykowy-termometr-na-czolo-9098503776,238,22,2.0
zdrowie,Urz¹dzenia medyczne,Termometry,Termometr na podczerwieñ bezdotykowy SMART SENSOR,https://allegro.pl/oferta/termometr-na-podczerwien-bezdotykowy-smart-sensor-9185642868,129,77,10.0
zdrowie,Urz¹dzenia medyczne,Termometry,Termometr bezdotykowy medyczny SANITAS 6w1 SFT 77,https://allegro.pl/oferta/termometr-bezdotykowy-medyczny-sanitas-6w1-sft-77-9212528005,179,33,0.0
zdrowie,Urz¹dzenia medyczne,Termometry,TERMOMETR BEZDOTYKOWY NA PODCZERWIEÑ SHENGDE T-180,https://allegro.pl/oferta/termometr-bezdotykowy-na-podczerwien-shengde-t-180-9168572897,153,5,4.0
zdrowie,Urz¹dzenia medyczne,Aparaty s³uchowe,Aparat S³uchowy Herz Medical Akumulator 4lata Gwar,https://allegro.pl/oferta/aparat-sluchowy-herz-medical-akumulator-4lata-gwar-9083835601,169,220,10.0
zdrowie,Urz¹dzenia medyczne,Aparaty s³uchowe,APARAT s³uchowy HerzMedical gratis 4lata GWARANCJI,https://allegro.pl/oferta/aparat-sluchowy-herzmedical-gratis-4lata-gwarancji-9082289792,129,82,3.0
zdrowie,Urz¹dzenia medyczne,Aparaty s³uchowe,APARAT S£UCHOWY WZMACNIACZ AKUMULATOR GEHOR,https://allegro.pl/oferta/aparat-sluchowy-wzmacniacz-akumulator-gehor-6891763184,109,34,1.0
zdrowie,Urz¹dzenia medyczne,Aparaty s³uchowe,PROFESJONALNY Aparat S³uchowy Na Akumulator HIT TV,https://allegro.pl/oferta/profesjonalny-aparat-sluchowy-na-akumulator-hit-tv-7945765228,59,42,1.0
zdrowie,Urz¹dzenia medyczne,Aparaty s³uchowe,PROFESJONALNY Aparat S³uchowy Akumulator 2 SZTUKI,https://allegro.pl/oferta/profesjonalny-aparat-sluchowy-akumulator-2-sztuki-8125680072,99,17,0.0
zdrowie,Urz¹dzenia medyczne,Ciœnieniomierze,CIŒNIENIOMIERZ NARAMIENNY TECH-MED TMA-10 ARYTMIA,https://allegro.pl/oferta/cisnieniomierz-naramienny-tech-med-tma-10-arytmia-7794884994,99,792,10.0
zdrowie,Urz¹dzenia medyczne,Ciœnieniomierze,NARAMIENNY CIŒNIENIOMIERZ ELEKTRONICZNY ARYTMIA,https://allegro.pl/oferta/naramienny-cisnieniomierz-elektroniczny-arytmia-8900069269,84,391,2.0
zdrowie,Urz¹dzenia medyczne,Ciœnieniomierze,NARAMIENNY CIŒNIENIOMIERZ ELEKTRONICZNY ARYTMIA,https://allegro.pl/oferta/naramienny-cisnieniomierz-elektroniczny-arytmia-7007968729,79,340,1.0
zdrowie,Urz¹dzenia medyczne,Ciœnieniomierze,CIŒNIENIOMIERZ NARAMIENNY LCD ESPARANZA VITALITY,https://allegro.pl/oferta/cisnieniomierz-naramienny-lcd-esparanza-vitality-6036490986,49,298,0.0
zdrowie,Urz¹dzenia medyczne,Ciœnieniomierze,ORO-MED POLSKI CIŒNIENIOMIERZ NADGARSTKOWY ARYTMIA,https://allegro.pl/oferta/oro-med-polski-cisnieniomierz-nadgarstkowy-arytmia-7489252732,61,352,1.0
zdrowie,Medycyna naturalna,Zio³a lecznicze,OSTROPEST PLAMISTY mielony œwie¿y POLSKI 1kg 1000g,https://allegro.pl/oferta/ostropest-plamisty-mielony-swiezy-polski-1kg-1000g-6111336972,8,184,5.0
zdrowie,Medycyna naturalna,Zio³a lecznicze,Zdrowotne Zio³a Szwedzkie Marii Treben ORYGINALNE,https://allegro.pl/oferta/zdrowotne-ziola-szwedzkie-marii-treben-oryginalne-7511919092,23,278,10.0
zdrowie,Medycyna naturalna,Zio³a lecznicze,Najzdrowsza herbata! MORINGA OLEIFERA Liœcie 250g,https://allegro.pl/oferta/najzdrowsza-herbata-moringa-oleifera-liscie-250g-7014011608,17,74,0.0
zdrowie,Medycyna naturalna,Zio³a lecznicze,Lukrecja korzeñ lukrecji -Zio³a-200g-Dary Podlasia,https://allegro.pl/oferta/lukrecja-korzen-lukrecji-ziola-200g-dary-podlasia-8476304821,9,209,7.0
zdrowie,Medycyna naturalna,Zio³a lecznicze,EKOLOGICZNY OSTROPEST PLAMISTY MIELONY 1kg,https://allegro.pl/oferta/ekologiczny-ostropest-plamisty-mielony-1kg-9135431648,5,99,1.0
zdrowie,Medycyna naturalna,Kremy i maœci naturalne,Aloe Vera Gel ¯el Aloesowy Wielozadaniowy 250ml,https://allegro.pl/oferta/aloe-vera-gel-zel-aloesowy-wielozadaniowy-250ml-7663624047,14,217,10.0
zdrowie,Medycyna naturalna,Kremy i maœci naturalne,Maœæ terapeutyczna Medi Balm - 100 ml,https://allegro.pl/oferta/masc-terapeutyczna-medi-balm-100-ml-9153857775,99,92,2.0
zdrowie,Medycyna naturalna,Kremy i maœci naturalne,LANOLINA BEZWODNA FARMACEUTYCZNA CZYSTA 200g,https://allegro.pl/oferta/lanolina-bezwodna-farmaceutyczna-czysta-200g-8113716585,22,132,5.0
zdrowie,Medycyna naturalna,Kremy i maœci naturalne,KOÑSKA MAŒÆ ROZGRZEWAJ¥CA SZWAJCARSKA HERBAMEDICUS,https://allegro.pl/oferta/konska-masc-rozgrzewajaca-szwajcarska-herbamedicus-8867721340,32,55,0.0
zdrowie,Medycyna naturalna,Kremy i maœci naturalne,MAŒÆ NAGIETKOWA 250ml UCZELENIE i Nawil¿enie,https://allegro.pl/oferta/masc-nagietkowa-250ml-uczelenie-i-nawilzenie-8374250630,9,116,4.0
zdrowie,Medycyna naturalna,Olejki eteryczne,ZESTAW 10 DOSKONA£YCH OLEJKÓW ETERYCZNYCH 100% !,https://allegro.pl/oferta/zestaw-10-doskonalych-olejkow-eterycznych-100-8971318828,69,103,0.0
zdrowie,Medycyna naturalna,Olejki eteryczne,Olejek eteryczny z drzewa herbacianego,https://allegro.pl/oferta/olejek-eteryczny-z-drzewa-herbacianego-7849871430,6,219,10.0
zdrowie,Medycyna naturalna,Olejki eteryczne,Olejek Z³odziei 100% Bakterie Infekcje WIRUSY 20ml,https://allegro.pl/oferta/olejek-zlodziei-100-bakterie-infekcje-wirusy-20ml-9077770451,34,132,2.0
zdrowie,Medycyna naturalna,Olejki eteryczne,OLEJEK Z DRZEWA HERBACIANEGO 100% NATURALNY,https://allegro.pl/oferta/olejek-z-drzewa-herbacianego-100-naturalny-8988681904,7,157,5.0
zdrowie,Medycyna naturalna,Olejki eteryczne,OLEJEK ETERYCZNY LAWENDOWY 100% NATURALNY,https://allegro.pl/oferta/olejek-eteryczny-lawendowy-100-naturalny-8981338614,7,181,7.0
zdrowie,Medycyna naturalna,Oleje roœlinne,Olej ¿ywokostowy z gojnikiem 100ml ¿ywokost gojnik,https://allegro.pl/oferta/olej-zywokostowy-z-gojnikiem-100ml-zywokost-gojnik-7012188762,11,258,10.0
zdrowie,Medycyna naturalna,Oleje roœlinne,Olej ¿ywokostowy z gojnikiem 100ml ¿ywokost ASTRON,https://allegro.pl/oferta/olej-zywokostowy-z-gojnikiem-100ml-zywokost-astron-8026281200,11,169,6.0
zdrowie,Medycyna naturalna,Oleje roœlinne,Olej lniany LenVitol budwigowy 1000ml omega 3 i 6,https://allegro.pl/oferta/olej-lniany-lenvitol-budwigowy-1000ml-omega-3-i-6-5018550903,43,42,0.0
zdrowie,Medycyna naturalna,Oleje roœlinne,OLEJ ¯YWOKOSTOWY Z GOJNIKIEM - gojnik i ¿ywokost,https://allegro.pl/oferta/olej-zywokostowy-z-gojnikiem-gojnik-i-zywokost-6778076938,11,56,1.0
zdrowie,Medycyna naturalna,Oleje roœlinne,Olej ¿ywokostowy z gojnikiem 100ml ¿ywokost gojnik,https://allegro.pl/oferta/olej-zywokostowy-z-gojnikiem-100ml-zywokost-gojnik-8026283834,11,44,0.0
zdrowie,Dermokosmetyki,Dermokosmetyki do twarzy,AVENE CLEANANCE HYDRA KREM + CICALFATE UST BALSAM,https://allegro.pl/oferta/avene-cleanance-hydra-krem-cicalfate-ust-balsam-8434173365,49,103,4.0
zdrowie,Dermokosmetyki,Dermokosmetyki do twarzy,BIODERMA SENSIBIO H2O P£YN MICELARNY 500ML DOZOWNI,https://allegro.pl/oferta/bioderma-sensibio-h2o-plyn-micelarny-500ml-dozowni-8686147920,37,141,3.0
zdrowie,Dermokosmetyki,Dermokosmetyki do twarzy,AVENE COLD CREAM Krem 40ml,https://allegro.pl/oferta/avene-cold-cream-krem-40ml-8517079466,19,0,2.0
zdrowie,Dermokosmetyki,Dermokosmetyki do twarzy,La roche EFFACLAR DUO[+] KREM 40ml,https://allegro.pl/oferta/la-roche-effaclar-duo-krem-40ml-9055887579,49,83,10.0
zdrowie,Dermokosmetyki,Dermokosmetyki do twarzy,BIODERMA SENSIBIO H2O P£YN MICELARNY 500ml,https://allegro.pl/oferta/bioderma-sensibio-h2o-plyn-micelarny-500ml-8298195104,42,283,0.0
zdrowie,Dermokosmetyki,Dermokosmetyki do cia³a,ETIAXIL STRONG ANTYPERSPIRANT ROLL-ON,https://allegro.pl/oferta/etiaxil-strong-antyperspirant-roll-on-8601910256,23,355,10.0
zdrowie,Dermokosmetyki,Dermokosmetyki do cia³a,CREMOBAZA 50% KREM Z MOCZNIKIEM NA ZROGOWACENIA 30,https://allegro.pl/oferta/cremobaza-50-krem-z-mocznikiem-na-zrogowacenia-30-7588253220,16,275,7.0
zdrowie,Dermokosmetyki,Dermokosmetyki do cia³a,BIO OIL OLEJEK PRZECIW ROZSTÊPOM 200 ML,https://allegro.pl/oferta/bio-oil-olejek-przeciw-rozstepom-200-ml-7918122688,49,307,8.0
zdrowie,Dermokosmetyki,Dermokosmetyki do cia³a,BIODERMA ATODERM INTENSIVE GEL MOUSSANT ¯EL 1000ml,https://allegro.pl/oferta/bioderma-atoderm-intensive-gel-moussant-zel-1000ml-9192959778,69,37,0.0
zdrowie,Dermokosmetyki,Dermokosmetyki do cia³a,ETIAXIL COMFORT ROLL-ON 15 ML,https://allegro.pl/oferta/etiaxil-comfort-roll-on-15-ml-8601882536,23,139,3.0
zdrowie,Dermokosmetyki,Kuracje do w³osów,VITAPIL PROFESJONALNY LOTION NA WYPADANIE W£OSÓW 1,https://allegro.pl/oferta/vitapil-profesjonalny-lotion-na-wypadanie-wlosow-1-8652385891,27,22,10.0
zdrowie,Dermokosmetyki,Kuracje do w³osów,HAIRGEN Spray ³ysienie  wypadanie  porost w³osów,https://allegro.pl/oferta/hairgen-spray-lysienie-wypadanie-porost-wlosow-9098642659,79,20,9.0
zdrowie,Dermokosmetyki,Kuracje do w³osów,DUCRAY CREASTIM P£YN PRZECIW WYPADANIU W£OSÓW 2X30,https://allegro.pl/oferta/ducray-creastim-plyn-przeciw-wypadaniu-wlosow-2x30-8541730752,119,10,5.0
zdrowie,Dermokosmetyki,Kuracje do w³osów,REVITALASH Hair PIANKA STYMULUJ¥CA POROST W£OSÓW,https://allegro.pl/oferta/revitalash-hair-pianka-stymulujaca-porost-wlosow-8932859037,489,1,0.0
zdrowie,Dermokosmetyki,Kuracje do w³osów,MonRin Koncentrat energetyzuj¹cy 60ml - wypadanie,https://allegro.pl/oferta/monrin-koncentrat-energetyzujacy-60ml-wypadanie-9215868355,73,0,0.0
zdrowie,Dermokosmetyki,Makija¿,AVENE COUVRANCE PUDER MOZAIKOWY ZDROWY BLASK 10G,https://allegro.pl/oferta/avene-couvrance-puder-mozaikowy-zdrowy-blask-10g-8920357146,80,0,0.0
zdrowie,Dermokosmetyki,Makija¿,VICHY DERMABLEND NUDE 25 FLUID KORYGUJ¥CY 30ml,https://allegro.pl/oferta/vichy-dermablend-nude-25-fluid-korygujacy-30ml-8694264209,95,8,10.0
zdrowie,Dermokosmetyki,Makija¿,AVENE COUVRANCE PUDER MOZAIKOWY TRANSPARENTNY 10G,https://allegro.pl/oferta/avene-couvrance-puder-mozaikowy-transparentny-10g-8523523814,84,2,2.0
zdrowie,Dermokosmetyki,Makija¿,AVENE SUN PODK£AD OCHRONNY W KOMPAKCIE SPF50 MIODO,https://allegro.pl/oferta/avene-sun-podklad-ochronny-w-kompakcie-spf50-miodo-8871102003,73,0,0.0
zdrowie,Dermokosmetyki,Makija¿,PHARMACERIS F fluid ochronno-koryguj¹cy SPF50+ 01,https://allegro.pl/oferta/pharmaceris-f-fluid-ochronno-korygujacy-spf50-01-9117999868,33,7,9.0
zdrowie,Erotyka,Akcesoria erotyczne,WIBRATOR DO WAGINY I £ECHTACZKI 30 SEX PROGRAMÓW,https://allegro.pl/oferta/wibrator-do-waginy-i-lechtaczki-30-sex-programow-8879159080,24,1609,10.0
zdrowie,Erotyka,Akcesoria erotyczne,DMUCHANY FOTEL z Wibratorem Solidna Pufa z Penisem,https://allegro.pl/oferta/dmuchany-fotel-z-wibratorem-solidna-pufa-z-penisem-9153241457,120,10,0.0
zdrowie,Erotyka,Akcesoria erotyczne,CYBER SEX LALKA MEGA REALISTYCZNA PE£NA CYBERSKÓRA,https://allegro.pl/oferta/cyber-sex-lalka-mega-realistyczna-pelna-cyberskora-8909914462,1399,12,0.0
zdrowie,Erotyka,Akcesoria erotyczne,SEX GAD¯ET UPRZ¥¯ KAJDANKI DO RÓ¯NYCH SEX POZYCJI,https://allegro.pl/oferta/sex-gadzet-uprzaz-kajdanki-do-roznych-sex-pozycji-8876016113,29,389,2.0
zdrowie,Erotyka,Akcesoria erotyczne,NAK£ADKA PRZED£U¯KA PENISA Powiêksza do XXL,https://allegro.pl/oferta/nakladka-przedluzka-penisa-powieksza-do-xxl-8954777975,39,140,1.0
zdrowie,Erotyka,Bielizna i odzie¿ erotyczna,BODYSTOCKING ZMYS£OWY KOMBINEZON EROTYCZNY DLA PAÑ,https://allegro.pl/oferta/bodystocking-zmyslowy-kombinezon-erotyczny-dla-pan-8920759992,39,192,10.0
zdrowie,Erotyka,Bielizna i odzie¿ erotyczna,Seksowna bielizna erotyczna body S/M/L Sexy oczka,https://allegro.pl/oferta/seksowna-bielizna-erotyczna-body-s-m-l-sexy-oczka-7155473131,44,19,0.0
zdrowie,Erotyka,Bielizna i odzie¿ erotyczna,NIEPRZYZWOITE BODY z ZAMECZKIEM GOLE CYCUSZKI,https://allegro.pl/oferta/nieprzyzwoite-body-z-zameczkiem-gole-cycuszki-7281285375,49,19,0.0
zdrowie,Erotyka,Bielizna i odzie¿ erotyczna,BODYSTOCKING OBCIS£E BODY PONÊTNY STRÓJ DO SEKSU,https://allegro.pl/oferta/bodystocking-obcisle-body-ponetny-stroj-do-seksu-8920817498,39,46,2.0
zdrowie,Erotyka,Bielizna i odzie¿ erotyczna,SEKSOWNY KOMPLET BIELIZNA EROTYCZNA STANIK KORONKA,https://allegro.pl/oferta/seksowny-komplet-bielizna-erotyczna-stanik-koronka-7790020437,19,40,1.0
zdrowie,Erotyka,Prezerwatywy,DUREX prezerwatywy Fun Explosion 40 szt MIX ZESTAW,https://allegro.pl/oferta/durex-prezerwatywy-fun-explosion-40-szt-mix-zestaw-8875569585,59,2452,10.0
zdrowie,Erotyka,Prezerwatywy,PREZERWATYWY PASANTE MIX 100 SZTUK - 5 RODZAJÓW,https://allegro.pl/oferta/prezerwatywy-pasante-mix-100-sztuk-5-rodzajow-8312553002,40,520,2.0
zdrowie,Erotyka,Prezerwatywy,DUREX prezerwatywy 40 szt Fetherlite UltraThin,https://allegro.pl/oferta/durex-prezerwatywy-40-szt-fetherlite-ultrathin-8875568046,59,462,2.0
zdrowie,Erotyka,Prezerwatywy,DUREX Intense ¿el nak³adka mini wibrator GRATIS,https://allegro.pl/oferta/durex-intense-zel-nakladka-mini-wibrator-gratis-8903580468,125,76,0.0
zdrowie,Erotyka,Prezerwatywy,DUREX INTENSE ORGASMIC PREZERWATYWY 16SZT NAK£ADKA,https://allegro.pl/oferta/durex-intense-orgasmic-prezerwatywy-16szt-nakladka-8315361704,49,50,0.0
zdrowie,Erotyka,Kajdanki,ZESTAW BDSM - KAJDANKI KNEBEL PEJCZ OBRO¯A ZACISKI,https://allegro.pl/oferta/zestaw-bdsm-kajdanki-knebel-pejcz-obroza-zaciski-8961627190,44,225,10.0
zdrowie,Erotyka,Kajdanki,KAJDANKI + KNEBEL - PO£¥CZONE RAZEM DO ZNIEWOLENIA,https://allegro.pl/oferta/kajdanki-knebel-polaczone-razem-do-zniewolenia-8875487691,19,102,4.0
zdrowie,Erotyka,Kajdanki,SZTYWNA ROZPÓRKA NA RÊCE I NOGI  OSTRY SEX,https://allegro.pl/oferta/sztywna-rozporka-na-rece-i-nogi-ostry-sex-7945634607,39,22,0.0
zdrowie,Erotyka,Kajdanki,DU¯Y ZESTAW BDSM KAJDANKI KNEBEL PEJCZ ZACISKI,https://allegro.pl/oferta/duzy-zestaw-bdsm-kajdanki-knebel-pejcz-zaciski-9025477869,49,122,5.0
zdrowie,Erotyka,Kajdanki,KAJDANKI NA RÊCE I NOGI Z METALOW¥ ROZPÓRK¥,https://allegro.pl/oferta/kajdanki-na-rece-i-nogi-z-metalowa-rozporka-9081144488,49,40,1.0
