dom_i_ogrod,Wyposa瞠nie,Dywany i dywaniki,DYWAN 180x250 CANVAS BCF MI艼KI WΜS PLUSZOWY,https://allegro.pl/oferta/dywan-180x250-canvas-bcf-miekki-wlos-pluszowy-6865732433,129,377,5.0,0.0
dom_i_ogrod,Wyposa瞠nie,Dywany i dywaniki,DYWAN 160x220 CANVAS BCF MI艼KI WΜS PLUSZOWY,https://allegro.pl/oferta/dywan-160x220-canvas-bcf-miekki-wlos-pluszowy-7531967910,98,508,9.0,3.0
dom_i_ogrod,Wyposa瞠nie,Dywany i dywaniki,Mi璚iutki Wysoki Dywan Pluszowy 140x200 PLUSZ,https://allegro.pl/oferta/mieciutki-wysoki-dywan-pluszowy-140x200-plusz-8654297089,89,189,1.0,3.0
dom_i_ogrod,Wyposa瞠nie,Dywany i dywaniki,DYWAN 120x170 CANVAS BCF MI艼KI WΜS PLUSZOWY,https://allegro.pl/oferta/dywan-120x170-canvas-bcf-miekki-wlos-pluszowy-7531966257,69,569,10.0,5.0
dom_i_ogrod,Wyposa瞠nie,Dywany i dywaniki,ZEWN邛RZNA Sztuczna Trawa MI艼KA Grass na Balkon,https://allegro.pl/oferta/zewnetrzna-sztuczna-trawa-miekka-grass-na-balkon-6276729801,11,153,0.0,10.0
dom_i_ogrod,Wyposa瞠nie,Poiele i koce,POIEL 160x200 +2 POSZEWKI KOMPLET DWUSTRONNA 3D,https://allegro.pl/oferta/posciel-160x200-2-poszewki-komplet-dwustronna-3d-8585343135,39,575,0.0,3.0
dom_i_ogrod,Wyposa瞠nie,Poiele i koce,DWUSTRONNA NARZUTA NA �涔O PIKOWANA 160x200 KOC,https://allegro.pl/oferta/dwustronna-narzuta-na-lozko-pikowana-160x200-koc-8209429898,40,815,1.0,3.0
dom_i_ogrod,Wyposa瞠nie,Poiele i koce,PRZEIERADΜ JERSEY Z GUMK� 160x200 cm GRUBE,https://allegro.pl/oferta/przescieradlo-jersey-z-gumka-160x200-cm-grube-5961740019,21,2347,10.0,7.0
dom_i_ogrod,Wyposa瞠nie,Poiele i koce,POIEL BAWEΛA 160X200 2 POSZEWKI + PRZEIERADΜ,https://allegro.pl/oferta/posciel-bawelna-160x200-2-poszewki-przescieradlo-9045115858,54,801,1.0,0.0
dom_i_ogrod,Wyposa瞠nie,Poiele i koce,Poszewka na jaa 40x40 - Na Poduszk� Du穎 Wzor闚,https://allegro.pl/oferta/poszewka-na-jaska-40x40-na-poduszke-duzo-wzorow-7559173353,6,1036,3.0,10.0
dom_i_ogrod,Wyposa瞠nie,Zas這ny,MATOWE ZASΜNY GOTOWE na przelotkach 145x250 K茛KA,https://allegro.pl/oferta/matowe-zaslony-gotowe-na-przelotkach-145x250-kolka-7146753058,29,1125,9.0,10.0
dom_i_ogrod,Wyposa瞠nie,Zas這ny,GOTOWE ZASΜNY ZACIEMNIAJ丘E GRUBE K茛KA PRZELOTKI,https://allegro.pl/oferta/gotowe-zaslony-zaciemniajace-grube-kolka-przelotki-9104306822,54,176,1.0,2.0
dom_i_ogrod,Wyposa瞠nie,Zas這ny,MATOWE ZASΜNY GOTOWE NA 涉BKI 145x250 NA TAIE,https://allegro.pl/oferta/matowe-zaslony-gotowe-na-zabki-145x250-na-tasmie-7830599372,29,1048,9.0,10.0
dom_i_ogrod,Wyposa瞠nie,Zas這ny,GOTOWE ZASΜNY NA 涉BKI 140x250 ZASΜNA NA TAIE,https://allegro.pl/oferta/gotowe-zaslony-na-zabki-140x250-zaslona-na-tasmie-7825913759,32,1193,10.0,9.0
dom_i_ogrod,Wyposa瞠nie,Zas這ny,GOTOWE ZASΜNY ZACIEMNIAJ丘E GRUBE NA 涉BKI TAIE,https://allegro.pl/oferta/gotowe-zaslony-zaciemniajace-grube-na-zabki-tasmie-9106547891,59,109,0.0,0.0
dom_i_ogrod,Wyposa瞠nie,R璚zniki,KOMPLET R犴ZNIK紟 FROTE 6x 50X100cm R犴ZNIKI GRUBE,https://allegro.pl/oferta/komplet-recznikow-frote-6x-50x100cm-reczniki-grube-9124545639,44,583,10.0,10.0
dom_i_ogrod,Wyposa瞠nie,R璚zniki,4szt KOMPLET R犴ZNIK紟 PIRUU 2x 70x140 + 2x 50x100,https://allegro.pl/oferta/4szt-komplet-recznikow-piruu-2x-70x140-2x-50x100-7464231851,45,419,7.0,9.0
dom_i_ogrod,Wyposa瞠nie,R璚zniki,4 x KOMPLET R犴ZNIK紟 2x 70x140 2x 50x100 R犴ZNIKI,https://allegro.pl/oferta/4-x-komplet-recznikow-2x-70x140-2x-50x100-reczniki-7981986715,48,84,1.0,7.0
dom_i_ogrod,Wyposa瞠nie,R璚zniki,KOMPLET R犴ZNIKI BAWEΛIANE 2x 70x140 + 2x 50x100,https://allegro.pl/oferta/komplet-reczniki-bawelniane-2x-70x140-2x-50x100-9086865738,59,26,0.0,0.0
dom_i_ogrod,Wyposa瞠nie,R璚zniki,KOMPLET R犴ZNIK紟 4szt 2x 70x140 2x 50x90 R犴ZNIKI,https://allegro.pl/oferta/komplet-recznikow-4szt-2x-70x140-2x-50x90-reczniki-7682240503,54,285,5.0,3.0
dom_i_ogrod,Wyposa瞠nie,Garnki i patelnie,Komplet garnk闚 Konighoffer Tasos 8 el. indukcja,https://allegro.pl/oferta/komplet-garnkow-konighoffer-tasos-8-el-indukcja-9122475792,159,164,0.0,4.0
dom_i_ogrod,Wyposa瞠nie,Garnki i patelnie,Komplet 3 patelnie granitowe Konighoffer 20/24/28,https://allegro.pl/oferta/komplet-3-patelnie-granitowe-konighoffer-20-24-28-8039962208,114,464,10.0,8.0
dom_i_ogrod,Wyposa瞠nie,Garnki i patelnie,GARNKI HOFFNER ZESTAW 12el INDUKCJA GAZ 5xDNO 4450,https://allegro.pl/oferta/garnki-hoffner-zestaw-12el-indukcja-gaz-5xdno-4450-8002308316,213,217,2.0,0.0
dom_i_ogrod,Wyposa瞠nie,Garnki i patelnie,KOMPLET GARNK紟 12e Zestaw GARNKI Patelnia TW 191,https://allegro.pl/oferta/komplet-garnkow-12e-zestaw-garnki-patelnia-tw-191-7698412708,104,240,3.0,8.0
dom_i_ogrod,Wyposa瞠nie,Garnki i patelnie,Komplet garnk闚 stal Tadar Kaja 8 el. indukcja,https://allegro.pl/oferta/komplet-garnkow-stal-tadar-kaja-8-el-indukcja-8343221862,84,193,1.0,10.0
dom_i_ogrod,Wyposa瞠nie,Zastawa sto這wa,Serwis komplet talerzy porcelana Delicate 18 el.,https://allegro.pl/oferta/serwis-komplet-talerzy-porcelana-delicate-18-el-8219013988,74,76,0.0,8.0
dom_i_ogrod,Wyposa瞠nie,Zastawa sto這wa,SZTU釀E KOMPLET ZESTAW SZTU釀紟 48 el DLA 12 OS笅,https://allegro.pl/oferta/sztucce-komplet-zestaw-sztuccow-48-el-dla-12-osob-7899666493,39,186,3.0,10.0
dom_i_ogrod,Wyposa瞠nie,Zastawa sto這wa,SZKLANKI TERMICZNE 350ML DO KAWY LATTE ZESTAW 6SZT,https://allegro.pl/oferta/szklanki-termiczne-350ml-do-kawy-latte-zestaw-6szt-9105477398,75,505,10.0,8.0
dom_i_ogrod,Wyposa瞠nie,Zastawa sto這wa,Zestaw Obiadowy Serwis EPIRI 18el Talerz KWADRAT,https://allegro.pl/oferta/zestaw-obiadowy-serwis-epiri-18el-talerz-kwadrat-7779187607,199,94,0.0,0.0
dom_i_ogrod,Wyposa瞠nie,Zastawa sto這wa,Serwis obiadowy zestaw Bormioli Rocco Prometeo 18,https://allegro.pl/oferta/serwis-obiadowy-zestaw-bormioli-rocco-prometeo-18-8567076627,89,113,1.0,7.0
dom_i_ogrod,Wyposa瞠nie,Przybory kuchenne,ORGANIZER NA POJEMNIKI P茛KA DO SZAFKI KUCHNI,https://allegro.pl/oferta/organizer-na-pojemniki-polka-do-szafki-kuchni-9047309070,31,58,0.0,10.0
dom_i_ogrod,Wyposa瞠nie,Przybory kuchenne,Komplet garnk闚 Konighoffer Tasos 8 el. indukcja,https://allegro.pl/oferta/komplet-garnkow-konighoffer-tasos-8-el-indukcja-9122475792,159,164,3.0,3.0
dom_i_ogrod,Wyposa瞠nie,Przybory kuchenne,KAMIE� DO PIECZENIA PIZZY CHLEBA + ΜPATKA deska,https://allegro.pl/oferta/kamien-do-pieczenia-pizzy-chleba-lopatka-deska-7093580476,61,172,3.0,8.0
dom_i_ogrod,Wyposa瞠nie,Przybory kuchenne,Komplet 3 patelnie granitowe Konighoffer 20/24/28,https://allegro.pl/oferta/komplet-3-patelnie-granitowe-konighoffer-20-24-28-8039962208,114,464,10.0,5.0
dom_i_ogrod,Wyposa瞠nie,Przybory kuchenne,GARNKI HOFFNER ZESTAW 12el INDUKCJA GAZ 5xDNO 4450,https://allegro.pl/oferta/garnki-hoffner-zestaw-12el-indukcja-gaz-5xdno-4450-8002308316,213,217,4.0,0.0
dom_i_ogrod,Wyposa瞠nie,Zabawne gad瞠ty,Dzie� Mamy Matki prezent DYPLOM Tabliczka,https://allegro.pl/oferta/dzien-mamy-matki-prezent-dyplom-tabliczka-9175853591,29,19,1.0,10.0
dom_i_ogrod,Wyposa瞠nie,Zabawne gad瞠ty,Drewniana DONICZKA prezent na Dzie� Matki MAMY,https://allegro.pl/oferta/drewniana-doniczka-prezent-na-dzien-matki-mamy-9193810346,29,93,10.0,10.0
dom_i_ogrod,Wyposa瞠nie,Zabawne gad瞠ty,Zestaw prezent dzie� mamy taty mi鏚 herbata ciastk,https://allegro.pl/oferta/zestaw-prezent-dzien-mamy-taty-miod-herbata-ciastk-9211175843,59,19,1.0,7.0
dom_i_ogrod,Wyposa瞠nie,Zabawne gad瞠ty,PREZENT NA DZIE� MAMY DONICZKA NA KWIATY + GRATIS,https://allegro.pl/oferta/prezent-na-dzien-mamy-doniczka-na-kwiaty-gratis-9214081182,29,31,2.0,10.0
dom_i_ogrod,Wyposa瞠nie,Zabawne gad瞠ty,AERATOR DO WINA prezent NIEJ KOBIETY DZIEWCZYNY,https://allegro.pl/oferta/aerator-do-wina-prezent-niej-kobiety-dziewczyny-7695363505,129,14,0.0,0.0
dom_i_ogrod,Wyposa瞠nie,Akcesoria 豉zienkowe,TWARDA DESKA WC SEDESOWA WOLNOOPADAJ丘A WYPINANA !,https://allegro.pl/oferta/twarda-deska-wc-sedesowa-wolnoopadajaca-wypinana-6321765554,51,620,10.0,9.0
dom_i_ogrod,Wyposa瞠nie,Akcesoria 豉zienkowe,MOBILNA SZAFKA REGA� NA K茛KACH P茛KA ｘZIENKOWA,https://allegro.pl/oferta/mobilna-szafka-regal-na-kolkach-polka-lazienkowa-7896493143,40,295,4.0,10.0
dom_i_ogrod,Wyposa瞠nie,Akcesoria 豉zienkowe,KOSZ NA PRANIE Z BAMBUSA NATURALNY POJEMNIK 100 L,https://allegro.pl/oferta/kosz-na-pranie-z-bambusa-naturalny-pojemnik-100-l-8455623231,63,231,3.0,8.0
dom_i_ogrod,Wyposa瞠nie,Akcesoria 豉zienkowe,Owca/Baran Stojak/Wieszak D na papier toaletowy,https://allegro.pl/oferta/owca-baran-stojak-wieszak-d-na-papier-toaletowy-8996113817,149,30,0.0,0.0
dom_i_ogrod,Wyposa瞠nie,Akcesoria 豉zienkowe,DU玆 KOSZ NA PRANI� BIELIZN� UCHWYTY RATTAN 55L,https://allegro.pl/oferta/duzy-kosz-na-pranie-bielizne-uchwyty-rattan-55l-7389524235,39,81,1.0,10.0
dom_i_ogrod,Narz璠zia,Wkr皻arki,WIERTARKO-WKR邛ARKA AKUMULATOROWA 18V 2xAK WALIZKA,https://allegro.pl/oferta/wiertarko-wkretarka-akumulatorowa-18v-2xak-walizka-7913048122,127,290,9.0,10.0
dom_i_ogrod,Narz璠zia,Wkr皻arki,DU玆 ZESTAW WKR邛ARKA WIERTARKA 2AKU18V NA PREZENT,https://allegro.pl/oferta/duzy-zestaw-wkretarka-wiertarka-2aku18v-na-prezent-8259988080,209,314,10.0,7.0
dom_i_ogrod,Narz璠zia,Wkr皻arki,Wiertarko-wkr皻arka 14 4V  1 5Ah  GRAPHITE 58G218,https://allegro.pl/oferta/wiertarko-wkretarka-14-4v-1-5ah-graphite-58g218-8359880218,179,226,5.0,8.0
dom_i_ogrod,Narz璠zia,Wkr皻arki,WKR邛ARKA 12V GSR 120-LI BOSCH 2x2 0Ah WALIZKA,https://allegro.pl/oferta/wkretarka-12v-gsr-120-li-bosch-2x2-0ah-walizka-8652385626,399,126,0.0,0.0
dom_i_ogrod,Narz璠zia,Wkr皻arki,Wkr皻arka AKUMULATOROWA Wiertarka LI-I 2x2.8Ah 20V,https://allegro.pl/oferta/wkretarka-akumulatorowa-wiertarka-li-i-2x2-8ah-20v-9125326248,229,189,3.0,6.0
dom_i_ogrod,Narz璠zia,Pi造 i pilarki,Pilarka tarczowa r璚zna Pi豉 elektryczna 2 Tarcze,https://allegro.pl/oferta/pilarka-tarczowa-reczna-pila-elektryczna-2-tarcze-7894776400,175,322,10.0,10.0
dom_i_ogrod,Narz璠zia,Pi造 i pilarki,PILARKA PIｘ STOΜWA HS100S SCHEPPACH Germany +Tar,https://allegro.pl/oferta/pilarka-pila-stolowa-hs100s-scheppach-germany-tar-9055674541,889,102,0.0,0.0
dom_i_ogrod,Narz璠zia,Pi造 i pilarki,PILARKA TARCZOWA STOΜWA KRAJZEGA DO DREWNA,https://allegro.pl/oferta/pilarka-tarczowa-stolowa-krajzega-do-drewna-8980846850,225,94,0.0,9.0
dom_i_ogrod,Narz璠zia,Pi造 i pilarki,NAC PIｘ PILARKA SPALINOWA ｘ哸UCHOWA 3.0KM MOCNA,https://allegro.pl/oferta/nac-pila-pilarka-spalinowa-lancuchowa-3-0km-mocna-6158106824,438,109,1.0,6.0
dom_i_ogrod,Narz璠zia,Pi造 i pilarki,PIｘ SPALINOWA ｘ哸UCHOWA 5 2KM +3 OLEJE,https://allegro.pl/oferta/pila-spalinowa-lancuchowa-5-2km-3-oleje-7240360854,389,211,5.0,7.0
dom_i_ogrod,Narz璠zia,Szlifierki i polerki,SZLIFIERKA K冉OWA 900W 125mm GWS 9-125 S BOSCH,https://allegro.pl/oferta/szlifierka-katowa-900w-125mm-gws-9-125-s-bosch-6992041420,285,344,10.0,3.0
dom_i_ogrod,Narz璠zia,Szlifierki i polerki,Akumulatorowa Szlifierka K靖owa MAKITA DGA452Z 18V,https://allegro.pl/oferta/akumulatorowa-szlifierka-katowa-makita-dga452z-18v-8752852784,374,49,0.0,0.0
dom_i_ogrod,Narz璠zia,Szlifierki i polerki,SZLIFIERKA MIMOODOWA OSCYLACYJNA 125mm + PAPIER,https://allegro.pl/oferta/szlifierka-mimosrodowa-oscylacyjna-125mm-papier-8314361202,108,209,5.0,10.0
dom_i_ogrod,Narz璠zia,Szlifierki i polerki,SZLIFIERKA K冉OWA 1150W 125mm REGULACJA OBROT紟,https://allegro.pl/oferta/szlifierka-katowa-1150w-125mm-regulacja-obrotow-9068736756,98,171,4.0,10.0
dom_i_ogrod,Narz璠zia,Szlifierki i polerki,SZLIFIERKA TAOWA CZYSZCZARKA DO DREWNA,https://allegro.pl/oferta/szlifierka-tasmowa-czyszczarka-do-drewna-8428744324,149,156,4.0,8.0
dom_i_ogrod,Narz璠zia,Spawarki,SPAWARKA INWERTOROWA WELD MASTER 330A TIG + ZESTAW,https://allegro.pl/oferta/spawarka-inwertorowa-weld-master-330a-tig-zestaw-7781157954,469,427,10.0,9.0
dom_i_ogrod,Narz璠zia,Spawarki,SPAWARKA MIGOMAT MAG TIG 230A 3w1 + ZESTAW PM BuP,https://allegro.pl/oferta/spawarka-migomat-mag-tig-230a-3w1-zestaw-pm-bup-7828564048,1599,48,0.0,0.0
dom_i_ogrod,Narz璠zia,Spawarki,SPAWARKA INWERTOROWA WELD MASTER 330A IGBT MMA TIG,https://allegro.pl/oferta/spawarka-inwertorowa-weld-master-330a-igbt-mma-tig-7780858829,368,136,3.0,10.0
dom_i_ogrod,Narz璠zia,Spawarki,SPAWARKA 250 300 INWERTOROWA RIPPER 315A +k�+el+m4,https://allegro.pl/oferta/spawarka-250-300-inwertorowa-ripper-315a-ka-el-m4-7422681329,418,176,4.0,10.0
dom_i_ogrod,Narz璠zia,Spawarki,SPAWARKA 2w1 MIGOMAT Magnum MIG MMA zestaw,https://allegro.pl/oferta/spawarka-2w1-migomat-magnum-mig-mma-zestaw-7287536986,1226,30,0.0,3.0
dom_i_ogrod,Narz璠zia,M這towiertarki,MΜTOWIERTARKA WIERTARKA MΜT UDAROWY SDS+ MOCNA,https://allegro.pl/oferta/mlotowiertarka-wiertarka-mlot-udarowy-sds-mocna-7941027685,229,451,10.0,8.0
dom_i_ogrod,Narz璠zia,M這towiertarki,MΜTOWIERTARKA PARKSIDE UDAROWA 1500W SDS MΜT,https://allegro.pl/oferta/mlotowiertarka-parkside-udarowa-1500w-sds-mlot-9142016883,379,119,2.0,0.0
dom_i_ogrod,Narz璠zia,M這towiertarki,MΜTOWIERTARKA MΜT UDAROWY WIERTARKA 3800W SDS !!,https://allegro.pl/oferta/mlotowiertarka-mlot-udarowy-wiertarka-3800w-sds-7810868025,199,59,0.0,10.0
dom_i_ogrod,Narz璠zia,M這towiertarki,MΜTOWIERTARKA wiertarka m這t UDAROWY SDS+ MOCNA,https://allegro.pl/oferta/mlotowiertarka-wiertarka-mlot-udarowy-sds-mocna-9089422955,329,91,1.0,3.0
dom_i_ogrod,Narz璠zia,M這towiertarki,MΜTOWIERTARKA WIERTARKA MΜT UDAROWY SDS+ EUROTEC,https://allegro.pl/oferta/mlotowiertarka-wiertarka-mlot-udarowy-sds-eurotec-8512920161,229,213,4.0,8.0
dom_i_ogrod,Narz璠zia,Odkurzacze przemys這we,ODKURZACZ PRZEMYSΜWY POPIOΣ KOMINKA GRUZU 2000,https://allegro.pl/oferta/odkurzacz-przemyslowy-popiolu-kominka-gruzu-2000-7425314568,199,516,10.0,10.0
dom_i_ogrod,Narz璠zia,Odkurzacze przemys這we,ODKURZACZ PRZEMYSΜWY KARCHER WD3 BEZWORKOWY 1400W,https://allegro.pl/oferta/odkurzacz-przemyslowy-karcher-wd3-bezworkowy-1400w-9217813162,299,2,0.0,3.0
dom_i_ogrod,Narz璠zia,Odkurzacze przemys這we,Odkurzacz przemys這wy KARCHER WD 3 1.629-821.0,https://allegro.pl/oferta/odkurzacz-przemyslowy-karcher-wd-3-1-629-821-0-8966983542,269,429,8.0,5.0
dom_i_ogrod,Narz璠zia,Odkurzacze przemys這we,ODKURZACZ PRZEMYSΜWY KARCHER WD3 BEZWORKOWY,https://allegro.pl/oferta/odkurzacz-przemyslowy-karcher-wd3-bezworkowy-8438917329,257,180,3.0,6.0
dom_i_ogrod,Narz璠zia,Odkurzacze przemys這we,ODKURZACZ PRZEMYSΜWY MOKRO SUCHO POPI茛 GIPS 3600,https://allegro.pl/oferta/odkurzacz-przemyslowy-mokro-sucho-popiol-gips-3600-8288893087,339,284,5.0,0.0
dom_i_ogrod,Narz璠zia,Przyrz鉅y miernicze,STANLEY Laser krzy穎wy CUBIX 2 Poziomica 77-498,https://allegro.pl/oferta/stanley-laser-krzyzowy-cubix-2-poziomica-77-498-7792943836,194,116,10.0,6.0
dom_i_ogrod,Narz璠zia,Przyrz鉅y miernicze,LASER KRZY烙WY POZIOMICA LASEROWA WALIZKA STATYW,https://allegro.pl/oferta/laser-krzyzowy-poziomica-laserowa-walizka-statyw-9081786544,142,32,2.0,7.0
dom_i_ogrod,Narz璠zia,Przyrz鉅y miernicze,16linii Obrotowy poziom laserowy o 360� Z p馧k�,https://allegro.pl/oferta/16linii-obrotowy-poziom-laserowy-o-360-z-polka-8994499192,366,10,0.0,0.0
dom_i_ogrod,Narz璠zia,Przyrz鉅y miernicze,POZIOMICA LASEROWA PLL 1 P BOSCH +UCHWYT MONTA烙WY,https://allegro.pl/oferta/poziomica-laserowa-pll-1-p-bosch-uchwyt-montazowy-6748695679,145,42,3.0,7.0
dom_i_ogrod,Narz璠zia,Przyrz鉅y miernicze,POZIOMICA WASERWAGA ALUMINIOWA ZESTAW 3szt 119688,https://allegro.pl/oferta/poziomica-waserwaga-aluminiowa-zestaw-3szt-119688-6754961217,59,52,4.0,10.0
dom_i_ogrod,Narz璠zia,Akcesoria i osprz皻,STANLEY Komplet wierte� i bit闚 w walizce STA7205,https://allegro.pl/oferta/stanley-komplet-wiertel-i-bitow-w-walizce-sta7205-7164728154,83,228,7.0,7.0
dom_i_ogrod,Narz璠zia,Akcesoria i osprz皻,DEWALT ZESTAW BITY KO哸紟KI WKR邛ARKI 45e DT71702,https://allegro.pl/oferta/dewalt-zestaw-bity-koncowki-wkretarki-45e-dt71702-8288716759,59,226,7.0,8.0
dom_i_ogrod,Narz璠zia,Akcesoria i osprz皻,DEWALT ZESTAW WIERTE� bit闚 nasadek 100cz DT71563,https://allegro.pl/oferta/dewalt-zestaw-wiertel-bitow-nasadek-100cz-dt71563-8736706514,119,45,0.0,5.0
dom_i_ogrod,Narz璠zia,Akcesoria i osprz皻,Zestaw Osprz皻u MAKITA 216szt Wiert豉 Bity WALIZKA,https://allegro.pl/oferta/zestaw-osprzetu-makita-216szt-wiertla-bity-walizka-6275799113,225,93,2.0,0.0
dom_i_ogrod,Narz璠zia,Akcesoria i osprz皻,KO哸紟KI BITY IMBUS TORX DO WKR邛ARKI ZESTAW 100el,https://allegro.pl/oferta/koncowki-bity-imbus-torx-do-wkretarki-zestaw-100el-8560292315,24,316,10.0,10.0
dom_i_ogrod,Narz璠zia,Urz鉅zenia czyszcz鉍e,MOP PAROWY MULTI MYJKA PAROWY ECO 12W1 2000,https://allegro.pl/oferta/mop-parowy-multi-myjka-parowy-eco-12w1-2000-7364924109,159,372,1.0,8.0
dom_i_ogrod,Narz璠zia,Urz鉅zenia czyszcz鉍e,Myjka do okien Karcher WV 52 Plus 1.633-139.0,https://allegro.pl/oferta/myjka-do-okien-karcher-wv-52-plus-1-633-139-0-9003270805,189,1966,10.0,4.0
dom_i_ogrod,Narz璠zia,Urz鉅zenia czyszcz鉍e,MOP PAROWY MULTI MYJKA PAROWA AQUA 16W1 2000,https://allegro.pl/oferta/mop-parowy-multi-myjka-parowa-aqua-16w1-2000-7364825828,229,390,1.0,0.0
dom_i_ogrod,Narz璠zia,Urz鉅zenia czyszcz鉍e,MOP PAROWY MYJKA EFFECTO 2100 Z DOZOWNIKIEM PΧNU,https://allegro.pl/oferta/mop-parowy-myjka-effecto-2100-z-dozownikiem-plynu-8684634812,229,277,1.0,0.0
dom_i_ogrod,Narz璠zia,Urz鉅zenia czyszcz鉍e,Czyik MOP PAROWY 4000W Do Pod堯g i Dywan闚 11 w1,https://allegro.pl/oferta/czyscik-mop-parowy-4000w-do-podlog-i-dywanow-11-w1-8834990336,139,145,0.0,10.0
dom_i_ogrod,Oietlenie,Lampy,NATYNKOWA LAMPA LED 120cm DO GARA狹 jak IETL紟KA,https://allegro.pl/oferta/natynkowa-lampa-led-120cm-do-garazu-jak-swietlowka-8109645952,16,886,10.0,10.0
dom_i_ogrod,Oietlenie,Lampy,NATYNKOWA LAMPA OPRAWA LED 5000LM 50W PANEL 150cm,https://allegro.pl/oferta/natynkowa-lampa-oprawa-led-5000lm-50w-panel-150cm-7797091063,28,429,4.0,10.0
dom_i_ogrod,Oietlenie,Lampy,LAMPA WISZ丘A SUFITOWA 玆RANDOL BRYLANT LED,https://allegro.pl/oferta/lampa-wiszaca-sufitowa-zyrandol-brylant-led-7975083752,29,556,6.0,10.0
dom_i_ogrod,Oietlenie,Lampy,Lampa LED 120cm PANEL NATYNKOWA oprawa IETL紟KA,https://allegro.pl/oferta/lampa-led-120cm-panel-natynkowa-oprawa-swietlowka-7469280749,14,459,5.0,10.0
dom_i_ogrod,Oietlenie,Lampy,Lampa sufit PLAFON ring okr璕i 篡randol LED 120W,https://allegro.pl/oferta/lampa-sufit-plafon-ring-okregi-zyrandol-led-120w-8788251909,599,105,0.0,0.0
dom_i_ogrod,Oietlenie,Oietlenie zewn皻rzne,LATARNIA LAMPA SOLARNA ULICZNA SOLAR 100 LED COB,https://allegro.pl/oferta/latarnia-lampa-solarna-uliczna-solar-100-led-cob-8894462750,99,115,2.0,0.0
dom_i_ogrod,Oietlenie,Oietlenie zewn皻rzne,LAMPA ELEWACYJNA LED KINKIET OGRODOWY ZEWN邛RZNY 2,https://allegro.pl/oferta/lampa-elewacyjna-led-kinkiet-ogrodowy-zewnetrzny-2-8846822279,35,161,4.0,9.0
dom_i_ogrod,Oietlenie,Oietlenie zewn皻rzne,LAMPA SOLARNA Z CZUJNIKIEM RUCHU ZMIERZCHU 100 LED,https://allegro.pl/oferta/lampa-solarna-z-czujnikiem-ruchu-zmierzchu-100-led-8686846454,27,329,10.0,10.0
dom_i_ogrod,Oietlenie,Oietlenie zewn皻rzne,lampa solarna latarenka lampy solarne lampki P-502,https://allegro.pl/oferta/lampa-solarna-latarenka-lampy-solarne-lampki-p-502-7860812378,69,48,0.0,4.0
dom_i_ogrod,Oietlenie,Oietlenie zewn皻rzne,LATARNIA LAMPA SOLARNA ULICZNA SOLAR 180 LED COB,https://allegro.pl/oferta/latarnia-lampa-solarna-uliczna-solar-180-led-cob-9089949996,75,72,1.0,3.0
dom_i_ogrod,Oietlenie,Osprz皻 oietleniowy,PROFIL DO TAY LED naro積y k靖owy alu 2m + szybka,https://allegro.pl/oferta/profil-do-tasmy-led-narozny-katowy-alu-2m-szybka-5887498025,16,269,9.0,9.0
dom_i_ogrod,Oietlenie,Osprz皻 oietleniowy,PROFIL ALUMINIOWY PｘSKI DO TA LED 2m Z KLOSZEM,https://allegro.pl/oferta/profil-aluminiowy-plaski-do-tasm-led-2m-z-kloszem-7183462466,14,309,10.0,9.0
dom_i_ogrod,Oietlenie,Osprz皻 oietleniowy,PROFIL PｘSKI DO TA LED 8 10 mm 2m Z KLOSZEM,https://allegro.pl/oferta/profil-plaski-do-tasm-led-8-10-mm-2m-z-kloszem-8154752694,9,103,3.0,10.0
dom_i_ogrod,Oietlenie,Osprz皻 oietleniowy,Sufit podwieszany Gzyms Oietleniowy Prosty + LED,https://allegro.pl/oferta/sufit-podwieszany-gzyms-oswietleniowy-prosty-led-8471075698,99,10,0.0,0.0
dom_i_ogrod,Oietlenie,Osprz皻 oietleniowy,Profil aluminiowy do LED wpuszczany 2m Z KLOSZEM,https://allegro.pl/oferta/profil-aluminiowy-do-led-wpuszczany-2m-z-kloszem-8143539503,13,128,4.0,10.0
dom_i_ogrod,Oietlenie,Oprawy oietleniowe,Oprawa Hermetyczna 120cm lampa + 2x ietl闚ki LED,https://allegro.pl/oferta/oprawa-hermetyczna-120cm-lampa-2x-swietlowki-led-8219877380,35,432,8.0,10.0
dom_i_ogrod,Oietlenie,Oprawy oietleniowe,Zestaw 6x oprawa halogenowa SZKLANA kwa + LED GU10,https://allegro.pl/oferta/zestaw-6x-oprawa-halogenowa-szklana-kwa-led-gu10-7533702130,59,375,6.0,0.0
dom_i_ogrod,Oietlenie,Oprawy oietleniowe,OPRAWA HERMETYCZNA 120cm + 2 ietl闚ki LED 40W,https://allegro.pl/oferta/oprawa-hermetyczna-120cm-2-swietlowki-led-40w-6723090076,35,519,10.0,10.0
dom_i_ogrod,Oietlenie,Oprawy oietleniowe,ZESTAW 6x LED GU10 8W OPRAWA halogen SATYNA OKR乎�,https://allegro.pl/oferta/zestaw-6x-led-gu10-8w-oprawa-halogen-satyna-okragl-7415570687,58,144,0.0,0.0
dom_i_ogrod,Oietlenie,Oprawy oietleniowe,6x oprawa halogenowa SZKLANA kw + 6x LED GU10 5W,https://allegro.pl/oferta/6x-oprawa-halogenowa-szklana-kw-6x-led-gu10-5w-7487033433,49,186,1.0,4.0
dom_i_ogrod,Meble,Meble do salonu,Du篡 Naro積ik FLY U funkcja SPANIA rog闚ka GRATISY,https://allegro.pl/oferta/duzy-naroznik-fly-u-funkcja-spania-rogowka-gratisy-8837017926,1299,24,0.0,0.0
dom_i_ogrod,Meble,Meble do salonu,KOMODA R-120 SZAFKA 6 SZUFLAD BIAｘ R120,https://allegro.pl/oferta/komoda-r-120-szafka-6-szuflad-biala-r120-7853523660,184,145,4.0,10.0
dom_i_ogrod,Meble,Meble do salonu,Naro積ik rog闚ka rozk豉dany HUGO z funkcja spania,https://allegro.pl/oferta/naroznik-rogowka-rozkladany-hugo-z-funkcja-spania-8500160214,799,63,1.0,4.0
dom_i_ogrod,Meble,Meble do salonu,Nowoczesna pojemna komoda AGA 120cm  IE烤A BIEL,https://allegro.pl/oferta/nowoczesna-pojemna-komoda-aga-120cm-sniezna-biel-8837624141,199,332,10.0,10.0
dom_i_ogrod,Meble,Meble do salonu,Naro積ik rozk豉dany rog闚ka MILO funkcja spania,https://allegro.pl/oferta/naroznik-rozkladany-rogowka-milo-funkcja-spania-8499811259,999,46,1.0,3.0
dom_i_ogrod,Meble,Meble do sypialni,SZAFA GARDEROBA S 90cm 2D 2SZ BIAｘ NOWOCZESNA,https://allegro.pl/oferta/szafa-garderoba-s-90cm-2d-2sz-biala-nowoczesna-6961458688,299,1163,8.0,8.0
dom_i_ogrod,Meble,Meble do sypialni,Szafa Przesuwna RICO 204 z lustrem + p馧ki,https://allegro.pl/oferta/szafa-przesuwna-rico-204-z-lustrem-polki-6719753468,469,273,2.0,3.0
dom_i_ogrod,Meble,Meble do sypialni,TOALETKA KOSMETYCZNA Z LUSTREM TABORET WYPOSA烙NA,https://allegro.pl/oferta/toaletka-kosmetyczna-z-lustrem-taboret-wyposazona-9219949960,239,12,0.0,10.0
dom_i_ogrod,Meble,Meble do sypialni,Materac 160x200 Kokos DAKOTA MAX Premium - 24 cm,https://allegro.pl/oferta/materac-160x200-kokos-dakota-max-premium-24-cm-7022911760,399,1544,10.0,5.0
dom_i_ogrod,Meble,Meble do sypialni,Szafa Przesuwna VISTA 05 150 Lustro + p馧ki GRATIS,https://allegro.pl/oferta/szafa-przesuwna-vista-05-150-lustro-polki-gratis-8689992477,569,395,2.0,0.0
dom_i_ogrod,Meble,Meble kuchenne,ZESTAW MEBLI KUCHENNYCH OLIWIA 2.4m BIAｘ KUCHNIA,https://allegro.pl/oferta/zestaw-mebli-kuchennych-oliwia-2-4m-biala-kuchnia-8630820215,499,177,10.0,10.0
dom_i_ogrod,Meble,Meble kuchenne,Kuchnia KAM Mono P4 Zestaw 280 x 290 BIAΧ POΧSK,https://allegro.pl/oferta/kuchnia-kam-mono-p4-zestaw-280-x-290-bialy-polysk-9167378110,3860,0,0.0,0.0
dom_i_ogrod,Meble,Meble kuchenne,MEBLE KUCHENNE ''MAJA''- 3 KOLORY- 2 4m/3 0m,https://allegro.pl/oferta/meble-kuchenne-maja-3-kolory-2-4m-3-0m-7783014286,999,20,1.0,9.0
dom_i_ogrod,Meble,Meble kuchenne,Meble kuchenne zestaw z blatami Kuchnia d鉉 sonoma,https://allegro.pl/oferta/meble-kuchenne-zestaw-z-blatami-kuchnia-dab-sonoma-9079816581,499,19,1.0,10.0
dom_i_ogrod,Meble,Meble kuchenne,NOWO!!! MEBLE KUCHENNE CONCORDIA LUX,https://allegro.pl/oferta/nowosc-meble-kuchenne-concordia-lux-9083689832,1349,5,0.0,7.0
dom_i_ogrod,Meble,Meble do 豉zienki i toalety,SZAFKA ｘZIENKOWA SΣPEK A狹ROWA REGA� 120cm,https://allegro.pl/oferta/szafka-lazienkowa-slupek-azurowa-regal-120cm-9101092683,69,151,10.0,10.0
dom_i_ogrod,Meble,Meble do 豉zienki i toalety,SZAFKA ｘZIENKOWA SΣPEK A狹ROWA REGA� 80cm,https://allegro.pl/oferta/szafka-lazienkowa-slupek-azurowa-regal-80cm-9185804151,50,54,2.0,10.0
dom_i_ogrod,Meble,Meble do 豉zienki i toalety,Szafka 豉zienkowa  s逝pek 30cm 2D LUNA REGA�,https://allegro.pl/oferta/szafka-lazienkowa-slupek-30cm-2d-luna-regal-7840308641,99,89,5.0,9.0
dom_i_ogrod,Meble,Meble do 豉zienki i toalety,SZAFKA ｘZIENKOWA REGA� SΣPEK 30cm 3 DRZWI BIAｘ,https://allegro.pl/oferta/szafka-lazienkowa-regal-slupek-30cm-3-drzwi-biala-7622879739,124,66,3.0,9.0
dom_i_ogrod,Meble,Meble do 豉zienki i toalety,Meble 豉zienkowe szafka pod umywalk� lustro s逝pek,https://allegro.pl/oferta/meble-lazienkowe-szafka-pod-umywalke-lustro-slupek-8725668368,799,32,0.0,0.0
dom_i_ogrod,Budownictwo,Ogrzewanie,SOLARNY ZESTAW DO GRZANIA WODY W BOJLERACH 1650W,https://allegro.pl/oferta/solarny-zestaw-do-grzania-wody-w-bojlerach-1650w-8441168721,4619,10,0.0,0.0
dom_i_ogrod,Budownictwo,Ogrzewanie,Nagrzewnica elektryczna farelka 2 5kW 2500W HIGHER,https://allegro.pl/oferta/nagrzewnica-elektryczna-farelka-2-5kw-2500w-higher-8601161941,99,118,10.0,10.0
dom_i_ogrod,Budownictwo,Ogrzewanie,BOJLER ELEKTRYCZNY PODGRZEWACZ WODY ARISTON 50 L,https://allegro.pl/oferta/bojler-elektryczny-podgrzewacz-wody-ariston-50-l-8591648564,248,118,10.0,10.0
dom_i_ogrod,Budownictwo,Ogrzewanie,ZESTAW PANEL SOLARNY 150 12V INWERTER PRZETWORNICA,https://allegro.pl/oferta/zestaw-panel-solarny-150-12v-inwerter-przetwornica-9081217260,1999,5,0.0,6.0
dom_i_ogrod,Budownictwo,Ogrzewanie,PANEL SOLARNY BATERIA SΜNECZNA 20W 12V REGULATOR,https://allegro.pl/oferta/panel-solarny-bateria-sloneczna-20w-12v-regulator-9081164676,169,24,2.0,10.0
dom_i_ogrod,Budownictwo,Hydraulika i akcesoria,FILTR WODY WST襾NY CAΧ DOM 3 STOPNIOWY ZMI艼CZACZ,https://allegro.pl/oferta/filtr-wody-wstepny-caly-dom-3-stopniowy-zmiekczacz-7454915330,280,192,4.0,10.0
dom_i_ogrod,Budownictwo,Hydraulika i akcesoria,PRASKA ZACISKARKA DO RUR PEX-AL-PEX 16-20-25-32 U,https://allegro.pl/oferta/praska-zaciskarka-do-rur-pex-al-pex-16-20-25-32-u-9064418795,5999,0,0.0,0.0
dom_i_ogrod,Budownictwo,Hydraulika i akcesoria,MEXEN KOREK UMYWALKOWY KLIK-KLAK CHROM MOSI坒NY,https://allegro.pl/oferta/mexen-korek-umywalkowy-klik-klak-chrom-mosiezny-8395469295,25,249,6.0,10.0
dom_i_ogrod,Budownictwo,Hydraulika i akcesoria,WODOMIERZ LICZNIK APATOR WODY ZIMNEJ 1/2 DN15,https://allegro.pl/oferta/wodomierz-licznik-apator-wody-zimnej-1-2-dn15-7189552584,46,274,6.0,10.0
dom_i_ogrod,Budownictwo,Hydraulika i akcesoria,Kran kulowy podw鎩ny 1/2" czerpalny ogrodowy,https://allegro.pl/oferta/kran-kulowy-podwojny-1-2-czerpalny-ogrodowy-8552095503,29,433,10.0,10.0
dom_i_ogrod,Budownictwo,Elektryka i akcesoria,PRZEDΣ涉CZ OGRODOWY BUDOWLANY WODOODPORNY 50m,https://allegro.pl/oferta/przedluzacz-ogrodowy-budowlany-wodoodporny-50m-9117851173,52,846,10.0,3.0
dom_i_ogrod,Budownictwo,Elektryka i akcesoria,DZWONEK BEZPRZEWODOWY BEZBATERYJNY WODOODPORNY D2,https://allegro.pl/oferta/dzwonek-bezprzewodowy-bezbateryjny-wodoodporny-d2-9048419262,63,274,0.0,0.0
dom_i_ogrod,Budownictwo,Elektryka i akcesoria,WㄔCZNIK DOTYKOWY IATｘ POJEDYNCZY  LED  SZKΜ,https://allegro.pl/oferta/wlacznik-dotykowy-swiatla-pojedynczy-led-szklo-8291025010,24,335,1.0,10.0
dom_i_ogrod,Budownictwo,Elektryka i akcesoria,DZWONEK BEZBATERYJNY BEZPRZEWODOWY WODOODPORNY ROI,https://allegro.pl/oferta/dzwonek-bezbateryjny-bezprzewodowy-wodoodporny-roi-8884981634,63,282,0.0,0.0
dom_i_ogrod,Budownictwo,Elektryka i akcesoria,DOTYKOWY WㄔCZNIK IATｘ POJEDYNCZY LED SZKΜ,https://allegro.pl/oferta/dotykowy-wlacznik-swiatla-pojedynczy-led-szklo-8826368061,25,337,1.0,10.0
dom_i_ogrod,Budownictwo,iany i elewacje,P造ty betonowe beton architektoniczny imitacja,https://allegro.pl/oferta/plyty-betonowe-beton-architektoniczny-imitacja-8358012710,29,46,0.0,8.0
dom_i_ogrod,Budownictwo,iany i elewacje,FARBA KREDOWA do RENOWACJI MEBLI 1L KOLORY+GRATIS,https://allegro.pl/oferta/farba-kredowa-do-renowacji-mebli-1l-kolory-gratis-8664199639,47,368,9.0,5.0
dom_i_ogrod,Budownictwo,iany i elewacje,Tabliczka adresowa Tablica dom NUMER 3D Aluminium,https://allegro.pl/oferta/tabliczka-adresowa-tablica-dom-numer-3d-aluminium-7765379726,69,414,10.0,0.0
dom_i_ogrod,Budownictwo,iany i elewacje,Tapeta 3D Ceg豉 SAMOPRZYLEPNA PANELE 77x70 CM,https://allegro.pl/oferta/tapeta-3d-cegla-samoprzylepna-panele-77x70-cm-8435847682,21,60,0.0,10.0
dom_i_ogrod,Budownictwo,iany i elewacje,FOLIA IZOLACYJNA BUDOWLANA 100m 5x20 TYP200 Czarna,https://allegro.pl/oferta/folia-izolacyjna-budowlana-100m-5x20-typ200-czarna-7634122648,29,107,2.0,8.0
dom_i_ogrod,Ogr鏚,Narz璠zia ogrodnicze,KOSA SPALINOWA DEMON RQ580+3xOL+TARCZA+SMAR+UCHWYT,https://allegro.pl/oferta/kosa-spalinowa-demon-rq580-3xol-tarcza-smar-uchwyt-6786375396,365,734,10.0,9.0
dom_i_ogrod,Ogr鏚,Narz璠zia ogrodnicze,POLSKA KOSIARKA SPALINOWA 8KM 13w1 NAP犵 55cm XXXL,https://allegro.pl/oferta/polska-kosiarka-spalinowa-8km-13w1-naped-55cm-xxxl-7919766118,1149,352,3.0,1.0
dom_i_ogrod,Ogr鏚,Narz璠zia ogrodnicze,Kosa spalinowa podkaszarka kosiarka NAJMOCNIEJSZA,https://allegro.pl/oferta/kosa-spalinowa-podkaszarka-kosiarka-najmocniejsza-7940118186,299,331,3.0,10.0
dom_i_ogrod,Ogr鏚,Narz璠zia ogrodnicze,KOSIARKA SPALINOWA RIWALL 51CM 9w1 Z NAP犵EM 5190,https://allegro.pl/oferta/kosiarka-spalinowa-riwall-51cm-9w1-z-napedem-5190-7840771841,1199,429,5.0,0.0
dom_i_ogrod,Ogr鏚,Narz璠zia ogrodnicze,Kosiarka spalinowa NAX 1000S nap璠 Briggs Stratton,https://allegro.pl/oferta/kosiarka-spalinowa-nax-1000s-naped-briggs-stratton-9071948132,1099,157,0.0,1.0
dom_i_ogrod,Ogr鏚,Architektura ogrodowa,PALISADA OGRODOWA WYSOKA BORDER 2.5m BR刊OWA,https://allegro.pl/oferta/palisada-ogrodowa-wysoka-border-2-5m-brazowa-7386725330,25,644,10.0,10.0
dom_i_ogrod,Ogr鏚,Architektura ogrodowa,TUNEL FOLIOWY 18m2 OGRODOWY SZKLARNIA 6x3m UV-4,https://allegro.pl/oferta/tunel-foliowy-18m2-ogrodowy-szklarnia-6x3m-uv-4-8866046075,741,334,5.0,0.0
dom_i_ogrod,Ogr鏚,Architektura ogrodowa,PAWILON OGRODOWY HANDLOWY ALTANA NAMIOT 3 x 3 m,https://allegro.pl/oferta/pawilon-ogrodowy-handlowy-altana-namiot-3-x-3-m-9024755619,179,518,8.0,8.0
dom_i_ogrod,Ogr鏚,Architektura ogrodowa,P這t drewniany lamelowy 180x180x2 zielony,https://allegro.pl/oferta/plot-drewniany-lamelowy-180x180x2-zielony-7974610158,44,187,2.0,10.0
dom_i_ogrod,Ogr鏚,Architektura ogrodowa,P造tki Drewniane Pod這gowe Podest Na Taras Balkon,https://allegro.pl/oferta/plytki-drewniane-podlogowe-podest-na-taras-balkon-9087464674,149,43,0.0,8.0
dom_i_ogrod,Ogr鏚,Nawadnianie,OGRODOWA KURTYNA WODNA 10M MGIEΘA  ZRASZACZ,https://allegro.pl/oferta/ogrodowa-kurtyna-wodna-10m-mgielka-zraszacz-9155203060,37,219,1.0,9.0
dom_i_ogrod,Ogr鏚,Nawadnianie,ZESTAW DO NAWADNIANIA ROIN OGR笈 71EL KROPELKOWY,https://allegro.pl/oferta/zestaw-do-nawadniania-roslin-ogrod-71el-kropelkowy-7389757726,29,449,2.0,10.0
dom_i_ogrod,Ogr鏚,Nawadnianie,Zestaw do nawadniania irygacji kwiat闚 i upraw,https://allegro.pl/oferta/zestaw-do-nawadniania-irygacji-kwiatow-i-upraw-9082452655,119,208,1.0,1.0
dom_i_ogrod,Ogr鏚,Nawadnianie,POMPA MEMBRANOWA G紑NOSS丘A DO WODY RUSKA 1200L,https://allegro.pl/oferta/pompa-membranowa-gornossaca-do-wody-ruska-1200l-9099233808,127,1806,10.0,0.0
dom_i_ogrod,Ogr鏚,Nawadnianie,ZRASZACZ DO TRAWNIKA ogrodu spryskiwacz wbijany,https://allegro.pl/oferta/zraszacz-do-trawnika-ogrodu-spryskiwacz-wbijany-9162128767,29,97,0.0,10.0
dom_i_ogrod,Ogr鏚,Nawozy i preparaty,ROUNDUP 360 PLUS 1L RANDAP na wszystkie chwasty,https://allegro.pl/oferta/roundup-360-plus-1l-randap-na-wszystkie-chwasty-9143104003,31,641,3.0,10.0
dom_i_ogrod,Ogr鏚,Nawozy i preparaty,SIARKOPOL NAW紌 TRAWNIK 25KG MOCNE ZASILENIE TRAWY,https://allegro.pl/oferta/siarkopol-nawoz-trawnik-25kg-mocne-zasilenie-trawy-9094432906,79,1241,10.0,1.0
dom_i_ogrod,Ogr鏚,Nawozy i preparaty,NAW紌 HYDROCOMPLEX YARA MILA COMPLEX 25KG BEZCHLOR,https://allegro.pl/oferta/nawoz-hydrocomplex-yara-mila-complex-25kg-bezchlor-8495476855,85,1011,7.0,0.0
dom_i_ogrod,Ogr鏚,Nawozy i preparaty,CHWASTOX NOWY TRIO 390 1L CHWASTY w TRAWIE MNISZEK,https://allegro.pl/oferta/chwastox-nowy-trio-390-1l-chwasty-w-trawie-mniszek-7165993732,49,412,0.0,7.0
dom_i_ogrod,Ogr鏚,Nawozy i preparaty,Naw霩 HYDROCOMPLEX Yara Mila Complex 25KG,https://allegro.pl/oferta/nawoz-hydrocomplex-yara-mila-complex-25kg-7219163616,84,469,1.0,0.0
