dziecko,Zabawki,Klocki LEGO,LEGO Star Wars 10195 Republic Dropship AT-OT NOWE,https://allegro.pl/oferta/lego-star-wars-10195-republic-dropship-at-ot-nowe-9220907364,4999,0,0.0,0.0
dziecko,Zabawki,Klocki LEGO,LEGO FRIENDS Klocki 41335 Domek na drzewie Mii,https://allegro.pl/oferta/lego-friends-klocki-41335-domek-na-drzewie-mii-8879422850,128,403,9.0,10.0
dziecko,Zabawki,Klocki LEGO,LEGO FRIENDS Salon fryzjerski w Heartlake 41391,https://allegro.pl/oferta/lego-friends-salon-fryzjerski-w-heartlake-41391-8825589066,72,450,10.0,10.0
dziecko,Zabawki,Klocki LEGO,Lego DUPLO Town Piekarnia 10928,https://allegro.pl/oferta/lego-duplo-town-piekarnia-10928-8875701052,119,74,2.0,10.0
dziecko,Zabawki,Klocki LEGO,LEGO FRIENDS Luksusowy kemping 41392,https://allegro.pl/oferta/lego-friends-luksusowy-kemping-41392-8811280700,113,201,4.0,10.0
dziecko,Zabawki,Lalki i akcesoria,LOL SUPRISE OMG seria 2 - LALKA CANDYLICIOUS +AKCE,https://allegro.pl/oferta/lol-suprise-omg-seria-2-lalka-candylicious-akce-9157558931,133,557,8.0,3.0
dziecko,Zabawki,Lalki i akcesoria,LOL SUPRISE LALECZKA HAIRVIBES KOLOROWE WŁOSY 2020,https://allegro.pl/oferta/lol-suprise-laleczka-hairvibes-kolorowe-wlosy-2020-9173801814,64,680,10.0,10.0
dziecko,Zabawki,Lalki i akcesoria,WÓZEK DLA LALEK GŁĘBOKI SPACERÓWKA Z TORBĄ GONDOLA,https://allegro.pl/oferta/wozek-dla-lalek-gleboki-spacerowka-z-torba-gondola-9281753654,159,24,0.0,0.0
dziecko,Zabawki,Lalki i akcesoria,KINDERPLAY WÓZEK DLA LALEK GŁĘBOKI GONDOLA,https://allegro.pl/oferta/kinderplay-wozek-dla-lalek-gleboki-gondola-7912646620,89,207,3.0,7.0
dziecko,Zabawki,Lalki i akcesoria,BABY BORN LITTLE GIRL LALKA INTERAKTYWNA 36CM SIKA,https://allegro.pl/oferta/baby-born-little-girl-lalka-interaktywna-36cm-sika-8722561775,119,110,1.0,4.0
dziecko,Zabawki,Gry dla dzieci,TAMAGOTCHI  INTERAKTYWNE ZWIERZĄTKO DŁUGOPIS SMYCZ,https://allegro.pl/oferta/tamagotchi-interaktywne-zwierzatko-dlugopis-smycz-6721556461,11,382,6.0,10.0
dziecko,Zabawki,Gry dla dzieci,TWISTER ZRĘCZNOŚCIOWA GRA RODZINNA WYGIBASY,https://allegro.pl/oferta/twister-zrecznosciowa-gra-rodzinna-wygibasy-9208943540,49,150,2.0,2.0
dziecko,Zabawki,Gry dla dzieci,RODZINNA GRA PLANSZOWA KRÓWKONOSZ,https://allegro.pl/oferta/rodzinna-gra-planszowa-krowkonosz-8635412900,29,103,1.0,6.0
dziecko,Zabawki,Gry dla dzieci,PSI PATROL GRA MEMORY MEMO 48 KART GRA PAMIĘCIOWA,https://allegro.pl/oferta/psi-patrol-gra-memory-memo-48-kart-gra-pamieciowa-8874885676,44,18,0.0,3.0
dziecko,Zabawki,Gry dla dzieci,Karty Grabowskiego Tabliczka mnożenia,https://allegro.pl/oferta/karty-grabowskiego-tabliczka-mnozenia-7297314867,56,607,10.0,0.0
dziecko,Zabawki,Zabawki edukacyjne,TABLET GRAFICZNY DO RYSOWANIA DLA DZIECKA + RYSIK,https://allegro.pl/oferta/tablet-graficzny-do-rysowania-dla-dziecka-rysik-9029061552,37,363,4.0,6.0
dziecko,Zabawki,Zabawki edukacyjne,MegaPack - MAGNESY Układanka Magnetyczna,https://allegro.pl/oferta/megapack-magnesy-ukladanka-magnetyczna-9147654256,49,343,3.0,4.0
dziecko,Zabawki,Zabawki edukacyjne,PSI PATROL RYDER PAD TABLET RYDERA Z DŹWIĘKAMI,https://allegro.pl/oferta/psi-patrol-ryder-pad-tablet-rydera-z-dzwiekami-7561709141,69,179,0.0,0.0
dziecko,Zabawki,Zabawki edukacyjne,EDUKACYJNA DUŻA WIELOFUNKCYJNA TABLICA MAGNETYCZNA,https://allegro.pl/oferta/edukacyjna-duza-wielofunkcyjna-tablica-magnetyczna-5923775191,26,696,10.0,8.0
dziecko,Zabawki,Zabawki edukacyjne,SAMOPRZYLEPNA TABLICA KREDOWA DUŻA + 5x KREDA,https://allegro.pl/oferta/samoprzylepna-tablica-kredowa-duza-5x-kreda-8940043477,14,307,2.0,10.0
dziecko,Zabawki ogrodowe,Trampoliny,TRAMPOLINA 252CM/ 8FT SIATKA + DRABINKA Just Jump,https://allegro.pl/oferta/trampolina-252cm-8ft-siatka-drabinka-just-jump-9281448644,699,207,0.0,10.0
dziecko,Zabawki ogrodowe,Trampoliny,TRAMPOLINA OGRODOWA 312CM Z SIATKĄ DRABINKA FUNFIT,https://allegro.pl/oferta/trampolina-ogrodowa-312cm-z-siatka-drabinka-funfit-6688344714,891,482,5.0,0.0
dziecko,Zabawki ogrodowe,Trampoliny,TRAMPOLINA OGRODOWA 312CM SIATKA + DRABINKA,https://allegro.pl/oferta/trampolina-ogrodowa-312cm-siatka-drabinka-8948306704,879,329,2.0,1.0
dziecko,Zabawki ogrodowe,Trampoliny,TRAMPOLINA OGRODOWA 252CM Z SIATKĄ DRABINKA FUNFIT,https://allegro.pl/oferta/trampolina-ogrodowa-252cm-z-siatka-drabinka-funfit-7834498013,741,735,10.0,8.0
dziecko,Zabawki ogrodowe,Trampoliny,Trampolina ogrodowa z siatka i drabinka 255cm/8ft,https://allegro.pl/oferta/trampolina-ogrodowa-z-siatka-i-drabinka-255cm-8ft-9235370544,699,325,2.0,10.0
dziecko,Zabawki ogrodowe,Zjeżdżalnie,Zjeżdżalnia ogrodowa ślizg wodny 3m dla dzieci,https://allegro.pl/oferta/zjezdzalnia-ogrodowa-slizg-wodny-3m-dla-dzieci-9284978819,268,17,0.0,0.0
dziecko,Zabawki ogrodowe,Zjeżdżalnie,DUŻA ZJEŻDŻALNIA ŚLIZG Z DRABINKĄ 147CM DŁUGA XXL,https://allegro.pl/oferta/duza-zjezdzalnia-slizg-z-drabinka-147cm-dluga-xxl-7876000440,109,886,10.0,7.0
dziecko,Zabawki ogrodowe,Zjeżdżalnie,Zjeżdżalnia Ślizg 2 5m ślizgawka SZOK CENOWY,https://allegro.pl/oferta/zjezdzalnia-slizg-2-5m-slizgawka-szok-cenowy-7260243310,179,258,3.0,4.0
dziecko,Zabawki ogrodowe,Zjeżdżalnie,Ślizgawka wodna ogrodowa ślizg z fontanną 480 cm,https://allegro.pl/oferta/slizgawka-wodna-ogrodowa-slizg-z-fontanna-480-cm-9257662451,40,28,0.0,10.0
dziecko,Zabawki ogrodowe,Zjeżdżalnie,ZJEŻDŻALNIA OGRODOWA DLA DZIECI WODA 180 MOCHTOYS,https://allegro.pl/oferta/zjezdzalnia-ogrodowa-dla-dzieci-woda-180-mochtoys-9005973574,199,334,4.0,3.0
dziecko,Zabawki ogrodowe,Piaskownice,PIASKOWNICA ZAMYKANA Z ŁAWECZKAMI 120x120 cm,https://allegro.pl/oferta/piaskownica-zamykana-z-laweczkami-120x120-cm-7914900411,89,1224,10.0,9.0
dziecko,Zabawki ogrodowe,Piaskownice,PIASKOWNICA ZAMYKANA Z ŁAWECZKAMI 120x120 cm,https://allegro.pl/oferta/piaskownica-zamykana-z-laweczkami-120x120-cm-8354014539,79,1009,8.0,10.0
dziecko,Zabawki ogrodowe,Piaskownice,PIASKOWNICA DREWNIANA IMPREGNOWANA SKŁADANA ŁAWKA,https://allegro.pl/oferta/piaskownica-drewniana-impregnowana-skladana-lawka-8134759552,159,451,2.0,0.0
dziecko,Zabawki ogrodowe,Piaskownice,PIASKOWNICA DREWNIANA IMPREGNOWANA SKŁADANA,https://allegro.pl/oferta/piaskownica-drewniana-impregnowana-skladana-9084248369,149,229,0.0,1.0
dziecko,Zabawki ogrodowe,Piaskownice,DUŻA PIASKOWNICA PLASTIKOWA + DNO +PLANDEKA+ZBAWKI,https://allegro.pl/oferta/duza-piaskownica-plastikowa-dno-plandeka-zbawki-7979703751,159,402,2.0,0.0
dziecko,Zabawki ogrodowe,Gry i zabawy,KOSZYKÓWKA ZESTAW DO GRY TABLICA OBRĘCZ SIATKA,https://allegro.pl/oferta/koszykowka-zestaw-do-gry-tablica-obrecz-siatka-9164759129,59,120,0.0,4.0
dziecko,Zabawki ogrodowe,Gry i zabawy,BRAMKA PIŁKARSKA PIŁKA NOŻNA ZESTAW DO GRY PIŁKARZ,https://allegro.pl/oferta/bramka-pilkarska-pilka-nozna-zestaw-do-gry-pilkarz-8951340936,55,167,1.0,5.0
dziecko,Zabawki ogrodowe,Gry i zabawy,KOSIARKA NA BAŃKI MYDLANE NA BATERIE + PŁYN,https://allegro.pl/oferta/kosiarka-na-banki-mydlane-na-baterie-plyn-8106349392,44,356,5.0,7.0
dziecko,Zabawki ogrodowe,Gry i zabawy,KOSZ DO KOSZYKÓWKI ŁUK TARCZA REGULACJA STOJAK 2w1,https://allegro.pl/oferta/kosz-do-koszykowki-luk-tarcza-regulacja-stojak-2w1-9219736481,79,110,0.0,0.0
dziecko,Zabawki ogrodowe,Gry i zabawy,Płyn do dużych baniek mydlanych 5l Bańki mydlane,https://allegro.pl/oferta/plyn-do-duzych-baniek-mydlanych-5l-banki-mydlane-7440615713,29,585,10.0,10.0
dziecko,Zdrowie i higiena,Pieluszki i chusteczki,PAMPERS Pieluchy PREMIUM CARE 2 Mini 240 sztuk,https://allegro.pl/oferta/pampers-pieluchy-premium-care-2-mini-240-sztuk-8292077302,113,3070,10.0,4.0
dziecko,Zdrowie i higiena,Pieluszki i chusteczki,PAMPERS Chusteczki nawilżające AQUA PURE 14 x 48,https://allegro.pl/oferta/pampers-chusteczki-nawilzajace-aqua-pure-14-x-48-8326309372,75,2114,5.0,10.0
dziecko,Zdrowie i higiena,Pieluszki i chusteczki,PAMPERS Pieluchy Premium Care 3 Midi 204 szt,https://allegro.pl/oferta/pampers-pieluchy-premium-care-3-midi-204-szt-7874478458,129,2371,6.0,1.0
dziecko,Zdrowie i higiena,Pieluszki i chusteczki,PAMPERS Pieluchomajtki PANTS zapas 4 Maxi 176 szt.,https://allegro.pl/oferta/pampers-pieluchomajtki-pants-zapas-4-maxi-176-szt-7828580397,134,1253,0.0,0.0
dziecko,Zdrowie i higiena,Pieluszki i chusteczki,PAMPERS Pieluchomajtki Pants 5 Junior 96 szt ZAPAS,https://allegro.pl/oferta/pampers-pieluchomajtki-pants-5-junior-96-szt-zapas-7866158036,84,1443,1.0,8.0
dziecko,Zdrowie i higiena,Artykuły higieniczne,MERIDEN KIDDY SONICZNA SZCZOTECZKA DLA DZIECI 1-4,https://allegro.pl/oferta/meriden-kiddy-soniczna-szczoteczka-dla-dzieci-1-4-8947952742,46,280,2.0,5.0
dziecko,Zdrowie i higiena,Artykuły higieniczne,AKUKU DUŻY PODKŁAD DO PRZEWIJANIA POPORODOWY 10szt,https://allegro.pl/oferta/akuku-duzy-podklad-do-przewijania-poporodowy-10szt-6768405854,10,831,10.0,10.0
dziecko,Zdrowie i higiena,Artykuły higieniczne,ORAL-B ELEKTRYCZNA DLA DZIECI + 5 KOŃCÓWEK + TIMER,https://allegro.pl/oferta/oral-b-elektryczna-dla-dzieci-5-koncowek-timer-7939951935,49,102,0.0,4.0
dziecko,Zdrowie i higiena,Artykuły higieniczne,AKUKU PODKŁAD PODKŁADY DO PRZEWIJANIA PIANKA PEVA,https://allegro.pl/oferta/akuku-podklad-podklady-do-przewijania-pianka-peva-8152017539,8,574,6.0,10.0
dziecko,Zdrowie i higiena,Artykuły higieniczne,HAXE ELEKTRYCZNY ASPIRATOR DO NOSA KATAREK +GRATIS,https://allegro.pl/oferta/haxe-elektryczny-aspirator-do-nosa-katarek-gratis-8612838035,79,412,4.0,0.0
dziecko,Zdrowie i higiena,Wanienki i akcesoria do kąpieli,RONDO KĄPIELOWE DASZEK DO MYCIA GŁOWY KĄPIEL AVON,https://allegro.pl/oferta/rondo-kapielowe-daszek-do-mycia-glowy-kapiel-avon-8907008564,2,700,10.0,10.0
dziecko,Zdrowie i higiena,Wanienki i akcesoria do kąpieli,WYPRAWKA DLA NOWORODKA WANIENKA FOTELIK AKCESORIA,https://allegro.pl/oferta/wyprawka-dla-noworodka-wanienka-fotelik-akcesoria-6714122767,159,16,0.0,0.0
dziecko,Zdrowie i higiena,Wanienki i akcesoria do kąpieli,WANIENKA silikonowa składana *baby-coo* wanna.,https://allegro.pl/oferta/wanienka-silikonowa-skladana-baby-coo-wanna-8133013184,150,73,1.0,1.0
dziecko,Zdrowie i higiena,Wanienki i akcesoria do kąpieli,WANIENKA dla dzieci -TEGA 102cm kolory,https://allegro.pl/oferta/wanienka-dla-dzieci-tega-102cm-kolory-5400393855,33,108,2.0,8.0
dziecko,Zdrowie i higiena,Wanienki i akcesoria do kąpieli,Wanienka Wanna Wesoły Żółwik 102 cm TEGA Baby,https://allegro.pl/oferta/wanienka-wanna-wesoly-zolwik-102-cm-tega-baby-9294338685,26,1,0.0,8.0
dziecko,Zdrowie i higiena,Przewijaki,SENSILLO USZTYWNIONY PRZEWIJAK 70x50 NA ŁÓŻECZKO,https://allegro.pl/oferta/sensillo-usztywniony-przewijak-70x50-na-lozeczko-5781058461,43,169,6.0,8.0
dziecko,Zdrowie i higiena,Przewijaki,SENSILLO USZTYWNIONY PRZEWIJAK 70x50 NA ŁÓŻECZKO,https://allegro.pl/oferta/sensillo-usztywniony-przewijak-70x50-na-lozeczko-9038914733,46,98,2.0,0.0
dziecko,Zdrowie i higiena,Przewijaki,SCHNUCKY USZTYWNIONY PRZEWIJAK 70x50 NA ŁÓŻECZKO,https://allegro.pl/oferta/schnucky-usztywniony-przewijak-70x50-na-lozeczko-8275121635,42,74,0.0,10.0
dziecko,Zdrowie i higiena,Przewijaki,SENSILLO USZTYWNIONY PRZEWIJAK 70x50 NA ŁÓŻECZKO,https://allegro.pl/oferta/sensillo-usztywniony-przewijak-70x50-na-lozeczko-6161473224,46,224,10.0,0.0
dziecko,Zdrowie i higiena,Przewijaki,PRZEWIJAK Usztywniony 70x50 na ŁÓŻECZKO / KOMODĘ,https://allegro.pl/oferta/przewijak-usztywniony-70x50-na-lozeczko-komode-6927129149,43,127,4.0,8.0
dziecko,Wózki dziecięce,Wózki wielofunkcyjne,WÓZEK DZIECIĘCY 3w1 GOLD LUX GŁĘBOKI SPACER FOTEL,https://allegro.pl/oferta/wozek-dzieciecy-3w1-gold-lux-gleboki-spacer-fotel-7858616630,1199,66,10.0,6.0
dziecko,Wózki dziecięce,Wózki wielofunkcyjne,WÓZEK DZIECIECY 3W1 FASTER KOLOR 15,https://allegro.pl/oferta/wozek-dzieciecy-3w1-faster-kolor-15-9189303972,1229,3,0.0,5.0
dziecko,Wózki dziecięce,Wózki wielofunkcyjne,Wózek dziecięcy 3w1 Gondola Spacerówka Nosidełko,https://allegro.pl/oferta/wozek-dzieciecy-3w1-gondola-spacerowka-nosidelko-8653426973,899,14,2.0,10.0
dziecko,Wózki dziecięce,Wózki wielofunkcyjne,WÓZEK 3 w 1 - Wielofunkcyjny - 72 KOLORY - COSMO,https://allegro.pl/oferta/wozek-3-w-1-wielofunkcyjny-72-kolory-cosmo-7923108361,1080,28,4.0,7.0
dziecko,Wózki dziecięce,Wózki wielofunkcyjne,WÓZEK WIELOFUNKCYJNY 3W1 DAYTONA GT GOLD FOTELIK,https://allegro.pl/oferta/wozek-wielofunkcyjny-3w1-daytona-gt-gold-fotelik-7916526775,1589,43,6.0,0.0
dziecko,Wózki dziecięce,Wózki spacerowe,spacerówka SIROCCO duże koła 25cm LEN  OCIEPLACZ,https://allegro.pl/oferta/spacerowka-sirocco-duze-kola-25cm-len-ocieplacz-8581978443,379,94,7.0,5.0
dziecko,Wózki dziecięce,Wózki spacerowe,LIONELO ANNET TOUR GUMOWE KOŁA WÓZEK SPACEROWY,https://allegro.pl/oferta/lionelo-annet-tour-gumowe-kola-wozek-spacerowy-8746745757,599,115,10.0,0.0
dziecko,Wózki dziecięce,Wózki spacerowe,SCOOT wózek spacerowy *baby-coo*,https://allegro.pl/oferta/scoot-wozek-spacerowy-baby-coo-8852516385,170,77,4.0,10.0
dziecko,Wózki dziecięce,Wózki spacerowe,WÓZEK SPACERÓWKA SIROCCO duże kółka 24cm OCIEPLACZ,https://allegro.pl/oferta/wozek-spacerowka-sirocco-duze-kolka-24cm-ocieplacz-8035682958,319,105,8.0,7.0
dziecko,Wózki dziecięce,Wózki spacerowe,Spacerówka Wózek Lionelo LEA ocieplacz ZŁOTA RAMA,https://allegro.pl/oferta/spacerowka-wozek-lionelo-lea-ocieplacz-zlota-rama-8918385951,299,54,0.0,7.0
dziecko,Wózki dziecięce,Wózki bliźniacze,MARGARET - PODWÓJNY WÓZEK DZIECIĘCY  BLIŹNIACZY,https://allegro.pl/oferta/margaret-podwojny-wozek-dzieciecy-blizniaczy-9136856855,519,4,8.0,10.0
dziecko,Wózki dziecięce,Wózki bliźniacze,Tako Dalga Duo wózek bliźniaczy 3w1 akcesoria,https://allegro.pl/oferta/tako-dalga-duo-wozek-blizniaczy-3w1-akcesoria-8286103904,3599,0,8.0,10.0
dziecko,Wózki dziecięce,Wózki bliźniacze,Wózek BLIŹNIACZY Super Jakość BARDZO ŁADNY,https://allegro.pl/oferta/wozek-blizniaczy-super-jakosc-bardzo-ladny-7455180208,599,4,0.0,0.0
dziecko,Wózki dziecięce,Wózki bliźniacze,EasyGo DOMINO 2020 bliźniaczy FOLIA OKRYCIE,https://allegro.pl/oferta/easygo-domino-2020-blizniaczy-folia-okrycie-9083838260,1149,3,6.0,8.0
dziecko,Wózki dziecięce,Wózki bliźniacze,DUET HAVANA BLIŹNIAK 63 KOLORY SKRĘTNE KOŁA 2w1,https://allegro.pl/oferta/duet-havana-blizniak-63-kolory-skretne-kola-2w1-7208162457,999,5,10.0,8.0
dziecko,Wózki dziecięce,Akcesoria do wózka,Dwustronna wkładka do SPACERÓWKI + Motylek+Pasy+Ba,https://allegro.pl/oferta/dwustronna-wkladka-do-spacerowki-motylek-pasy-ba-8978431606,65,214,10.0,4.0
dziecko,Wózki dziecięce,Akcesoria do wózka,Torba Plecak do Wózka Organizer dla Mamy Taty 3w1,https://allegro.pl/oferta/torba-plecak-do-wozka-organizer-dla-mamy-taty-3w1-8381247922,29,144,2.0,10.0
dziecko,Wózki dziecięce,Akcesoria do wózka,Mio Bebe długa wkładka do wózka SPACERÓWKI BAWEŁNA,https://allegro.pl/oferta/mio-bebe-dluga-wkladka-do-wozka-spacerowki-bawelna-8006920222,36,207,9.0,9.0
dziecko,Wózki dziecięce,Akcesoria do wózka,Torba Plecak do Wózka Organizer dla Taty Mamy 3w1,https://allegro.pl/oferta/torba-plecak-do-wozka-organizer-dla-taty-mamy-3w1-8909737336,37,127,0.0,9.0
dziecko,Wózki dziecięce,Akcesoria do wózka,TORBA DO WÓŹKA DUŻY ORGANIZER BAGGAGE RÓŻNE WZORY,https://allegro.pl/oferta/torba-do-wozka-duzy-organizer-baggage-rozne-wzory-8652722069,89,161,4.0,0.0
dziecko,Dla mamy i dziecka,Leżaczki i huśtawki,LEŻACZEK BUJACZEK KRZESEŁKO + WIBRACJE MELODIE,https://allegro.pl/oferta/lezaczek-bujaczek-krzeselko-wibracje-melodie-8990922111,99,31,0.0,10.0
dziecko,Dla mamy i dziecka,Leżaczki i huśtawki,LIONELO LEŻACZEK BUJACZEK HUŚTAWKA RUBEN + MELODIE,https://allegro.pl/oferta/lionelo-lezaczek-bujaczek-hustawka-ruben-melodie-7409884253,275,79,3.0,0.0
dziecko,Dla mamy i dziecka,Leżaczki i huśtawki,LEŻACZEK BUJACZEK 3w1 Z WIBRACJAMI 0-18kg Muzyka,https://allegro.pl/oferta/lezaczek-bujaczek-3w1-z-wibracjami-0-18kg-muzyka-9160993801,108,136,8.0,9.0
dziecko,Dla mamy i dziecka,Leżaczki i huśtawki,LEŻACZEK BUJACZEK 3w1 Z WIBRACJAMI I MUZYKĄ 0-18kg,https://allegro.pl/oferta/lezaczek-bujaczek-3w1-z-wibracjami-i-muzyka-0-18kg-8614550690,107,169,10.0,10.0
dziecko,Dla mamy i dziecka,Leżaczki i huśtawki,KINDERKRAFT FLO BUJACZEK ELEKTRYCZNY HUŚTAWKA,https://allegro.pl/oferta/kinderkraft-flo-bujaczek-elektryczny-hustawka-7853572893,259,54,2.0,1.0
dziecko,Dla mamy i dziecka,Nosidełka i chusty,Nosidełko ERGONOMICZNE dla dziecka Margareet 20kg,https://allegro.pl/oferta/nosidelko-ergonomiczne-dla-dziecka-margareet-20kg-8766055844,149,103,10.0,8.0
dziecko,Dla mamy i dziecka,Nosidełka i chusty,KINDERKRAFT NINO NOSIDEŁKO ERGONOMICZNE DO 20KG,https://allegro.pl/oferta/kinderkraft-nino-nosidelko-ergonomiczne-do-20kg-7836274023,139,70,5.0,8.0
dziecko,Dla mamy i dziecka,Nosidełka i chusty,ERGONOMICZNE NOSIDEŁKO DLA DZIECKA 4W1 DO 20KG,https://allegro.pl/oferta/ergonomiczne-nosidelko-dla-dziecka-4w1-do-20kg-9077394291,129,75,6.0,8.0
dziecko,Dla mamy i dziecka,Nosidełka i chusty,NOSIDEŁKO TURYSTYCZNE dla dziecka Hippo - DROMADER,https://allegro.pl/oferta/nosidelko-turystyczne-dla-dziecka-hippo-dromader-7162801074,339,35,1.0,0.0
dziecko,Dla mamy i dziecka,Nosidełka i chusty,ERGONOMICZNE NOSIDEŁKO NOSIDŁO BAWEŁNA 3-30M. 20KG,https://allegro.pl/oferta/ergonomiczne-nosidelko-nosidlo-bawelna-3-30m-20kg-7144039761,89,31,0.0,10.0
dziecko,Dla mamy i dziecka,Laktatory i akcesoria,LAKTATOR ELEKTRYCZNY ODCIĄGACZ MLEKA POKARMU CICHY,https://allegro.pl/oferta/laktator-elektryczny-odciagacz-mleka-pokarmu-cichy-7933224606,100,544,10.0,8.0
dziecko,Dla mamy i dziecka,Laktatory i akcesoria,LAKTATOR 2W1 ELEKTRYCZNY ESPERANZA GEMELOS ECM003B,https://allegro.pl/oferta/laktator-2w1-elektryczny-esperanza-gemelos-ecm003b-8888271835,100,139,2.0,8.0
dziecko,Dla mamy i dziecka,Laktatory i akcesoria,AKUKU LAKTATOR RĘCZNY ODCIĄGACZ POKARMU + BUTELKA,https://allegro.pl/oferta/akuku-laktator-reczny-odciagacz-pokarmu-butelka-6801564768,32,227,4.0,10.0
dziecko,Dla mamy i dziecka,Laktatory i akcesoria,Medela Swing Laktator elektryczny 2-fazowy + Calma,https://allegro.pl/oferta/medela-swing-laktator-elektryczny-2-fazowy-calma-6444755259,469,53,0.0,0.0
dziecko,Dla mamy i dziecka,Laktatory i akcesoria,PHILIPS AVENT LAKTATOR ELEKTRYCZNY NATURAL PREMIUM,https://allegro.pl/oferta/philips-avent-laktator-elektryczny-natural-premium-8909607048,379,75,0.0,2.0
dziecko,Dla mamy i dziecka,Smoczki i gryzaki,BIBS SMOCZEK USPOKAJAJĄCY S KAUCZUK HEVEA 0m+ 1szt,https://allegro.pl/oferta/bibs-smoczek-uspokajajacy-s-kauczuk-hevea-0m-1szt-9153634755,20,220,8.0,10.0
dziecko,Dla mamy i dziecka,Smoczki i gryzaki,LEKKA ZAWIESZKA SILIKONOWA Z IMIENIEM DO SMOCZKA,https://allegro.pl/oferta/lekka-zawieszka-silikonowa-z-imieniem-do-smoczka-8254750520,27,217,8.0,7.0
dziecko,Dla mamy i dziecka,Smoczki i gryzaki,BIBS SMOCZEK USPOKAJAJĄCY 0+ KAUCZUK DWUPAK S,https://allegro.pl/oferta/bibs-smoczek-uspokajajacy-0-kauczuk-dwupak-s-8251693582,38,126,0.0,1.0
dziecko,Dla mamy i dziecka,Smoczki i gryzaki,Zawieszka do smoczka z imieniem 32 wzory,https://allegro.pl/oferta/zawieszka-do-smoczka-z-imieniem-32-wzory-7724818119,40,122,0.0,0.0
dziecko,Dla mamy i dziecka,Smoczki i gryzaki,BIBS SMOCZEK USPOKAJAJĄCY S KAUCZUK HEVEA 0m+ 1szt,https://allegro.pl/oferta/bibs-smoczek-uspokajajacy-s-kauczuk-hevea-0m-1szt-9153539574,20,247,10.0,10.0
dziecko,Karmienie dziecka,Butelki i akcesoria,AVENT BUTELKA ANTYKOLKOWA NATURAL 260ml + SMOCZEK!,https://allegro.pl/oferta/avent-butelka-antykolkowa-natural-260ml-smoczek-6830104511,27,387,0.0,10.0
dziecko,Karmienie dziecka,Butelki i akcesoria,AVENT BUTELKA ANTYKOLKOWA 125 ml NATURAL + SMOCZEK,https://allegro.pl/oferta/avent-butelka-antykolkowa-125-ml-natural-smoczek-5970383230,25,550,10.0,10.0
dziecko,Karmienie dziecka,Butelki i akcesoria,AVENT ZESTAW STARTOWY NATURAL 2.0 BUTELKI ANTYKOLK,https://allegro.pl/oferta/avent-zestaw-startowy-natural-2-0-butelki-antykolk-7551387950,134,452,4.0,0.0
dziecko,Karmienie dziecka,Butelki i akcesoria,AVENT NATURAL BUTELKA 260 ml smoczek antykolkowy,https://allegro.pl/oferta/avent-natural-butelka-260-ml-smoczek-antykolkowy-6972043568,30,493,7.0,10.0
dziecko,Karmienie dziecka,Butelki i akcesoria,AVENT NATURAL BUTELKA ANTYKOLKOWA 260ml SMOCZEK 1+,https://allegro.pl/oferta/avent-natural-butelka-antykolkowa-260ml-smoczek-1-6371339374,29,414,2.0,10.0
dziecko,Karmienie dziecka,Krzesełka do karmienia,NOWOCZESNE KRZESEŁKO DO KARMIENIA SIROCCO NUI,https://allegro.pl/oferta/nowoczesne-krzeselko-do-karmienia-sirocco-nui-8508038105,319,199,10.0,0.0
dziecko,Karmienie dziecka,Krzesełka do karmienia,Palmowe krzesełko do karmienia. Śliczne regulowane,https://allegro.pl/oferta/palmowe-krzeselko-do-karmienia-sliczne-regulowane-7642690457,199,67,0.0,5.0
dziecko,Karmienie dziecka,Krzesełka do karmienia,KRZESEŁKO DO KARMIENIA WIELOFUNKCYJNE 5w1 GRATIS,https://allegro.pl/oferta/krzeselko-do-karmienia-wielofunkcyjne-5w1-gratis-9117837822,239,66,0.0,4.0
dziecko,Karmienie dziecka,Krzesełka do karmienia,KRZESEŁKO DO KARMIENIA PODNÓŻEK FOTELIK TACKA,https://allegro.pl/oferta/krzeselko-do-karmienia-podnozek-fotelik-tacka-8721666687,109,95,2.0,10.0
dziecko,Karmienie dziecka,Krzesełka do karmienia,Krzesełko do karmienia 3 w 1 Fotelik Siedzisko r,https://allegro.pl/oferta/krzeselko-do-karmienia-3-w-1-fotelik-siedzisko-r-7696534104,129,28,6.0,10.0
dziecko,Karmienie dziecka,Śliniaki,ŚLINIAK z RĘKAWAMI fartuszek do zabaw jedzenia HIT,https://allegro.pl/oferta/sliniak-z-rekawami-fartuszek-do-zabaw-jedzenia-hit-6321255940,14,168,10.0,0.0
dziecko,Karmienie dziecka,Śliniaki,FARTUSZEK DZIECIĘCY ŚLINIAK Z RĘKAWAMI PIAMBO,https://allegro.pl/oferta/fartuszek-dzieciecy-sliniak-z-rekawami-piambo-7276113720,9,155,9.0,7.0
dziecko,Karmienie dziecka,Śliniaki,FARTUSZEK DZIECIĘCY ŚLINIAK Z RĘKAWAMI - Oeko-tex,https://allegro.pl/oferta/fartuszek-dzieciecy-sliniak-z-rekawami-oeko-tex-7850908006,7,35,0.0,10.0
dziecko,Karmienie dziecka,Śliniaki,CANPOL Śliniak Silikonowy Wodoodporny 74/024 Nieb,https://allegro.pl/oferta/canpol-sliniak-silikonowy-wodoodporny-74-024-nieb-9170263443,11,136,8.0,4.0
dziecko,Karmienie dziecka,Śliniaki,CANPOL Śliniaki 3 szt. Bawełniano Ceratkowe 2/103,https://allegro.pl/oferta/canpol-sliniaki-3-szt-bawelniano-ceratkowe-2-103-7262500305,10,256,0.0,10.0
dziecko,Karmienie dziecka,Żywność dla dzieci,HOLLE BIO Kaszka Jaglana Pełnoziarnista Wit. B1 B6,https://allegro.pl/oferta/holle-bio-kaszka-jaglana-pelnoziarnista-wit-b1-b6-9152601024,11,401,10.0,10.0
dziecko,Karmienie dziecka,Żywność dla dzieci,HOLLE BIO Kaszka Musli Malina Jabłko Banan Demeter,https://allegro.pl/oferta/holle-bio-kaszka-musli-malina-jablko-banan-demeter-9152632145,12,247,4.0,10.0
dziecko,Karmienie dziecka,Żywność dla dzieci,HELPA Czary Mamy Polskie BIO OWOCOWE RÓŻDŻKI SMAKU,https://allegro.pl/oferta/helpa-czary-mamy-polskie-bio-owocowe-rozdzki-smaku-8527226156,11,224,3.0,10.0
dziecko,Karmienie dziecka,Żywność dla dzieci,HELPA Polska KASZKA BIO Czary Mamy JAGLANA,https://allegro.pl/oferta/helpa-polska-kaszka-bio-czary-mamy-jaglana-8526969307,11,216,3.0,10.0
dziecko,Karmienie dziecka,Żywność dla dzieci,Mleko początkowe HIPP 1 BIO COMBIOTIK 4X600G,https://allegro.pl/oferta/mleko-poczatkowe-hipp-1-bio-combiotik-4x600g-8932899142,151,145,0.0,0.0
