kultura_i_rozrywka,Książki i komiksy,Biografie,Unorthodox. Jak porzuciłam świat ortodoksyjnych...,https://allegro.pl/oferta/unorthodox-jak-porzucilam-swiat-ortodoksyjnych-9099683475,22,275,10.0,9.0
kultura_i_rozrywka,Książki i komiksy,Biografie,Wspomnienia gracza giełdowego. Edwin Lefevre,https://allegro.pl/oferta/wspomnienia-gracza-gieldowego-edwin-lefevre-8996034108,54,85,2.0,0.0
kultura_i_rozrywka,Książki i komiksy,Biografie,Elon Musk. Biografia twórcy PayPala  Tesli  SpaceX,https://allegro.pl/oferta/elon-musk-biografia-tworcy-paypala-tesli-spacex-8056244632,32,31,0.0,6.0
kultura_i_rozrywka,Książki i komiksy,Biografie,KOŁYSANKA Z AUSCHWITZ - Escobar Mario,https://allegro.pl/oferta/kolysanka-z-auschwitz-escobar-mario-7890230467,19,61,1.0,10.0
kultura_i_rozrywka,Książki i komiksy,Biografie,Leonardo da Vinci Walter Isaacson,https://allegro.pl/oferta/leonardo-da-vinci-walter-isaacson-8525936229,33,46,1.0,6.0
kultura_i_rozrywka,Książki i komiksy,Fantasy,Harry Potter siedmiopak Duddle Książka Rowling,https://allegro.pl/oferta/harry-potter-siedmiopak-duddle-ksiazka-rowling-9208015312,178,26,1.0,3.0
kultura_i_rozrywka,Książki i komiksy,Fantasy,Wiedźmin Wszystkie tomy Andrzej Sapkowski Pakiet,https://allegro.pl/oferta/wiedzmin-wszystkie-tomy-andrzej-sapkowski-pakiet-9053041874,244,76,3.0,0.0
kultura_i_rozrywka,Książki i komiksy,Fantasy,Książki fantasy SF horror zestaw 50szt !!!!!,https://allegro.pl/oferta/ksiazki-fantasy-sf-horror-zestaw-50szt-9223301758,61,12,0.0,8.0
kultura_i_rozrywka,Książki i komiksy,Fantasy,Hobbit  czyli tam i z powrotem. J.R.R. Tolkien.,https://allegro.pl/oferta/hobbit-czyli-tam-i-z-powrotem-j-r-r-tolkien-8656480698,18,206,10.0,10.0
kultura_i_rozrywka,Książki i komiksy,Fantasy,Wiedźmin Tom 1 Ostatnie życzenie Andrzej Sapkowski,https://allegro.pl/oferta/wiedzmin-tom-1-ostatnie-zyczenie-andrzej-sapkowski-9040688024,28,77,3.0,10.0
kultura_i_rozrywka,Książki i komiksy,Kryminał sensacja thriller,PACJENTKA - Michaelides Alex,https://allegro.pl/oferta/pacjentka-michaelides-alex-7855290851,20,164,6.0,10.0
kultura_i_rozrywka,Książki i komiksy,Kryminał sensacja thriller,9x SHERLOCK HOLMES Arthur Conan Doyle KOMPLET ETUI,https://allegro.pl/oferta/9x-sherlock-holmes-arthur-conan-doyle-komplet-etui-7717270615,67,83,3.0,0.0
kultura_i_rozrywka,Książki i komiksy,Kryminał sensacja thriller,Lot 202 Remigiusz Mróz,https://allegro.pl/oferta/lot-202-remigiusz-mroz-9222453250,32,1,0.0,7.0
kultura_i_rozrywka,Książki i komiksy,Kryminał sensacja thriller,Wyrwa Wojciech Chmielarz,https://allegro.pl/oferta/wyrwa-wojciech-chmielarz-9200734626,24,28,1.0,9.0
kultura_i_rozrywka,Książki i komiksy,Kryminał sensacja thriller,EKSTRADYCJA T. 11 JOANNA CHYŁKA - REMIGIUSZ MRÓZ,https://allegro.pl/oferta/ekstradycja-t-11-joanna-chylka-remigiusz-mroz-9052777776,21,286,10.0,10.0
kultura_i_rozrywka,Książki i komiksy,Książki dla dzieci,100 zabaw. Nauka przez zabawę. Greg. Sajek,https://allegro.pl/oferta/100-zabaw-nauka-przez-zabawe-greg-sajek-8097402613,11,717,7.0,10.0
kultura_i_rozrywka,Książki i komiksy,Książki dla dzieci,Pucio mówi dobranoc. Marta Galewska-Kustra,https://allegro.pl/oferta/pucio-mowi-dobranoc-marta-galewska-kustra-9124544694,15,105,0.0,9.0
kultura_i_rozrywka,Książki i komiksy,Książki dla dzieci,100 ZABAW NAUKA PRZEZ ZABAWĘ 100 stron zabawy,https://allegro.pl/oferta/100-zabaw-nauka-przez-zabawe-100-stron-zabawy-7932543236,11,998,10.0,10.0
kultura_i_rozrywka,Książki i komiksy,Książki dla dzieci,Elementarz. Marian Falski. WSiP,https://allegro.pl/oferta/elementarz-marian-falski-wsip-7939275220,49,452,4.0,0.0
kultura_i_rozrywka,Książki i komiksy,Książki dla dzieci,Pucio. Zabawy gestem i dźwiękiem. Uczę się mówić.,https://allegro.pl/oferta/pucio-zabawy-gestem-i-dzwiekiem-ucze-sie-mowic-8030800042,11,544,5.0,10.0
kultura_i_rozrywka,Książki i komiksy,Książki obcojęzyczne,Harry Potter Box Set: 7 książek - J.K. Rowling,https://allegro.pl/oferta/harry-potter-box-set-7-ksiazek-j-k-rowling-7098824077,197,29,10.0,0.0
kultura_i_rozrywka,Książki i komiksy,Książki obcojęzyczne,HURT MIX 25 książek - HISZPAŃSKIE nowe i bdb+,https://allegro.pl/oferta/hurt-mix-25-ksiazek-hiszpanskie-nowe-i-bdb-9085911067,79,11,4.0,7.0
kultura_i_rozrywka,Książki i komiksy,Książki obcojęzyczne,Harry Potter and the Philosophers Stone,https://allegro.pl/oferta/harry-potter-and-the-philosophers-stone-8996095745,28,7,2.0,10.0
kultura_i_rozrywka,Książki i komiksy,Książki obcojęzyczne,HURT 25 książek - ANGIELSKIE UK USA nowe i bdb+,https://allegro.pl/oferta/hurt-25-ksiazek-angielskie-uk-usa-nowe-i-bdb-9085892268,69,2,1.0,8.0
kultura_i_rozrywka,Książki i komiksy,Książki obcojęzyczne,Beautiful creatures 1-4 Piękne istoty Garcia Stohl,https://allegro.pl/oferta/beautiful-creatures-1-4-piekne-istoty-garcia-stohl-9111953332,199,0,0.0,0.0
kultura_i_rozrywka,Książki i komiksy,Naukowe i popularnonaukowe,MEIN KAMPF - ADOLF HITLER,https://allegro.pl/oferta/mein-kampf-adolf-hitler-8250770682,93,21,0.0,0.0
kultura_i_rozrywka,Książki i komiksy,Naukowe i popularnonaukowe,Żyjesz tylko raz Oczami mężczyzny Rafał Wicijowski,https://allegro.pl/oferta/zyjesz-tylko-raz-oczami-mezczyzny-rafal-wicijowski-8363351191,58,63,2.0,5.0
kultura_i_rozrywka,Książki i komiksy,Naukowe i popularnonaukowe,Czarny łabędź  Nassim Nicholas Taleb,https://allegro.pl/oferta/czarny-labedz-nassim-nicholas-taleb-9087121807,49,217,10.0,6.0
kultura_i_rozrywka,Książki i komiksy,Naukowe i popularnonaukowe,Pułapki myślenia. O myśleniu szybkim i wolnym,https://allegro.pl/oferta/pulapki-myslenia-o-mysleniu-szybkim-i-wolnym-8005426962,29,104,4.0,9.0
kultura_i_rozrywka,Książki i komiksy,Naukowe i popularnonaukowe,POTĘGA PODŚWIADOMOŚCI JOSEPH MURPHY W. UZUPEŁNIONE,https://allegro.pl/oferta/potega-podswiadomosci-joseph-murphy-w-uzupelnione-9138468888,19,77,3.0,10.0
kultura_i_rozrywka,Książki i komiksy,Podręczniki,PUCIO UCZY SIĘ MÓWIĆ - ZABAWY DŹWIĘKONAŚLADOWCZE,https://allegro.pl/oferta/pucio-uczy-sie-mowic-zabawy-dzwiekonasladowcze-9154741584,19,131,8.0,9.0
kultura_i_rozrywka,Książki i komiksy,Podręczniki,PUCIO UMIE OPOWIADAĆ UCZĘ SIĘ OPOWIADAĆ NK TW. OP,https://allegro.pl/oferta/pucio-umie-opowiadac-ucze-sie-opowiadac-nk-tw-op-8244361074,22,133,8.0,9.0
kultura_i_rozrywka,Książki i komiksy,Podręczniki,Kocham Czytać. Pakiet 18 zeszytów. J. Cieszyńska.,https://allegro.pl/oferta/kocham-czytac-pakiet-18-zeszytow-j-cieszynska-8360767532,111,151,10.0,0.0
kultura_i_rozrywka,Książki i komiksy,Podręczniki,PUCIO MÓWI DZIEŃ DOBRY Galewska-Kustra Marta,https://allegro.pl/oferta/pucio-mowi-dzien-dobry-galewska-kustra-marta-9165041872,13,32,0.0,10.0
kultura_i_rozrywka,Książki i komiksy,Podręczniki,ELEMENTARZ Marian Falski ilustracje. J. Grabiański,https://allegro.pl/oferta/elementarz-marian-falski-ilustracje-j-grabianski-8405854211,49,39,1.0,6.0
kultura_i_rozrywka,Książki i komiksy,Poradniki i albumy,JAK MNIEJ MYŚLEĆ - Petitcollin Christel,https://allegro.pl/oferta/jak-mniej-myslec-petitcollin-christel-8151886636,19,154,2.0,10.0
kultura_i_rozrywka,Książki i komiksy,Poradniki i albumy,Jak przestać się martwić i zacząć żyć. Carnegie,https://allegro.pl/oferta/jak-przestac-sie-martwic-i-zaczac-zyc-carnegie-8030309117,19,185,10.0,10.0
kultura_i_rozrywka,Książki i komiksy,Poradniki i albumy,SAMOLECZENIE METODĄ B.S.M. z CD Piotr Lewandowski,https://allegro.pl/oferta/samoleczenie-metoda-b-s-m-z-cd-piotr-lewandowski-8638249958,21,158,3.0,9.0
kultura_i_rozrywka,Książki i komiksy,Poradniki i albumy,12 życiowych zasad. Antidotum na chaos. Peterson,https://allegro.pl/oferta/12-zyciowych-zasad-antidotum-na-chaos-peterson-8173046498,42,145,0.0,0.0
kultura_i_rozrywka,Książki i komiksy,Poradniki i albumy,SZTUKA RYSOWANIA praca zbiorowa,https://allegro.pl/oferta/sztuka-rysowania-praca-zbiorowa-8951684432,33,159,3.0,4.0
kultura_i_rozrywka,Książki i komiksy,Książki kucharskie,PRZEPIŚNIK ZESZYT DO PRZEPISÓW KULINARNYCH B5,https://allegro.pl/oferta/przepisnik-zeszyt-do-przepisow-kulinarnych-b5-8567148728,19,76,9.0,10.0
kultura_i_rozrywka,Książki i komiksy,Książki kucharskie,PRZEPIŚNIK BRULION ZESZYT NA PRZEPISY INTER DRUK,https://allegro.pl/oferta/przepisnik-brulion-zeszyt-na-przepisy-inter-druk-9132472000,42,20,2.0,6.0
kultura_i_rozrywka,Książki i komiksy,Książki kucharskie,PRZEPIŚNIK Zeszyt Kołozeszyt Notes na przepisy,https://allegro.pl/oferta/przepisnik-zeszyt-kolozeszyt-notes-na-przepisy-9223226640,80,0,0.0,0.0
kultura_i_rozrywka,Książki i komiksy,Książki kucharskie,Jadłonomia. Kuchnia roślinna. 100 przepisów. Dymek,https://allegro.pl/oferta/jadlonomia-kuchnia-roslinna-100-przepisow-dymek-8996083552,28,81,10.0,9.0
kultura_i_rozrywka,Książki i komiksy,Książki kucharskie,Fit przepisy od baletnicy. Svetlana Ovsyankina.,https://allegro.pl/oferta/fit-przepisy-od-baletnicy-svetlana-ovsyankina-8802455138,23,70,9.0,9.0
kultura_i_rozrywka,Gry,Gry na PC,Forza Horizon 4 ULTIMATE ONLINE PC NOWE KONTO PC,https://allegro.pl/oferta/forza-horizon-4-ultimate-online-pc-nowe-konto-pc-8471452835,8,1131,10.0,10.0
kultura_i_rozrywka,Gry,Gry na PC,SnowRunner EPIC GAMES KONTO VIP + GRATIS,https://allegro.pl/oferta/snowrunner-epic-games-konto-vip-gratis-9210739784,17,208,0.0,0.0
kultura_i_rozrywka,Gry,Gry na PC,60 GIER GTA 5 MAFIA 3 BATTLEFIELD 1 METRO EXODUS,https://allegro.pl/oferta/60-gier-gta-5-mafia-3-battlefield-1-metro-exodus-8917811517,13,291,1.0,4.0
kultura_i_rozrywka,Gry,Gry na PC,THE SIMS 3 + WSZYSTKIE DODATKI STEAM + 100 GIER,https://allegro.pl/oferta/the-sims-3-wszystkie-dodatki-steam-100-gier-7110187444,9,578,4.0,9.0
kultura_i_rozrywka,Gry,Gry na PC,RED DEAD REDEMPTION 2 + ALL DLC PC STEAM KONTO VIP,https://allegro.pl/oferta/red-dead-redemption-2-all-dlc-pc-steam-konto-vip-8728006279,9,566,4.0,9.0
kultura_i_rozrywka,Gry,Gry na PS4,God of War PL Dubbing PS4 GAMEFINITY,https://allegro.pl/oferta/god-of-war-pl-dubbing-ps4-gamefinity-8545366381,58,225,10.0,10.0
kultura_i_rozrywka,Gry,Gry na PS4,GRAND THEFT AUTO V GTA 5 PL PS4 EDYCJA PREMIUM,https://allegro.pl/oferta/grand-theft-auto-v-gta-5-pl-ps4-edycja-premium-8560436661,95,154,5.0,4.0
kultura_i_rozrywka,Gry,Gry na PS4,Nowa Gra PS4 Spider-Man Dubbing PL,https://allegro.pl/oferta/nowa-gra-ps4-spider-man-dubbing-pl-9193976268,73,102,1.0,8.0
kultura_i_rozrywka,Gry,Gry na PS4,RED DEAD REDEMPTION 2 PO POLSKU PS4,https://allegro.pl/oferta/red-dead-redemption-2-po-polsku-ps4-8683492160,119,82,0.0,0.0
kultura_i_rozrywka,Gry,Gry na PS4,WIEDŹMIN 3 DZIKI GON - EDYCJA GRY ROKU PL PS4,https://allegro.pl/oferta/wiedzmin-3-dziki-gon-edycja-gry-roku-pl-ps4-9174823945,82,97,1.0,6.0
kultura_i_rozrywka,Gry,Gry na Xbox 360,GTA 5 V PL,https://allegro.pl/oferta/gta-5-v-pl-9185539557,11,36,1.0,10.0
kultura_i_rozrywka,Gry,Gry na Xbox 360,FIFA 19 XBOX 360 -EDYCJA LEGACY - POLSKI KOMENTARZ,https://allegro.pl/oferta/fifa-19-xbox-360-edycja-legacy-polski-komentarz-7588894398,69,28,1.0,1.0
kultura_i_rozrywka,Gry,Gry na Xbox 360,GTA V 5 PL + bonus Xbox 360 Nowa Pudełkowa z Płytą,https://allegro.pl/oferta/gta-v-5-pl-bonus-xbox-360-nowa-pudelkowa-z-plyta-8493142006,79,249,10.0,0.0
kultura_i_rozrywka,Gry,Gry na Xbox 360,Mortal Kombat,https://allegro.pl/oferta/mortal-kombat-9206870213,11,5,0.0,10.0
kultura_i_rozrywka,Gry,Gry na Xbox 360,Gra XBOX 360 Rayman Legends PL Folia,https://allegro.pl/oferta/gra-xbox-360-rayman-legends-pl-folia-9128213381,59,121,5.0,3.0
kultura_i_rozrywka,Gry,Gry na Xbox One,Call of Duty: Modern Warfare 2 Campaign Remastered,https://allegro.pl/oferta/call-of-duty-modern-warfare-2-campaign-remastered-9222928767,8,15,0.0,10.0
kultura_i_rozrywka,Gry,Gry na Xbox One,GRAND THEFT AUTO V GTA 5 XBOX ONE,https://allegro.pl/oferta/grand-theft-auto-v-gta-5-xbox-one-8290916155,24,71,3.0,3.0
kultura_i_rozrywka,Gry,Gry na Xbox One,15 in 1   GRY CYFROWE XBOX ONE  1 KONTO 15 GIER,https://allegro.pl/oferta/15-in-1-gry-cyfrowe-xbox-one-1-konto-15-gier-8798409597,30,67,3.0,0.0
kultura_i_rozrywka,Gry,Gry na Xbox One,FIFA 20 EDYCJA ULTIMATE 2020 XBOX ONE PL DUBBING,https://allegro.pl/oferta/fifa-20-edycja-ultimate-2020-xbox-one-pl-dubbing-9078801181,9,186,10.0,10.0
kultura_i_rozrywka,Gry,Gry na Xbox One,FIFA 20 EDYCJA ULTIMATE 2020 DUBBING PL XBOX ONE,https://allegro.pl/oferta/fifa-20-edycja-ultimate-2020-dubbing-pl-xbox-one-8647269355,29,44,2.0,0.0
kultura_i_rozrywka,Gry,Gry na konsole,Call of Duty: Modern Warfare 2 Campaign Remastered,https://allegro.pl/oferta/call-of-duty-modern-warfare-2-campaign-remastered-9222928767,8,15,0.0,10.0
kultura_i_rozrywka,Gry,Gry na konsole,GTA 5 V PL,https://allegro.pl/oferta/gta-5-v-pl-9185539557,11,36,1.0,9.0
kultura_i_rozrywka,Gry,Gry na konsole,GRAND THEFT AUTO V GTA 5 XBOX ONE,https://allegro.pl/oferta/grand-theft-auto-v-gta-5-xbox-one-8290916155,24,71,3.0,7.0
kultura_i_rozrywka,Gry,Gry na konsole,15 in 1   GRY CYFROWE XBOX ONE  1 KONTO 15 GIER,https://allegro.pl/oferta/15-in-1-gry-cyfrowe-xbox-one-1-konto-15-gier-8798409597,30,67,2.0,6.0
kultura_i_rozrywka,Gry,Gry na konsole,God of War PL Dubbing PS4 GAMEFINITY,https://allegro.pl/oferta/god-of-war-pl-dubbing-ps4-gamefinity-8545366381,58,225,10.0,0.0
kultura_i_rozrywka,Gry,Gry planszowe,25 gier zestaw gry planszowe rodzinne Alexander PL,https://allegro.pl/oferta/25-gier-zestaw-gry-planszowe-rodzinne-alexander-pl-8650313907,29,152,1.0,10.0
kultura_i_rozrywka,Gry,Gry planszowe,GRA EUROBIZNES MONOPOL EUROBUSINESS PLANSZOWA,https://allegro.pl/oferta/gra-eurobiznes-monopol-eurobusiness-planszowa-7888308519,29,593,6.0,10.0
kultura_i_rozrywka,Gry,Gry planszowe,JUMANJI GRA PLANSZOWA PRZYGODOWA SPIN MASTER,https://allegro.pl/oferta/jumanji-gra-planszowa-przygodowa-spin-master-8033356255,94,50,0.0,2.0
kultura_i_rozrywka,Gry,Gry planszowe,GRA EROTYCZNA + Akcesoria - Zabawki Erotyczne SEX,https://allegro.pl/oferta/gra-erotyczna-akcesoria-zabawki-erotyczne-sex-9107431294,40,56,0.0,9.0
kultura_i_rozrywka,Gry,Gry planszowe,Hasbro Monopoly Standard Classic C1009 NOWA WERSJA,https://allegro.pl/oferta/hasbro-monopoly-standard-classic-c1009-nowa-wersja-7090753132,106,1020,10.0,0.0
kultura_i_rozrywka,Gry,Gry karciane,ZESTAW DO POKERA 500 ŻETONY NOMINAŁ KARTY MATA WAW,https://allegro.pl/oferta/zestaw-do-pokera-500-zetony-nominal-karty-mata-waw-7101991180,129,148,7.0,0.0
kultura_i_rozrywka,Gry,Gry karciane,karty pokemon SOL&LUNA MENTES UNIDAS 25szt,https://allegro.pl/oferta/karty-pokemon-sol-luna-mentes-unidas-25szt-8668125357,7,135,6.0,10.0
kultura_i_rozrywka,Gry,Gry karciane,2 X KARTY DO GRY TALIE PIATNIK LIŚĆ DĘBU POKER LUX,https://allegro.pl/oferta/2-x-karty-do-gry-talie-piatnik-lisc-debu-poker-lux-7640187998,40,187,10.0,7.0
kultura_i_rozrywka,Gry,Gry karciane,ZESTAW DO POKERA ŻETONY KARTY MATA POKER GRATISY !,https://allegro.pl/oferta/zestaw-do-pokera-zetony-karty-mata-poker-gratisy-6542078701,49,60,0.0,7.0
kultura_i_rozrywka,Gry,Gry karciane,KARTY DO GRY 100% PLASTIK POKER - CZARNE / ZŁOTE,https://allegro.pl/oferta/karty-do-gry-100-plastik-poker-czarne-zlote-8325353664,29,64,0.0,8.0
kultura_i_rozrywka,Gry,Gry na PS3,GTA 5 - Grand Theft Auto V PL PS3 / Nowa,https://allegro.pl/oferta/gta-5-grand-theft-auto-v-pl-ps3-nowa-9039547898,77,237,10.0,0.0
kultura_i_rozrywka,Gry,Gry na PS3,Need for Speed Rivals PS3 po Polsku PL NOWA,https://allegro.pl/oferta/need-for-speed-rivals-ps3-po-polsku-pl-nowa-9168721928,54,32,0.0,4.0
kultura_i_rozrywka,Gry,Gry na PS3,Nowa Gra PS3 FIFA 17 2017 Polski Komentarz DUBBING,https://allegro.pl/oferta/nowa-gra-ps3-fifa-17-2017-polski-komentarz-dubbing-8879188075,19,136,5.0,10.0
kultura_i_rozrywka,Gry,Gry na PS3,lego harry potter 1-4,https://allegro.pl/oferta/lego-harry-potter-1-4-8772425203,55,47,1.0,4.0
kultura_i_rozrywka,Gry,Gry na PS3,Battlefield Hardline PS3 Polski Dubbing PL NOWA,https://allegro.pl/oferta/battlefield-hardline-ps3-polski-dubbing-pl-nowa-9168699396,29,36,0.0,8.0
kultura_i_rozrywka,Gry,Gry strategiczne,Mount & Blade II 2 Bannerlord + WSZYSTKIE DLC,https://allegro.pl/oferta/mount-blade-ii-2-bannerlord-wszystkie-dlc-7382395921,7,705,10.0,10.0
kultura_i_rozrywka,Gry,Gry strategiczne,Gears Tactics + WSZYSTKIE DLC STEAM VIP,https://allegro.pl/oferta/gears-tactics-wszystkie-dlc-steam-vip-9114443886,9,35,0.0,5.0
kultura_i_rozrywka,Gry,Gry strategiczne,ANNO 1800 DELUXE PC PL + WSZYSTKIE DODATKI VIP,https://allegro.pl/oferta/anno-1800-deluxe-pc-pl-wszystkie-dodatki-vip-7737953091,11,256,4.0,0.0
kultura_i_rozrywka,Gry,Gry strategiczne,ANNO 1800 DELUXE PL|+WSZYSTKIE DODATKI|KONTO ViP|,https://allegro.pl/oferta/anno-1800-deluxe-pl-wszystkie-dodatki-konto-vip-7971533670,10,104,1.0,2.0
kultura_i_rozrywka,Gry,Gry strategiczne,Gears Tactics + WSZYSTKIE DLC STEAM VIP + BONUS,https://allegro.pl/oferta/gears-tactics-wszystkie-dlc-steam-vip-bonus-9217415193,10,11,0.0,2.0
kultura_i_rozrywka,Gry,Gry online MMO,League of Legends LoL smurf konto EUNE 20+ Kapsuł,https://allegro.pl/oferta/league-of-legends-lol-smurf-konto-eune-20-kapsul-8775425557,21,694,10.0,10.0
kultura_i_rozrywka,Gry,Gry online MMO,League of Legends KONTO LOL Unranked EUW 50k+ BE,https://allegro.pl/oferta/league-of-legends-konto-lol-unranked-euw-50k-be-8702691216,25,502,7.0,10.0
kultura_i_rozrywka,Gry,Gry online MMO,Konto CS:GO Prime STEAM Global Offensive,https://allegro.pl/oferta/konto-cs-go-prime-steam-global-offensive-8892008098,44,90,1.0,10.0
kultura_i_rozrywka,Gry,Gry online MMO,Tibia 970+ EK/ 7 Charms/Optional PvP 100kk GRATIS,https://allegro.pl/oferta/tibia-970-ek-7-charms-optional-pvp-100kk-gratis-9207083002,8500,0,0.0,0.0
kultura_i_rozrywka,Gry,Gry online MMO,WORLD OF TANKS KONTO Super Hellcat + 1050 golda,https://allegro.pl/oferta/world-of-tanks-konto-super-hellcat-1050-golda-9211354872,62,0,0.0,10.0
kultura_i_rozrywka,Instrumenty,Gitary i akcesoria,HARLEY BENTON UK12 ukulele różne kolory ZESTAW,https://allegro.pl/oferta/harley-benton-uk12-ukulele-rozne-kolory-zestaw-7550044079,145,571,10.0,4.0
kultura_i_rozrywka,Instrumenty,Gitary i akcesoria,DREWNIANE UKULELE ECHO - AŻ 11 KOLORÓW !!!,https://allegro.pl/oferta/drewniane-ukulele-echo-az-11-kolorow-8007580775,89,230,3.0,10.0
kultura_i_rozrywka,Instrumenty,Gitary i akcesoria,GITARA KLASYCZNA 3/4 DLA POCZĄTKUJĄCEGO BLK KOLORY,https://allegro.pl/oferta/gitara-klasyczna-3-4-dla-poczatkujacego-blk-kolory-8676209822,188,76,0.0,0.0
kultura_i_rozrywka,Instrumenty,Gitary i akcesoria,GITARA KLASYCZNA AKUSTYCZNA ECHO + SUPER DODATKI,https://allegro.pl/oferta/gitara-klasyczna-akustyczna-echo-super-dodatki-7323409890,169,122,1.0,2.0
kultura_i_rozrywka,Instrumenty,Gitary i akcesoria,HARLEY BENTON UK12 ukulele różne kolory ZESTAW-HIT,https://allegro.pl/oferta/harley-benton-uk12-ukulele-rozne-kolory-zestaw-hit-8859696419,159,217,3.0,3.0
kultura_i_rozrywka,Instrumenty,Instrumenty klawiszowe,Keyboard Organy Elektroniczne do Nauki Mikrofon 61,https://allegro.pl/oferta/keyboard-organy-elektroniczne-do-nauki-mikrofon-61-8601573375,74,256,10.0,10.0
kultura_i_rozrywka,Instrumenty,Instrumenty klawiszowe,KEYBOARD ORGANY ELEKTRONICZNE DO NAUKI MIKROFON 61,https://allegro.pl/oferta/keyboard-organy-elektroniczne-do-nauki-mikrofon-61-9102332482,130,45,1.0,10.0
kultura_i_rozrywka,Instrumenty,Instrumenty klawiszowe,Keyboard Casio CT-X700 Black Czarny,https://allegro.pl/oferta/keyboard-casio-ct-x700-black-czarny-9129448510,699,21,0.0,6.0
kultura_i_rozrywka,Instrumenty,Instrumenty klawiszowe,CASIO LK-136 keyboard z podświetlaną klawiaturą,https://allegro.pl/oferta/casio-lk-136-keyboard-z-podswietlana-klawiatura-9025611906,638,19,0.0,7.0
kultura_i_rozrywka,Instrumenty,Instrumenty klawiszowe,Yamaha P-45 B - Piano cyfrowe,https://allegro.pl/oferta/yamaha-p-45-b-piano-cyfrowe-9150155060,1749,9,0.0,0.0
kultura_i_rozrywka,Instrumenty,Instrumenty perkusyjne,Mapex Tornado TND5254TC DK zestaw perkusyjny,https://allegro.pl/oferta/mapex-tornado-tnd5254tc-dk-zestaw-perkusyjny-9106515201,1599,2,0.0,0.0
kultura_i_rozrywka,Instrumenty,Instrumenty perkusyjne,TAMBURYN DLA DZIECI TAMBURYNO INSTRUMENT V2 MIX,https://allegro.pl/oferta/tamburyn-dla-dzieci-tamburyno-instrument-v2-mix-8541091448,2,262,10.0,10.0
kultura_i_rozrywka,Instrumenty,Instrumenty perkusyjne,KALIMBA ArsNova WK-10NMR,https://allegro.pl/oferta/kalimba-arsnova-wk-10nmr-8690062438,145,29,1.0,9.0
kultura_i_rozrywka,Instrumenty,Instrumenty perkusyjne,Kalimba karimba z kokosa - 7 tonowa instrument,https://allegro.pl/oferta/kalimba-karimba-z-kokosa-7-tonowa-instrument-9095415695,33,3,0.0,10.0
kultura_i_rozrywka,Instrumenty,Instrumenty perkusyjne,MSONIC BĘBNY SYJAMSKIE SKÓRA BĘBENEK MI6145H,https://allegro.pl/oferta/msonic-bebny-syjamskie-skora-bebenek-mi6145h-6531657816,19,13,0.0,10.0
kultura_i_rozrywka,Instrumenty,Instrumenty dęte,Harmonijka ustna najpopularniejszy model C,https://allegro.pl/oferta/harmonijka-ustna-najpopularniejszy-model-c-6799963073,23,178,10.0,10.0
kultura_i_rozrywka,Instrumenty,Instrumenty dęte,Harmonijka diatoniczna dla początkujących Blues C,https://allegro.pl/oferta/harmonijka-diatoniczna-dla-poczatkujacych-blues-c-9057179995,27,139,8.0,10.0
kultura_i_rozrywka,Instrumenty,Instrumenty dęte,NOWA TRĄBKA CARVELLI CTP 115 + FUTERAŁ,https://allegro.pl/oferta/nowa-trabka-carvelli-ctp-115-futeral-5596239453,499,5,0.0,0.0
kultura_i_rozrywka,Instrumenty,Instrumenty dęte,Suzuki Folk Master 1072 C - Harmonijka + Futerał,https://allegro.pl/oferta/suzuki-folk-master-1072-c-harmonijka-futeral-9044237472,47,0,0.0,10.0
kultura_i_rozrywka,Instrumenty,Instrumenty dęte,HARMONIJKA Organki ustne Organka ustna Tremolo,https://allegro.pl/oferta/harmonijka-organki-ustne-organka-ustna-tremolo-9224745484,32,1,0.0,10.0
kultura_i_rozrywka,Kody i doładowania,Kody do gier,PLAYSTATION PLUS 14 DNI | PS4,https://allegro.pl/oferta/playstation-plus-14-dni-ps4-7894796890,3,3053,10.0,10.0
kultura_i_rozrywka,Kody i doładowania,Kody do gier,Xbox Live Gold 14 dni + Game Pass 14 dni XBOX ONE,https://allegro.pl/oferta/xbox-live-gold-14-dni-game-pass-14-dni-xbox-one-8848635000,11,991,3.0,6.0
kultura_i_rozrywka,Kody i doładowania,Kody do gier,Xbox ONE Game Pass + LIVE GOLD Ultimate 14 DNI,https://allegro.pl/oferta/xbox-one-game-pass-live-gold-ultimate-14-dni-8610270679,11,767,2.0,6.0
kultura_i_rozrywka,Kody i doładowania,Kody do gier,PLAYSTATION PLUS 14 DNI | PS4,https://allegro.pl/oferta/playstation-plus-14-dni-ps4-7894000789,3,2670,9.0,10.0
kultura_i_rozrywka,Kody i doładowania,Kody do gier,PLAYSTATION PLUS 365 DNI (26x14+1) PS+ 365 DNI PS4,https://allegro.pl/oferta/playstation-plus-365-dni-26x14-1-ps-365-dni-ps4-8482856359,24,257,0.0,0.0
kultura_i_rozrywka,Kody i doładowania,Muzyka,SPOTIFY PREMIUM - na Twoim koncie - 365 dni,https://allegro.pl/oferta/spotify-premium-na-twoim-koncie-365-dni-9179927977,30,165,0.0,0.0
kultura_i_rozrywka,Kody i doładowania,Muzyka,SPOTIFY PREMIUM - 365 DNI - INDYWIDUALNE,https://allegro.pl/oferta/spotify-premium-365-dni-indywidualne-8811817361,14,2761,10.0,6.0
kultura_i_rozrywka,Kody i doładowania,Muzyka,Spotify premium Promocja 30 dni,https://allegro.pl/oferta/spotify-premium-promocja-30-dni-9071674681,4,673,2.0,10.0
kultura_i_rozrywka,Kody i doładowania,Muzyka,SPOTIFY PREMIUM 60 DNI - INDYWIDUALNE,https://allegro.pl/oferta/spotify-premium-60-dni-indywidualne-9113338831,9,284,1.0,8.0
kultura_i_rozrywka,Kody i doładowania,Muzyka,SPOTIFY PREMIUM - 2 LATA - INDYWIDUALNE,https://allegro.pl/oferta/spotify-premium-2-lata-indywidualne-8810547999,29,118,0.0,0.0
kultura_i_rozrywka,Kody i doładowania,Karty podarunkowe,ROBUX ROBLOX 800 [KOD AKTYWACYJNY],https://allegro.pl/oferta/robux-roblox-800-kod-aktywacyjny-8797674888,52,131,1.0,9.0
kultura_i_rozrywka,Kody i doładowania,Karty podarunkowe,Google Play 20 zł Kod podarunkowy,https://allegro.pl/oferta/google-play-20-zl-kod-podarunkowy-8683536940,21,1153,10.0,10.0
kultura_i_rozrywka,Kody i doładowania,Karty podarunkowe,ROBUX ROBLOX 4500 [KOD AKTYWACYJNY],https://allegro.pl/oferta/robux-roblox-4500-kod-aktywacyjny-9109354060,239,14,0.0,0.0
kultura_i_rozrywka,Kody i doładowania,Karty podarunkowe,SF SHAKES AND FIDGET 500 GRZYBKÓW PAKIET ZWIADOWCA,https://allegro.pl/oferta/sf-shakes-and-fidget-500-grzybkow-pakiet-zwiadowca-9014252141,69,9,0.0,8.0
kultura_i_rozrywka,Kody i doładowania,Karty podarunkowe,Karta Podarunkowa Dla Gracza- 50 zł,https://allegro.pl/oferta/karta-podarunkowa-dla-gracza-50-zl-7260018301,50,15,0.0,9.0
kultura_i_rozrywka,Kody i doładowania,Płatności internetowe,PAYSAFECARD PSC 20 zł,https://allegro.pl/oferta/paysafecard-psc-20-zl-7588644537,22,1059,10.0,6.0
kultura_i_rozrywka,Kody i doładowania,Płatności internetowe,PAYSAFECARD PSC 50 zł,https://allegro.pl/oferta/paysafecard-psc-50-zl-7588645225,55,844,8.0,0.0
kultura_i_rozrywka,Kody i doładowania,Płatności internetowe,PAYSAFECARD PSC 30 zł,https://allegro.pl/oferta/paysafecard-psc-30-zl-7588644842,33,593,5.0,4.0
kultura_i_rozrywka,Kody i doładowania,Płatności internetowe,PAYSAFECARD 20 PLN ZŁ PSC KOD KARTA PODARUNKOWA,https://allegro.pl/oferta/paysafecard-20-pln-zl-psc-kod-karta-podarunkowa-8810761125,21,263,2.0,6.0
kultura_i_rozrywka,Kody i doładowania,Płatności internetowe,TIDAL HIFI MASTER 90 DNI |3 MIESIĄCE |,https://allegro.pl/oferta/tidal-hifi-master-90-dni-3-miesiace-9205392310,2,35,0.0,10.0
kultura_i_rozrywka,Muzyka,Płyty CD,Niemożliwe CD. Kwiat jabłoni,https://allegro.pl/oferta/niemozliwe-cd-kwiat-jabloni-8129254052,28,177,2.0,10.0
kultura_i_rozrywka,Muzyka,Płyty CD,QUEBONAFIDE- ROMANTIC PSYCHO JAPAN EDITION,https://allegro.pl/oferta/quebonafide-romantic-psycho-japan-edition-9118418386,44,826,10.0,0.0
kultura_i_rozrywka,Muzyka,Płyty CD,HURT Wyprzedaż CD 45 sztuk za grosze zestaw pakiet,https://allegro.pl/oferta/hurt-wyprzedaz-cd-45-sztuk-za-grosze-zestaw-pakiet-9220837105,39,0,0.0,3.0
kultura_i_rozrywka,Muzyka,Płyty CD,VADER - Solitude In Madnes - CD - Nowość,https://allegro.pl/oferta/vader-solitude-in-madnes-cd-nowosc-9225117274,38,3,0.0,4.0
kultura_i_rozrywka,Muzyka,Płyty CD,QUEBONAFIDE - ROMANTIC PSYCHO EU EDITION,https://allegro.pl/oferta/quebonafide-romantic-psycho-eu-edition-9200827683,41,37,0.0,2.0
kultura_i_rozrywka,Muzyka,Plyty winylowe,3 ZŁ PŁYTY WINYLOWE DOBRE STANY HURT 3 ZŁ PŁYTA !,https://allegro.pl/oferta/3-zl-plyty-winylowe-dobre-stany-hurt-3-zl-plyta-9220856420,3,0,0.0,10.0
kultura_i_rozrywka,Muzyka,Plyty winylowe,KOLEKCJA DUŻYCH PŁYT WINYLOWYCH PONAD 70 SZT (2),https://allegro.pl/oferta/kolekcja-duzych-plyt-winylowych-ponad-70-szt-2-9207951071,32,6,1.0,6.0
kultura_i_rozrywka,Muzyka,Plyty winylowe,ZESTAW 30 WINYLI 7 cali SUPER STAN OPIS ROCK POP,https://allegro.pl/oferta/zestaw-30-winyli-7-cali-super-stan-opis-rock-pop-9220847013,69,0,0.0,0.0
kultura_i_rozrywka,Muzyka,Plyty winylowe,OKŁADKI na winyle LP GRUBA DOBRA FOLIA 0 12mm100x,https://allegro.pl/oferta/okladki-na-winyle-lp-gruba-dobra-folia-0-12mm100x-6149902467,40,67,10.0,4.0
kultura_i_rozrywka,Muzyka,Plyty winylowe,SCORPIONS - VIRGIN KILLER - LP 2015,https://allegro.pl/oferta/scorpions-virgin-killer-lp-2015-9217213346,50,7,1.0,3.0
kultura_i_rozrywka,Muzyka,Gadżety muzyczne,MASKA DOM Z PAPIERU LA CASA DE PAPEL BLUZA BELLA,https://allegro.pl/oferta/maska-dom-z-papieru-la-casa-de-papel-bluza-bella-9203927252,44,2,0.0,3.0
kultura_i_rozrywka,Muzyka,Gadżety muzyczne,STOPERY ZATYCZKI DO USZU HASPRO SEN RELAX TŁUMIĄCE,https://allegro.pl/oferta/stopery-zatyczki-do-uszu-haspro-sen-relax-tlumiace-8917682756,49,61,10.0,2.0
kultura_i_rozrywka,Muzyka,Gadżety muzyczne,POZYTYWKA DOM Z PAPIERU BELLA CIAO LA CASA NOWA,https://allegro.pl/oferta/pozytywka-dom-z-papieru-bella-ciao-la-casa-nowa-9170217436,59,8,1.0,0.0
kultura_i_rozrywka,Muzyka,Gadżety muzyczne,ALPINE SLEEPSOFT ZATYCZKI STOPERY DO USZU - SEN,https://allegro.pl/oferta/alpine-sleepsoft-zatyczki-stopery-do-uszu-sen-8155843706,53,48,8.0,1.0
kultura_i_rozrywka,Muzyka,Gadżety muzyczne,Zatyczki stopery do uszu spania połączone sznurkie,https://allegro.pl/oferta/zatyczki-stopery-do-uszu-spania-polaczone-sznurkie-9162059730,9,33,5.0,10.0
kultura_i_rozrywka,Muzyka,Akcesoria,MASKA DOM Z PAPIERU LA CASA DE PAPEL BLUZA BELLA,https://allegro.pl/oferta/maska-dom-z-papieru-la-casa-de-papel-bluza-bella-9203927252,44,2,0.0,3.0
kultura_i_rozrywka,Muzyka,Akcesoria,STOPERY ZATYCZKI DO USZU HASPRO SEN RELAX TŁUMIĄCE,https://allegro.pl/oferta/stopery-zatyczki-do-uszu-haspro-sen-relax-tlumiace-8917682756,49,61,10.0,2.0
kultura_i_rozrywka,Muzyka,Akcesoria,POZYTYWKA DOM Z PAPIERU BELLA CIAO LA CASA NOWA,https://allegro.pl/oferta/pozytywka-dom-z-papieru-bella-ciao-la-casa-nowa-9170217436,59,8,1.0,0.0
kultura_i_rozrywka,Muzyka,Akcesoria,ALPINE SLEEPSOFT ZATYCZKI STOPERY DO USZU - SEN,https://allegro.pl/oferta/alpine-sleepsoft-zatyczki-stopery-do-uszu-sen-8155843706,53,48,8.0,1.0
kultura_i_rozrywka,Muzyka,Akcesoria,Zatyczki stopery do uszu spania połączone sznurkie,https://allegro.pl/oferta/zatyczki-stopery-do-uszu-spania-polaczone-sznurkie-9162059730,9,33,5.0,10.0
kultura_i_rozrywka,Filmy,Filmy na DVD,KRAINA LODU 2 (DVD) PL,https://allegro.pl/oferta/kraina-lodu-2-dvd-pl-8969978766,36,596,10.0,10.0
kultura_i_rozrywka,Filmy,Filmy na DVD,GWIEZDNE WOJNY: SKYWALKER. ODRODZENIE (DVD) PL,https://allegro.pl/oferta/gwiezdne-wojny-skywalker-odrodzenie-dvd-pl-9044056926,37,130,2.0,10.0
kultura_i_rozrywka,Filmy,Filmy na DVD,HURT Wyprzedaż FILMY DVD 45 sztuk za grosze zestaw,https://allegro.pl/oferta/hurt-wyprzedaz-filmy-dvd-45-sztuk-za-grosze-zestaw-9220843907,44,0,0.0,9.0
kultura_i_rozrywka,Filmy,Filmy na DVD,James Bond: Bond [DVD] KOLEKCJONERKA 22 FILMY,https://allegro.pl/oferta/james-bond-bond-dvd-kolekcjonerka-22-filmy-9082428315,99,5,0.0,0.0
kultura_i_rozrywka,Filmy,Filmy na DVD,NAPRZÓD (DVD) PL,https://allegro.pl/oferta/naprzod-dvd-pl-9195642217,37,9,0.0,10.0
kultura_i_rozrywka,Filmy,Filmy na Blu-ray,GWIEZDNE WOJNY: SKYWALKER. ODRODZENIE (2 BD) PL,https://allegro.pl/oferta/gwiezdne-wojny-skywalker-odrodzenie-2-bd-pl-9044169107,82,71,10.0,2.0
kultura_i_rozrywka,Filmy,Filmy na Blu-ray,GWIEZDNE WOJNY: SKYWALKER ODRODZENIE STEELBOOK BD,https://allegro.pl/oferta/gwiezdne-wojny-skywalker-odrodzenie-steelbook-bd-9173047433,99,45,6.0,0.0
kultura_i_rozrywka,Filmy,Filmy na Blu-ray,Blu-Ray OBCY 8. PASAŻER "NOSTROMO" folia,https://allegro.pl/oferta/blu-ray-obcy-8-pasazer-nostromo-folia-9084594692,11,14,2.0,10.0
kultura_i_rozrywka,Filmy,Filmy na Blu-ray,PTAKI NOCY - HARLEY QUINN (BD) PL,https://allegro.pl/oferta/ptaki-nocy-harley-quinn-bd-pl-9106366774,82,1,0.0,2.0
kultura_i_rozrywka,Filmy,Filmy na Blu-ray,Inwazja. Bitwa o Los Angeles Blu-ray NOWY + INNE,https://allegro.pl/oferta/inwazja-bitwa-o-los-angeles-blu-ray-nowy-inne-9220950106,29,0,0.0,8.0
kultura_i_rozrywka,Filmy,Gadżety filmowe,KUBEK LATTE Bella - DOM Z PAPIERU LA CASA DE PAPEL,https://allegro.pl/oferta/kubek-latte-bella-dom-z-papieru-la-casa-de-papel-9201487689,28,2,10.0,6.0
kultura_i_rozrywka,Filmy,Gadżety filmowe,Duży KUBEK LATTE DOM Z PAPIERU LA CASA DE PAPEL,https://allegro.pl/oferta/duzy-kubek-latte-dom-z-papieru-la-casa-de-papel-9222479343,29,0,0.0,6.0
kultura_i_rozrywka,Filmy,Gadżety filmowe,AVADA KEDAVRA KUBEK HARRY POTTER ! Prezent LUX !,https://allegro.pl/oferta/avada-kedavra-kubek-harry-potter-prezent-lux-9212253693,18,0,0.0,10.0
kultura_i_rozrywka,Filmy,Gadżety filmowe,KUBEK Lucyfer LUCIFER DIABEŁ MORNINGSTAR,https://allegro.pl/oferta/kubek-lucyfer-lucifer-diabel-morningstar-9196888015,22,0,0.0,9.0
kultura_i_rozrywka,Filmy,Gadżety filmowe,Piersiówka Czarna 270 ml z Twoim GRAWEREM ! ZARO,https://allegro.pl/oferta/piersiowka-czarna-270-ml-z-twoim-grawerem-zaro-9222521613,45,0,0.0,0.0
kultura_i_rozrywka,Filmy,Filmy dla dzieci,KRAINA LODU 2 (DVD) PL,https://allegro.pl/oferta/kraina-lodu-2-dvd-pl-8969978766,36,596,10.0,7.0
kultura_i_rozrywka,Filmy,Filmy dla dzieci,NAPRZÓD (DVD) PL,https://allegro.pl/oferta/naprzod-dvd-pl-9195642217,37,9,0.0,7.0
kultura_i_rozrywka,Filmy,Filmy dla dzieci,BYŁO SOBIE ŻYCIE. ZŁOTA KOLEKCJA HD [ BOX 6 DVD ],https://allegro.pl/oferta/bylo-sobie-zycie-zlota-kolekcja-hd-box-6-dvd-7194462324,66,44,1.0,0.0
kultura_i_rozrywka,Filmy,Filmy dla dzieci,Heidi. Część 1 DVD Folia PL,https://allegro.pl/oferta/heidi-czesc-1-dvd-folia-pl-9124624460,49,4,0.0,4.0
kultura_i_rozrywka,Filmy,Filmy dla dzieci,Psi patrol DVD Psiu-fu! 9 odcinków  115 minut - KD,https://allegro.pl/oferta/psi-patrol-dvd-psiu-fu-9-odcinkow-115-minut-kd-7440342181,24,15,0.0,10.0
kultura_i_rozrywka,Gadżety filmowe,Gadżety gamingowe,Kubek gracza prezent dzień chłopaka HIT,https://allegro.pl/oferta/kubek-gracza-prezent-dzien-chlopaka-hit-8490391957,40,17,3.0,8.0
kultura_i_rozrywka,Gadżety filmowe,Gadżety gamingowe,LAMPKA PLAYSTATION ICONS LIGHT PP4140PS,https://allegro.pl/oferta/lampka-playstation-icons-light-pp4140ps-7855459589,78,48,10.0,7.0
kultura_i_rozrywka,Gadżety filmowe,Gadżety gamingowe,KLOCKOWY KUBEK PREZENT + klocki 8 KOLORÓW do LEGO,https://allegro.pl/oferta/klockowy-kubek-prezent-klocki-8-kolorow-do-lego-8690648901,40,35,7.0,8.0
kultura_i_rozrywka,Gadżety filmowe,Gadżety gamingowe,Figurka Wiedźmin 3 Wampir Regis Dark Horse NOWA,https://allegro.pl/oferta/figurka-wiedzmin-3-wampir-regis-dark-horse-nowa-8840742416,209,10,2.0,0.0
kultura_i_rozrywka,Gadżety filmowe,Gadżety gamingowe,PROFILOWANA MASKA Z NADRUKIEM TEKSTEM OCHRONA TWAR,https://allegro.pl/oferta/profilowana-maska-z-nadrukiem-tekstem-ochrona-twar-9222185818,10,1,0.0,10.0
kultura_i_rozrywka,Gadżety filmowe,Gadżety muzyczne,PROFILOWANA MASKA Z NADRUKIEM TEKSTEM OCHRONA TWAR,https://allegro.pl/oferta/profilowana-maska-z-nadrukiem-tekstem-ochrona-twar-9222185818,10,1,1.0,10.0
kultura_i_rozrywka,Gadżety filmowe,Gadżety muzyczne,KARTY LOMO BTS BANGTAN BOYS PERSONA MAP SOUL KPOP,https://allegro.pl/oferta/karty-lomo-bts-bangtan-boys-persona-map-soul-kpop-8038175415,22,18,10.0,9.0
kultura_i_rozrywka,Gadżety filmowe,Gadżety muzyczne,Dakimakura Virtual Youtuber Kizuna Ai DO WYBORU,https://allegro.pl/oferta/dakimakura-virtual-youtuber-kizuna-ai-do-wyboru-9214975840,99,0,0.0,0.0
kultura_i_rozrywka,Gadżety filmowe,Gadżety muzyczne,KOLCZYK KOLCZYKI BTS BANGTAN BOYS JIMIN KPOP KOREA,https://allegro.pl/oferta/kolczyk-kolczyki-bts-bangtan-boys-jimin-kpop-korea-7413286740,19,14,8.0,9.0
kultura_i_rozrywka,Gadżety filmowe,Gadżety muzyczne,Mini gitara klasyczna skala 1:4 prezent dla muzyka,https://allegro.pl/oferta/mini-gitara-klasyczna-skala-1-4-prezent-dla-muzyka-8180001413,70,1,1.0,3.0
