uroda,Pielęgnacja,Kremy do twarzy,KREM SORAYA CARE CONTROL PRZECIW NIEDOSKONAŁOŚCIOM,https://allegro.pl/oferta/krem-soraya-care-control-przeciw-niedoskonalosciom-8984127532,3,1205,10.0,10.0
uroda,Pielęgnacja,Kremy do twarzy,BEZ IGIEŁ  BEZ BÓLU NA NOC + 5 KWASÓW BINGOSPA,https://allegro.pl/oferta/bez-igiel-bez-bolu-na-noc-5-kwasow-bingospa-7073322084,77,118,0.0,2.0
uroda,Pielęgnacja,Kremy do twarzy,KREM NA NOC DO CERY SUCHEJ L300 50ml,https://allegro.pl/oferta/krem-na-noc-do-cery-suchej-l300-50ml-8984201696,9,611,5.0,9.0
uroda,Pielęgnacja,Kremy do twarzy,PURITO Centella Green Level Unscented Sun SPF50+,https://allegro.pl/oferta/purito-centella-green-level-unscented-sun-spf50-8860131235,91,574,4.0,0.0
uroda,Pielęgnacja,Kremy do twarzy,KREM NAWILŻAJĄCO - MATUJĄCY SORAYA CARE CONTROL,https://allegro.pl/oferta/krem-nawilzajaco-matujacy-soraya-care-control-8981325497,2,506,4.0,10.0
uroda,Pielęgnacja,Maseczki do twarzy,Maseczka wielorazowa nadruk napis PIS Antywirusowa,https://allegro.pl/oferta/maseczka-wielorazowa-nadruk-napis-pis-antywirusowa-9234940385,16,42,0.0,3.0
uroda,Pielęgnacja,Maseczki do twarzy,PILATEN BLACK 60g + WHITE 75g MASK WĄGRY MASECZKA,https://allegro.pl/oferta/pilaten-black-60g-white-75g-mask-wagry-maseczka-8866126134,20,283,3.0,0.0
uroda,Pielęgnacja,Maseczki do twarzy,PILATEN PŁATKI KOLAGENOWE POD OCZY CRYSTAL 10szt,https://allegro.pl/oferta/pilaten-platki-kolagenowe-pod-oczy-crystal-10szt-8909639835,9,761,10.0,8.0
uroda,Pielęgnacja,Maseczki do twarzy,PILATEN BLACK MASK CZARNA MASKA 10 szt,https://allegro.pl/oferta/pilaten-black-mask-czarna-maska-10-szt-7078193144,6,301,4.0,10.0
uroda,Pielęgnacja,Maseczki do twarzy,PILATEN BLACK MASK CZARNA MASKA DUŻA TUBA 60g PL,https://allegro.pl/oferta/pilaten-black-mask-czarna-maska-duza-tuba-60g-pl-6783268113,10,253,3.0,7.0
uroda,Pielęgnacja,Serum do twarzy,KWAS HIALURONOWY 3% trójaktywny serum 30ml,https://allegro.pl/oferta/kwas-hialuronowy-3-trojaktywny-serum-30ml-6851005976,13,418,10.0,10.0
uroda,Pielęgnacja,Serum do twarzy,The Ordinary Hyaluronic Acid 2% + B5 Serum 30ml,https://allegro.pl/oferta/the-ordinary-hyaluronic-acid-2-b5-serum-30ml-8827709590,43,44,0.0,0.0
uroda,Pielęgnacja,Serum do twarzy,KWAS HIALURONOWY 3% 30ml TRÓJAKTYWNY serum żel,https://allegro.pl/oferta/kwas-hialuronowy-3-30ml-trojaktywny-serum-zel-6877299291,15,344,8.0,9.0
uroda,Pielęgnacja,Serum do twarzy,LULLALOVE Kwas Hialuronowy 3% Bez Konserwantów,https://allegro.pl/oferta/lullalove-kwas-hialuronowy-3-bez-konserwantow-8643580647,29,144,3.0,5.0
uroda,Pielęgnacja,Serum do twarzy,BIOLIQ PRO SERUM REWITALIZUJĄCE 30 ml,https://allegro.pl/oferta/bioliq-pro-serum-rewitalizujace-30-ml-9019737901,23,91,1.0,7.0
uroda,Pielęgnacja,Oczyszczanie i demakijaż,LA ROCHE POSAY EFFACLAR ŻEL DO MYCIA 400ML,https://allegro.pl/oferta/la-roche-posay-effaclar-zel-do-mycia-400ml-7971863143,49,576,10.0,4.0
uroda,Pielęgnacja,Oczyszczanie i demakijaż,MIYA Lekki Olejek Do Demakijażu Twarzy Oczu Ust,https://allegro.pl/oferta/miya-lekki-olejek-do-demakijazu-twarzy-oczu-ust-7243614207,28,86,1.0,8.0
uroda,Pielęgnacja,Oczyszczanie i demakijaż,SUNEW med Żel rozpuszczający naskórek z witaminą C,https://allegro.pl/oferta/sunew-med-zel-rozpuszczajacy-naskorek-z-witamina-c-9291267946,72,4,2.0,10.0
uroda,Pielęgnacja,Oczyszczanie i demakijaż,Płatki kosmetyczne bawełniane waciki ok. 1200 szt,https://allegro.pl/oferta/platki-kosmetyczne-bawelniane-waciki-ok-1200-szt-8431478395,17,121,0.0,0.0
uroda,Pielęgnacja,Oczyszczanie i demakijaż,LA ROCHE POSAY EFFACLAR ŻEL DO MYCIA TWARZY 400ML,https://allegro.pl/oferta/la-roche-posay-effaclar-zel-do-mycia-twarzy-400ml-8122106776,52,75,1.0,4.0
uroda,Pielęgnacja,Kąpiel i prysznic,NATURALNA SZCZOTKA DO MASAŻU CIAŁA NA SUCHO MOKRO,https://allegro.pl/oferta/naturalna-szczotka-do-masazu-ciala-na-sucho-mokro-8743114736,19,466,8.0,9.0
uroda,Pielęgnacja,Kąpiel i prysznic,Dove Nourishing żel pod prysznic zestaw 4 x 750 ml,https://allegro.pl/oferta/dove-nourishing-zel-pod-prysznic-zestaw-4-x-750-ml-9234522099,44,524,10.0,1.0
uroda,Pielęgnacja,Kąpiel i prysznic,Siarczan magnezu sól gorzka czysty 99 5% epsom 5kg,https://allegro.pl/oferta/siarczan-magnezu-sol-gorzka-czysty-99-5-epsom-5kg-8177887933,17,499,9.0,10.0
uroda,Pielęgnacja,Kąpiel i prysznic,Dove Nourishing żel pod prysznic 4 x 750 ml,https://allegro.pl/oferta/dove-nourishing-zel-pod-prysznic-4-x-750-ml-9238879426,44,259,3.0,1.0
uroda,Pielęgnacja,Kąpiel i prysznic,Dove Nourishing żel pod prysznic mix 6 x 500 ml,https://allegro.pl/oferta/dove-nourishing-zel-pod-prysznic-mix-6-x-500-ml-9234521678,47,157,0.0,0.0
uroda,Pielęgnacja,Golenie i depilacja,GILLETTE MACH 3 ORYGINALNE OSTRZA 8szt + GRATIS,https://allegro.pl/oferta/gillette-mach-3-oryginalne-ostrza-8szt-gratis-7324941782,49,994,10.0,9.0
uroda,Pielęgnacja,Golenie i depilacja,DEPILATOR TRYMER DO BRWI TWARZY W FORMIE SZMINKI,https://allegro.pl/oferta/depilator-trymer-do-brwi-twarzy-w-formie-szminki-9250320455,23,319,2.0,10.0
uroda,Pielęgnacja,Golenie i depilacja,GILLETTE MACH 3 OSTRZA 8szt + MASZYNKA DO GOLENIA,https://allegro.pl/oferta/gillette-mach-3-ostrza-8szt-maszynka-do-golenia-7807269726,59,424,4.0,9.0
uroda,Pielęgnacja,Golenie i depilacja,DEPILATOR LASEROWY IPL USUWANIA WŁOSÓW bezbolesne,https://allegro.pl/oferta/depilator-laserowy-ipl-usuwania-wlosow-bezbolesne-8978282847,239,118,0.0,8.0
uroda,Pielęgnacja,Golenie i depilacja,DEPILATOR TRYMER DO BRWI TWARZY Flawless Brows USB,https://allegro.pl/oferta/depilator-trymer-do-brwi-twarzy-flawless-brows-usb-9278519926,37,94,0.0,0.0
uroda,Pielęgnacja,Kosmetyki do opalania,LIRENE RAJSTOPY W SPRAYU JASNA KARNACJA 200ml,https://allegro.pl/oferta/lirene-rajstopy-w-sprayu-jasna-karnacja-200ml-8818199901,7,257,10.0,10.0
uroda,Pielęgnacja,Kosmetyki do opalania,ST.MORIZ ZESTAW Mus Błyskawiczny 200ml + Rękawica,https://allegro.pl/oferta/st-moriz-zestaw-mus-blyskawiczny-200ml-rekawica-7940013903,38,156,5.0,3.0
uroda,Pielęgnacja,Kosmetyki do opalania,ST. MORIZ Zestaw Mus Błyskawiczny 200ml + Rękawica,https://allegro.pl/oferta/st-moriz-zestaw-mus-blyskawiczny-200ml-rekawica-8166996291,54,91,1.0,0.0
uroda,Pielęgnacja,Kosmetyki do opalania,LIRENE NAWILŻAJĄCA MGIEŁKA DO OPALANIA 30 SPF,https://allegro.pl/oferta/lirene-nawilzajaca-mgielka-do-opalania-30-spf-8818218000,7,179,6.0,10.0
uroda,Pielęgnacja,Kosmetyki do opalania,ST MORIZ Tanning Mus Szybko Samoopalający 200ml,https://allegro.pl/oferta/st-moriz-tanning-mus-szybko-samoopalajacy-200ml-7513620093,39,68,0.0,3.0
uroda,Pielęgnacja,Szampony,FANOLA NO YELLOW SZAMPON DO WŁOSÓW BLOND 1000,https://allegro.pl/oferta/fanola-no-yellow-szampon-do-wlosow-blond-1000-9132450563,43,470,10.0,1.0
uroda,Pielęgnacja,Szampony,ALFAPARF KERATIN THERAPY ZESTAW SZAMPON ODŻYWKA,https://allegro.pl/oferta/alfaparf-keratin-therapy-zestaw-szampon-odzywka-9132477364,44,365,6.0,0.0
uroda,Pielęgnacja,Szampony,Szampon w kostce Cztery Szpaki 75 g,https://allegro.pl/oferta/szampon-w-kostce-cztery-szpaki-75-g-8970165954,27,259,2.0,10.0
uroda,Pielęgnacja,Szampony,STAPIZ Sleek Line Blond Zestaw XL Szampon Maska 2L,https://allegro.pl/oferta/stapiz-sleek-line-blond-zestaw-xl-szampon-maska-2l-7947073730,44,203,0.0,0.0
uroda,Pielęgnacja,Szampony,CZTERY SZPAKI Szampon do włosów w kostce 75g,https://allegro.pl/oferta/cztery-szpaki-szampon-do-wlosow-w-kostce-75g-9027223127,29,359,6.0,9.0
uroda,Pielęgnacja,Koloryzacja,ALFAPARF FARBA EVOLUTION 60ml +OXYDANT 90ml ZESTAW,https://allegro.pl/oferta/alfaparf-farba-evolution-60ml-oxydant-90ml-zestaw-7551422789,25,479,10.0,1.0
uroda,Pielęgnacja,Koloryzacja,MATRIX FARBA COLOR SYNC BEZ AMONIAKU TON W TON90ml,https://allegro.pl/oferta/matrix-farba-color-sync-bez-amoniaku-ton-w-ton90ml-7962246140,23,334,0.0,0.0
uroda,Pielęgnacja,Koloryzacja,MATRIX COLOR SHEER TONER DO WŁOSÓW 90ML ASH,https://allegro.pl/oferta/matrix-color-sheer-toner-do-wlosow-90ml-ash-8566721949,26,77,6.0,2.0
uroda,Pielęgnacja,Koloryzacja,ALLWAVES PROFESJONALNA FARBA DO WŁOSÓW 100 ml,https://allegro.pl/oferta/allwaves-profesjonalna-farba-do-wlosow-100-ml-7695559051,12,275,5.0,10.0
uroda,Pielęgnacja,Koloryzacja,FARBA LA RICHE Directions TONER FARBA SILVER,https://allegro.pl/oferta/farba-la-riche-directions-toner-farba-silver-8197830775,14,102,1.0,9.0
uroda,Manicure i pedicure,Lakiery hybrydowe,SUNONE LAKIER HYBRYDOWY UV/LED 5 ml,https://allegro.pl/oferta/sunone-lakier-hybrydowy-uv-led-5-ml-7952378359,9,1190,10.0,9.0
uroda,Manicure i pedicure,Lakiery hybrydowe,Semilac Lakier hybrydowy 7ml dużo kolorów,https://allegro.pl/oferta/semilac-lakier-hybrydowy-7ml-duzo-kolorow-8354264440,14,247,1.0,8.0
uroda,Manicure i pedicure,Lakiery hybrydowe,LAKIERY HYBRYDOWE DO MANICURE TNS 120 KOLORÓW 8ml,https://allegro.pl/oferta/lakiery-hybrydowe-do-manicure-tns-120-kolorow-8ml-7183577590,4,436,2.0,10.0
uroda,Manicure i pedicure,Lakiery hybrydowe,SEMILAC Lakier hybrydowy do paznokci Kolory 7ml,https://allegro.pl/oferta/semilac-lakier-hybrydowy-do-paznokci-kolory-7ml-8537905206,14,248,1.0,8.0
uroda,Manicure i pedicure,Lakiery hybrydowe,NeoNail Lakier hybrydowy Wszystkie kolory z palety,https://allegro.pl/oferta/neonail-lakier-hybrydowy-wszystkie-kolory-z-palety-7006044023,45,188,0.0,0.0
uroda,Manicure i pedicure,Lampy UV i LED,Lampa do paznokci SUN 1 UV LED 48w żele hybrydy,https://allegro.pl/oferta/lampa-do-paznokci-sun-1-uv-led-48w-zele-hybrydy-8691008065,49,881,10.0,10.0
uroda,Manicure i pedicure,Lampy UV i LED,SUNONE PRO1 Lampa UV LED 48W Hybrydy Żele,https://allegro.pl/oferta/sunone-pro1-lampa-uv-led-48w-hybrydy-zele-7801608088,89,662,6.0,0.0
uroda,Manicure i pedicure,Lampy UV i LED,Lampa do paznokci SUN LED 5 UV DUAL 48W one HYBRYD,https://allegro.pl/oferta/lampa-do-paznokci-sun-led-5-uv-dual-48w-one-hybryd-8741566322,52,434,1.0,9.0
uroda,Manicure i pedicure,Lampy UV i LED,SUNONE PRO2 Lampa UV LED 48W Hybrydy Żele,https://allegro.pl/oferta/sunone-pro2-lampa-uv-led-48w-hybrydy-zele-8240971020,59,576,4.0,7.0
uroda,Manicure i pedicure,Lampy UV i LED,LAMPA 48W LED/UV DO PAZNOKCI HYBRYDY ŻELE 30 DIOD!,https://allegro.pl/oferta/lampa-48w-led-uv-do-paznokci-hybrydy-zele-30-diod-8169106566,47,394,0.0,10.0
uroda,Manicure i pedicure,Frezarki do paznokci,FREZARKA DO PAZNOKCI MANICURE PEDICURE + FREZY,https://allegro.pl/oferta/frezarka-do-paznokci-manicure-pedicure-frezy-9008631472,29,1402,10.0,10.0
uroda,Manicure i pedicure,Frezarki do paznokci,FREZARKA manicure pedicure hybrydy żele mocna 65W,https://allegro.pl/oferta/frezarka-manicure-pedicure-hybrydy-zele-mocna-65w-7570921634,159,870,5.0,0.0
uroda,Manicure i pedicure,Frezarki do paznokci,Frezarka do Paznokci Manicure Pedicure + Frezy,https://allegro.pl/oferta/frezarka-do-paznokci-manicure-pedicure-frezy-6897547073,45,582,3.0,9.0
uroda,Manicure i pedicure,Frezarki do paznokci,FREZARKA DO PAZNOKCI MANICURE PEDICURE 201 + FREZY,https://allegro.pl/oferta/frezarka-do-paznokci-manicure-pedicure-201-frezy-7521982445,53,465,2.0,8.0
uroda,Manicure i pedicure,Frezarki do paznokci,ZESTAW PIELĘGNACYJNY MANICURE/PEDICURE PROFICARE,https://allegro.pl/oferta/zestaw-pielegnacyjny-manicure-pedicure-proficare-7186501344,40,234,0.0,9.0
uroda,Manicure i pedicure,Akcesoria i przybory,SCHOLL elektryczny pilnik do stóp Velvet Smooth,https://allegro.pl/oferta/scholl-elektryczny-pilnik-do-stop-velvet-smooth-8974660526,68,525,10.0,7.0
uroda,Manicure i pedicure,Akcesoria i przybory,KUFEREK KOSMETYCZNY NA KOSMETYKI LAKIERY kolory,https://allegro.pl/oferta/kuferek-kosmetyczny-na-kosmetyki-lakiery-kolory-7550340145,44,90,0.0,10.0
uroda,Manicure i pedicure,Akcesoria i przybory,KUFEREK KOSMETYCZNY XL 3D DUŻY NA LAKIERY I LAMPĘ,https://allegro.pl/oferta/kuferek-kosmetyczny-xl-3d-duzy-na-lakiery-i-lampe-9213837648,139,246,4.0,0.0
uroda,Manicure i pedicure,Akcesoria i przybory,SCHOLL pilnik do stóp elektryczny krem do pięt K+,https://allegro.pl/oferta/scholl-pilnik-do-stop-elektryczny-krem-do-piet-k-8980946558,99,257,4.0,4.0
uroda,Manicure i pedicure,Akcesoria i przybory,KUFEREK KOSMETYCZNY XL 3D NA LAKIERY I LAMPĘ DUŻY,https://allegro.pl/oferta/kuferek-kosmetyczny-xl-3d-na-lakiery-i-lampe-duzy-9214262816,117,191,2.0,2.0
uroda,Manicure i pedicure,Akryle i żele,FLEXY GEL POLY AKRYLOŻEL ZESTAW DUŻY 120szt FORM,https://allegro.pl/oferta/flexy-gel-poly-akrylozel-zestaw-duzy-120szt-form-8840444453,23,820,10.0,10.0
uroda,Manicure i pedicure,Akryle i żele,FLEXY GEL ACRYLGEL POLY AKRYLOŻEL 30g FORMY 120szt,https://allegro.pl/oferta/flexy-gel-acrylgel-poly-akrylozel-30g-formy-120szt-8843533164,44,306,0.0,2.0
uroda,Manicure i pedicure,Akryle i żele,ZESTAW ŻELOWY DO MANICURE 7X ŻEL AKCESORIA OZDOBY,https://allegro.pl/oferta/zestaw-zelowy-do-manicure-7x-zel-akcesoria-ozdoby-7561430168,50,501,4.0,0.0
uroda,Manicure i pedicure,Akryle i żele,Zestaw Acrylgel poly AKRYLOŻEL 30ml + Formy Dual,https://allegro.pl/oferta/zestaw-acrylgel-poly-akrylozel-30ml-formy-dual-7940371510,35,426,3.0,6.0
uroda,Manicure i pedicure,Akryle i żele,ZESTAW ŻELOWY UV DO PAZNOKCI ŻEL WACIKI SZABLONY,https://allegro.pl/oferta/zestaw-zelowy-uv-do-paznokci-zel-waciki-szablony-7166797557,24,284,0.0,10.0
uroda,Manicure i pedicure,Odżywki do paznokci,OLIWKA DO SKÓREK PAZNOKCI SILCARE ŻELOWY,https://allegro.pl/oferta/oliwka-do-skorek-paznokci-silcare-zelowy-7690404734,5,243,4.0,10.0
uroda,Manicure i pedicure,Odżywki do paznokci,Silcare Oliwka do Skórek i Paznokci Zapachy 15 ml,https://allegro.pl/oferta/silcare-oliwka-do-skorek-i-paznokci-zapachy-15-ml-6221172223,6,431,0.0,0.0
uroda,Manicure i pedicure,Odżywki do paznokci,Sally Hansen INSTANT CUTICLE REMOVER Żel na Skórki,https://allegro.pl/oferta/sally-hansen-instant-cuticle-remover-zel-na-skorki-6165524079,14,193,3.0,8.0
uroda,Manicure i pedicure,Odżywki do paznokci,ARKADA SERUM KOLAGENOWE TC16 + krem do rąk GRATIS!,https://allegro.pl/oferta/arkada-serum-kolagenowe-tc16-krem-do-rak-gratis-8832336818,64,112,0.0,9.0
uroda,Manicure i pedicure,Odżywki do paznokci,Oliwka Do Skórek i Paznokci z Pipetą Zapachy 75ml,https://allegro.pl/oferta/oliwka-do-skorek-i-paznokci-z-pipeta-zapachy-75ml-7885112141,9,127,10.0,10.0
uroda,Manicure i pedicure,Lakiery do paznokci,LAKIER MAGNETYCZNY MAGNETIC LA FEMME 13ml,https://allegro.pl/oferta/lakier-magnetyczny-magnetic-la-femme-13ml-8223100673,4,93,1.0,9.0
uroda,Manicure i pedicure,Lakiery do paznokci,SEMILAC LAKIER DO PAZNOKCI FAST DRY C238,https://allegro.pl/oferta/semilac-lakier-do-paznokci-fast-dry-c238-8681443636,14,163,0.0,10.0
uroda,Manicure i pedicure,Lakiery do paznokci,LAKIER DO STEMPLI STEMPELKÓW WZORKÓW BLASZEK GĘSTY,https://allegro.pl/oferta/lakier-do-stempli-stempelkow-wzorkow-blaszek-gesty-6184863914,3,58,4.0,3.0
uroda,Manicure i pedicure,Lakiery do paznokci,GĘSTY LAKIER DO STEMPLI WZORKÓW BLASZEK STAMPING,https://allegro.pl/oferta/gesty-lakier-do-stempli-wzorkow-blaszek-stamping-6253643417,3,90,10.0,0.0
uroda,Manicure i pedicure,Lakiery do paznokci,Regenerum serum do paznokcie 8ml,https://allegro.pl/oferta/regenerum-serum-do-paznokcie-8ml-8931636431,19,327,2.0,3.0
uroda,Manicure i pedicure,Zdobienie paznokci,NAKLEJKI WODNE NA PAZNOKCIE KALKOMANIA KWIATKI,https://allegro.pl/oferta/naklejki-wodne-na-paznokcie-kalkomania-kwiatki-7653849771,1,188,3.0,10.0
uroda,Manicure i pedicure,Zdobienie paznokci,EFEKT KAMELEON MIRROR PYŁEK CHROM LUSTRO + GRATIS,https://allegro.pl/oferta/efekt-kameleon-mirror-pylek-chrom-lustro-gratis-6601003638,7,232,4.0,0.0
uroda,Manicure i pedicure,Zdobienie paznokci,NAKLEJKI WODNE NA PAZNOKCIE KALKOMANIA 5+1 GRATIS,https://allegro.pl/oferta/naklejki-wodne-na-paznokcie-kalkomania-5-1-gratis-6728215962,1,95,0.0,10.0
uroda,Manicure i pedicure,Zdobienie paznokci,EFEKT SYRENKI PYŁEK SYRENKA OPALIZUJĄCY,https://allegro.pl/oferta/efekt-syrenki-pylek-syrenka-opalizujacy-5657746032,2,400,10.0,8.0
uroda,Manicure i pedicure,Zdobienie paznokci,3+1 FOLIA TRANSFEROWA OZDOBA NA LAKIER DO PAZNOKCI,https://allegro.pl/oferta/3-1-folia-transferowa-ozdoba-na-lakier-do-paznokci-7149874067,6,240,5.0,2.0
uroda,Manicure i pedicure,Zestawy do hybryd,SEMILAC ZESTAW DO HYBRYD LED 36W TRY ME + KOLOR,https://allegro.pl/oferta/semilac-zestaw-do-hybryd-led-36w-try-me-kolor-8998714589,119,394,9.0,9.0
uroda,Manicure i pedicure,Zestawy do hybryd,Zestaw do PRZEDŁUŻANIA Hybryd ŻEL LAMPA + FREZARKA,https://allegro.pl/oferta/zestaw-do-przedluzania-hybryd-zel-lampa-frezarka-7928081884,179,336,6.0,2.0
uroda,Manicure i pedicure,Zestawy do hybryd,ZESTAW do przedłużania HYBRYD ŻEL LAMPA + FREZARKA,https://allegro.pl/oferta/zestaw-do-przedluzania-hybryd-zel-lampa-frezarka-7598605724,159,289,3.0,4.0
uroda,Manicure i pedicure,Zestawy do hybryd,NeoNail Zestaw 3xLakier Hybrydowy Lampa LED 21W/48,https://allegro.pl/oferta/neonail-zestaw-3xlakier-hybrydowy-lampa-led-21w-48-6950669517,199,422,10.0,0.0
uroda,Manicure i pedicure,Zestawy do hybryd,ZESTAW do przedłużania HYBRYD żel lampa SUNONE 48W,https://allegro.pl/oferta/zestaw-do-przedluzania-hybryd-zel-lampa-sunone-48w-7783063140,109,227,0.0,10.0
uroda,Makijaż,Makijaż oczu,BOURJOIS CIENIE DO BRWI BROW PALETTE 01 BLOND,https://allegro.pl/oferta/bourjois-cienie-do-brwi-brow-palette-01-blond-7931770820,8,992,10.0,8.0
uroda,Makijaż,Makijaż oczu,SZTUCZNE RZĘSY JEDWABNE 5D NA PASKU WYSOKA JAKOŚĆ,https://allegro.pl/oferta/sztuczne-rzesy-jedwabne-5d-na-pasku-wysoka-jakosc-8268713392,3,408,0.0,10.0
uroda,Makijaż,Makijaż oczu,SZTUCZNE RZĘSY JEDWABNE 5D NA PASKU WYSOKA JAKOŚĆ,https://allegro.pl/oferta/sztuczne-rzesy-jedwabne-5d-na-pasku-wysoka-jakosc-9182339299,3,877,8.0,10.0
uroda,Makijaż,Makijaż oczu,RefectoCil HENNA ZESTAW WODA PĘDZELEK KIELISZEK,https://allegro.pl/oferta/refectocil-henna-zestaw-woda-pedzelek-kieliszek-6779761970,29,624,4.0,0.0
uroda,Makijaż,Makijaż oczu,Rzęsy magnetyczne 2 rodzaje + lusterko + pęseta,https://allegro.pl/oferta/rzesy-magnetyczne-2-rodzaje-lusterko-peseta-7950667167,22,393,0.0,3.0
uroda,Makijaż,Makijaż twarzy,LIRENE NO MASK PŁYNNY FLUID + SERUM 00 PORCELANOWY,https://allegro.pl/oferta/lirene-no-mask-plynny-fluid-serum-00-porcelanowy-9118451706,7,1000,10.0,9.0
uroda,Makijaż,Makijaż twarzy,REVLON Colorstay Podkład Z POMPKĄ Sucha 110 Ivory,https://allegro.pl/oferta/revlon-colorstay-podklad-z-pompka-sucha-110-ivory-7023284527,9,338,2.0,8.0
uroda,Makijaż,Makijaż twarzy,LOREAL TRUE MATCH 30ML PODKŁAD DO TWARZY,https://allegro.pl/oferta/loreal-true-match-30ml-podklad-do-twarzy-9228226792,24,202,0.0,1.0
uroda,Makijaż,Makijaż twarzy,MATUJĄCY PODKŁAD NINA RICCI TEINT CONTROLE 9ml,https://allegro.pl/oferta/matujacy-podklad-nina-ricci-teint-controle-9ml-8028869347,5,573,5.0,10.0
uroda,Makijaż,Makijaż twarzy,BOURJOIS HEALTHY MIX PODKŁAD-wszystkie kolory,https://allegro.pl/oferta/bourjois-healthy-mix-podklad-wszystkie-kolory-7165484015,25,887,9.0,0.0
uroda,Makijaż,Makijaż ust,MAX FACTOR POMADKA DO UST BALSAM 05 Intensifying,https://allegro.pl/oferta/max-factor-pomadka-do-ust-balsam-05-intensifying-8816498267,11,573,6.0,0.0
uroda,Makijaż,Makijaż ust,POMADKA BOURJOIS ROUGE LAQUE 04 SELFPEACH!,https://allegro.pl/oferta/pomadka-bourjois-rouge-laque-04-selfpeach-8981304316,6,786,10.0,7.0
uroda,Makijaż,Makijaż ust,ASTOR LIQUID KISS POMADKA DO UST,https://allegro.pl/oferta/astor-liquid-kiss-pomadka-do-ust-8312517692,4,394,2.0,10.0
uroda,Makijaż,Makijaż ust,REVLON VITAL RADIANCE POMADKA DO UST NAWILŻAJĄCA,https://allegro.pl/oferta/revlon-vital-radiance-pomadka-do-ust-nawilzajaca-7780614393,4,388,2.0,10.0
uroda,Makijaż,Makijaż ust,BOURJOIS ROUGE EDITION VELVET MATOWA POMADKA,https://allegro.pl/oferta/bourjois-rouge-edition-velvet-matowa-pomadka-7930634396,9,263,0.0,3.0
uroda,Makijaż,Tusze do rzęs,Maybelline Tusz Do Rzęs Lash Sensational Black,https://allegro.pl/oferta/maybelline-tusz-do-rzes-lash-sensational-black-7475443346,19,322,9.0,5.0
uroda,Makijaż,Tusze do rzęs,LOREAL PARIS VOLUME MILLION LASHES SO COUTURE TUSZ,https://allegro.pl/oferta/loreal-paris-volume-million-lashes-so-couture-tusz-7719341968,21,327,10.0,0.0
uroda,Makijaż,Tusze do rzęs,Maskara pogrubia Bourjois Twist Up Ultra Black 8ml,https://allegro.pl/oferta/maskara-pogrubia-bourjois-twist-up-ultra-black-8ml-7527242938,24,337,9.0,3.0
uroda,Makijaż,Tusze do rzęs,MASTERPIECE MAX WYDŁUŻAJĄCY TUSZ MAX FACTOR,https://allegro.pl/oferta/masterpiece-max-wydluzajacy-tusz-max-factor-4991934691,18,170,0.0,6.0
uroda,Makijaż,Tusze do rzęs,TUSZ DO RZĘS EVELINE VOLUME WYDŁUŻA POGRUBIA 9ml,https://allegro.pl/oferta/tusz-do-rzes-eveline-volume-wydluza-pogrubia-9ml-9218788218,14,195,1.0,10.0
uroda,Makijaż,Podkłady,LIRENE NO MASK PŁYNNY FLUID + SERUM 00 PORCELANOWY,https://allegro.pl/oferta/lirene-no-mask-plynny-fluid-serum-00-porcelanowy-9118451706,7,1000,10.0,9.0
uroda,Makijaż,Podkłady,REVLON Colorstay Podkład Z POMPKĄ Sucha 110 Ivory,https://allegro.pl/oferta/revlon-colorstay-podklad-z-pompka-sucha-110-ivory-7023284527,9,338,2.0,8.0
uroda,Makijaż,Podkłady,LOREAL TRUE MATCH 30ML PODKŁAD DO TWARZY,https://allegro.pl/oferta/loreal-true-match-30ml-podklad-do-twarzy-9228226792,24,202,0.0,1.0
uroda,Makijaż,Podkłady,MATUJĄCY PODKŁAD NINA RICCI TEINT CONTROLE 9ml,https://allegro.pl/oferta/matujacy-podklad-nina-ricci-teint-controle-9ml-8028869347,5,573,5.0,10.0
uroda,Makijaż,Podkłady,BOURJOIS HEALTHY MIX PODKŁAD-wszystkie kolory,https://allegro.pl/oferta/bourjois-healthy-mix-podklad-wszystkie-kolory-7165484015,25,887,9.0,0.0
uroda,Makijaż,Kremy BB,Bourjois Healthy Mix Lekki Krem BB 02 Medium 30ml,https://allegro.pl/oferta/bourjois-healthy-mix-lekki-krem-bb-02-medium-30ml-7977088569,25,280,10.0,10.0
uroda,Makijaż,Kremy BB,Bourjois Healthy Mix Lekki Krem BB 01 02 03 30ml,https://allegro.pl/oferta/bourjois-healthy-mix-lekki-krem-bb-01-02-03-30ml-7977088614,25,50,1.0,10.0
uroda,Makijaż,Kremy BB,VIANEK ŁAGODZĄCY KREM BB SPF15 - JASNY 50ML,https://allegro.pl/oferta/vianek-lagodzacy-krem-bb-spf15-jasny-50ml-7968304404,29,12,0.0,6.0
uroda,Makijaż,Kremy BB,MISSHA Perfect Cover - Krem BB No.25 20ml,https://allegro.pl/oferta/missha-perfect-cover-krem-bb-no-25-20ml-9129637597,34,17,0.0,0.0
uroda,Makijaż,Kremy BB,MISSHA Perfect Cover - Krem BB No.23 20ml,https://allegro.pl/oferta/missha-perfect-cover-krem-bb-no-23-20ml-9127966031,34,14,0.0,0.0
uroda,Makijaż,Pędzle do makijażu,ZESTAW PROFESJONALNYCH PĘDZLI DO MAKIJAŻU 12 SZTUK,https://allegro.pl/oferta/zestaw-profesjonalnych-pedzli-do-makijazu-12-sztuk-8294570040,24,1766,10.0,6.0
uroda,Makijaż,Pędzle do makijażu,ZESTAW PROFESJONALNYCH PĘDZLI DO MAKIJAŻU 12 SZTUK,https://allegro.pl/oferta/zestaw-profesjonalnych-pedzli-do-makijazu-12-sztuk-7830668264,14,425,1.0,10.0
uroda,Makijaż,Pędzle do makijażu,LELANI ZESTAW PROFESJONALNYCH PĘDZLI MAKIJAŻ 10szt,https://allegro.pl/oferta/lelani-zestaw-profesjonalnych-pedzli-makijaz-10szt-6762063935,13,495,2.0,10.0
uroda,Makijaż,Pędzle do makijażu,ZESTAW PĘDZLI DO MAKIJAŻU LELANI 18 SZTUK + ETUI,https://allegro.pl/oferta/zestaw-pedzli-do-makijazu-lelani-18-sztuk-etui-7019955151,28,544,2.0,5.0
uroda,Makijaż,Pędzle do makijażu,ZESTAW 30 PĘDZLI DO MAKIJAŻU CIENIE NUDE + GRATISY,https://allegro.pl/oferta/zestaw-30-pedzli-do-makijazu-cienie-nude-gratisy-8118435778,44,208,0.0,0.0
uroda,Makijaż,Sztuczne rzęsy,SZTUCZNE RZĘSY JEDWABNE 5D NA PASKU WYSOKA JAKOŚĆ,https://allegro.pl/oferta/sztuczne-rzesy-jedwabne-5d-na-pasku-wysoka-jakosc-8268713392,3,408,4.0,10.0
uroda,Makijaż,Sztuczne rzęsy,SZTUCZNE RZĘSY JEDWABNE 5D NA PASKU WYSOKA JAKOŚĆ,https://allegro.pl/oferta/sztuczne-rzesy-jedwabne-5d-na-pasku-wysoka-jakosc-9182339299,3,877,10.0,10.0
uroda,Makijaż,Sztuczne rzęsy,Rzęsy magnetyczne 2 rodzaje + lusterko + pęseta,https://allegro.pl/oferta/rzesy-magnetyczne-2-rodzaje-lusterko-peseta-7950667167,22,393,4.0,0.0
uroda,Makijaż,Sztuczne rzęsy,SZTUCZNE RZĘSY MAGNETYCZNE + PĘSETA + SZCZOTECZKA,https://allegro.pl/oferta/sztuczne-rzesy-magnetyczne-peseta-szczoteczka-8223015373,14,82,0.0,4.0
uroda,Makijaż,Sztuczne rzęsy,SZTUCZNE RZĘSY JEDWABNE 5D NA PASKU WYSOKA JAKOŚĆ,https://allegro.pl/oferta/sztuczne-rzesy-jedwabne-5d-na-pasku-wysoka-jakosc-8269623941,3,276,2.0,10.0
uroda,Makijaż,Palety do makijażu,KUFEREK NA KOSMETYKI MAKIJAŻ PALETA CIENI ZESTAW!,https://allegro.pl/oferta/kuferek-na-kosmetyki-makijaz-paleta-cieni-zestaw-7518176669,99,81,0.0,5.0
uroda,Makijaż,Palety do makijażu,PALETA CIENI 120 KOLORÓW DO MAKIJAŻU POWIEK ZESTAW,https://allegro.pl/oferta/paleta-cieni-120-kolorow-do-makijazu-powiek-zestaw-7358320475,40,333,10.0,9.0
uroda,Makijaż,Palety do makijażu,PALETA CIENI PALETKA 18 KOLORÓW DO MAKIJAŻU POWIEK,https://allegro.pl/oferta/paleta-cieni-paletka-18-kolorow-do-makijazu-powiek-9193585719,28,150,3.0,10.0
uroda,Makijaż,Palety do makijażu,DUŻY KUFEREK NA KOSMETYKI MAKIJAŻ PALETA ZESTAW,https://allegro.pl/oferta/duzy-kuferek-na-kosmetyki-makijaz-paleta-zestaw-7159251956,159,82,0.0,0.0
uroda,Makijaż,Palety do makijażu,AG167A PALETA 252 CIENI DO MAKIJAŻU POWIEK MAKEUP,https://allegro.pl/oferta/ag167a-paleta-252-cieni-do-makijazu-powiek-makeup-8319394497,59,102,1.0,8.0
uroda,Perfumy,Zapachy dla kobiet,*AVON* CELEBRE WODA TOALETOWA 50 ML BEZ DOPŁAT,https://allegro.pl/oferta/avon-celebre-woda-toaletowa-50-ml-bez-doplat-5504699092,16,688,10.0,10.0
uroda,Perfumy,Zapachy dla kobiet,*AVON* LITTLE BLACK DRESS 50 ml FOLIA OD RĘKI ;),https://allegro.pl/oferta/avon-little-black-dress-50-ml-folia-od-reki-7483899533,25,669,10.0,8.0
uroda,Perfumy,Zapachy dla kobiet,*AVON* WODA PERFUMOWANA VIVA LA VITA NOWOŚĆ 50 ML,https://allegro.pl/oferta/avon-woda-perfumowana-viva-la-vita-nowosc-50-ml-7585108425,25,575,8.0,8.0
uroda,Perfumy,Zapachy dla kobiet,Perfumy Armani Si / Armani IS edp 100ml,https://allegro.pl/oferta/perfumy-armani-si-armani-is-edp-100ml-9039780666,59,77,0.0,0.0
uroda,Perfumy,Zapachy dla kobiet,AVON PERCEIVE WODA PERFUM. 50ML FOLIA - OKAZJA,https://allegro.pl/oferta/avon-perceive-woda-perfum-50ml-folia-okazja-8183059356,23,380,5.0,8.0
uroda,Perfumy,Zapachy dla mężczyzn,Perfumy męskie David Beckham Classic Blue 90 ml,https://allegro.pl/oferta/perfumy-meskie-david-beckham-classic-blue-90-ml-6975222534,49,419,10.0,10.0
uroda,Perfumy,Zapachy dla mężczyzn,Dior Sauvage 100ML EDP - zapach męski,https://allegro.pl/oferta/dior-sauvage-100ml-edp-zapach-meski-9193594540,131,183,3.0,0.0
uroda,Perfumy,Zapachy dla mężczyzn,FLAKON JAGUAR CLASSIC BLACK 100ML EDT PERFUMY,https://allegro.pl/oferta/flakon-jaguar-classic-black-100ml-edt-perfumy-7277699076,45,258,5.0,10.0
uroda,Perfumy,Zapachy dla mężczyzn,2 GRATISY Zapach GIORGIO ARMANI ACQUA DI GIO 100ml,https://allegro.pl/oferta/2-gratisy-zapach-giorgio-armani-acqua-di-gio-100ml-9027641473,122,69,0.0,1.0
uroda,Perfumy,Zapachy dla mężczyzn,ONE MILLION Paco Rebane 1 Milion PERFUMY MĘSKIE,https://allegro.pl/oferta/one-million-paco-rebane-1-milion-perfumy-meskie-8851239168,65,69,0.0,8.0
uroda,Perfumy,Testery,PERFUMY MOSCHINO I LOVE LOVE 100ml EDT TESTER,https://allegro.pl/oferta/perfumy-moschino-i-love-love-100ml-edt-tester-6030166057,109,41,4.0,4.0
uroda,Perfumy,Testery,TESTER DAVID BECKHAM CLASSIC BLUE 90ML PERFUMY,https://allegro.pl/oferta/tester-david-beckham-classic-blue-90ml-perfumy-6649575720,40,79,10.0,10.0
uroda,Perfumy,Testery,DKNY WOMAN DONNA KARAN 100ml EDP TESTER PERFUMY,https://allegro.pl/oferta/dkny-woman-donna-karan-100ml-edp-tester-perfumy-6356978483,149,18,1.0,0.0
uroda,Perfumy,Testery,PERFUMY AZZARO CHROME 100ml WODA TOALETOWA TESTER,https://allegro.pl/oferta/perfumy-azzaro-chrome-100ml-woda-toaletowa-tester-6388149475,109,53,6.0,4.0
uroda,Perfumy,Testery,RIHANNA REB'L FLEUR 100ML EDP TESTER +GRATIS,https://allegro.pl/oferta/rihanna-reb-l-fleur-100ml-edp-tester-gratis-6733353665,65,10,0.0,8.0
uroda,Perfumy,Zestawy,avon_Zestaw upominkowy FAR AWAY _ 3szt w pudełku,https://allegro.pl/oferta/avon-zestaw-upominkowy-far-away-3szt-w-pudelku-8419562933,29,46,10.0,10.0
uroda,Perfumy,Zestawy,AVON LITTLE BLACK DRESS ROLL ON+BALSAM+EDP50+TORBA,https://allegro.pl/oferta/avon-little-black-dress-roll-on-balsam-edp50-torba-8074713556,49,22,5.0,9.0
uroda,Perfumy,Zestawy,AVON_ Wild Country_75ml,https://allegro.pl/oferta/avon-wild-country-75ml-9146376763,24,27,6.0,10.0
uroda,Perfumy,Zestawy,Paco Rabanne One Million Set For Men zestaw męski,https://allegro.pl/oferta/paco-rabanne-one-million-set-for-men-zestaw-meski-9097370208,363,0,0.0,0.0
uroda,Perfumy,Zestawy,CUBA GOLD ZESTAW EDT 100ml + AS 100ml + BREROK,https://allegro.pl/oferta/cuba-gold-zestaw-edt-100ml-as-100ml-brerok-6975675526,29,4,1.0,10.0
